# Alias OBJ Model File
# Exported from SketchUp, (c) 2000-2012 Trimble Navigation Limited
# File units = millimeters

mtllib turret_base.mtl

g Mesh1 Model

usemtl Color_000
v 2040.33 304.8 -790.704
vt -24.2035 -56.8089
vn 0.441726 0.780869 -0.441726
v 2052.44 304.8 -774.922
vt -24.9866 -56.8089
vn 0.541002 0.780869 -0.312348
v 2382.4 0 -965.422
vt -26.9445 -75.9182
v 2309.74 0 -1060.11
vt -22.2456 -75.9182
f 1/1/1 2/2/2 3/3/2 4/4/1 

usemtl FrontColor
v 1580.97 304.8 -777.967
vt 62.2429 30.6286
vn 0 1 -0
v 1688.22 304.8 -777.967
vt 66.4653 30.6286
v 1698.68 304.8 -776.591
vt 66.877 30.5744
v 1708.42 304.8 -772.555
vt 67.2606 30.4155
v 1714.29 304.8 -768.053
vt 67.4916 30.2383
v 1716.79 304.8 -766.134
vt 67.59 30.1628
v 1723.21 304.8 -757.767
vt 67.8428 29.8333
v 1727.24 304.8 -748.023
vt 68.0017 29.4497
v 1728.62 304.8 -737.566
vt 68.0559 29.038
v 1727.24 304.8 -727.109
vt 68.0017 28.6263
v 1723.21 304.8 -717.365
vt 67.8428 28.2427
v 1716.79 304.8 -708.998
vt 67.59 27.9133
v 1714.29 304.8 -707.079
vt 67.4916 27.8378
v 1708.42 304.8 -702.577
vt 67.2606 27.6605
v 1698.68 304.8 -698.541
vt 66.877 27.5016
v 1688.22 304.8 -697.165
vt 66.4653 27.4474
v 1580.77 304.8 -697.165
vt 62.2352 27.4474
v 1591.13 304.8 -618.49
vt 62.6429 24.35
v 1986.45 304.8 -618.49
vt 78.2068 24.35
v 2006.17 304.8 -663.219
vt 78.9832 26.111
v 2024.55 304.8 -670.831
vt 79.7068 26.4107
v 2040.33 304.8 -682.941
vt 80.3281 26.8874
v 2052.44 304.8 -698.722
vt 80.8048 27.5088
v 2060.06 304.8 -717.1
vt 81.1045 28.2323
v 2062.65 304.8 -736.822
vt 81.2068 29.0088
v 2060.06 304.8 -756.544
vt 81.1045 29.7852
vt 80.8048 30.5088
vt 80.3281 31.1301
v 2024.55 304.8 -802.813
vt 79.7068 31.6068
v 2006.17 304.8 -810.426
vt 78.9832 31.9065
v 1986.45 304.8 -855.154
vt 78.2068 33.6675
v 1591.13 304.8 -855.154
vt 62.6429 33.6675
f 5/5/3 6/6/3 7/7/3 8/8/3 9/9/3 10/10/3 11/11/3 12/12/3 13/13/3 14/14/3 15/15/3 16/16/3 17/17/3 18/18/3 19/19/3 20/20/3 21/21/3 22/22/3 23/23/3 24/24/3 25/25/3 26/26/3 27/27/3 28/28/3 29/29/3 30/30/3 2/31/3 1/32/3 31/33/3 32/34/3 33/35/3 34/36/3 

vt -66.4653 12
vn 0 0 -1
vt -62.2429 12
v 1580.97 307.8 -777.967
vt -62.2429 12.1181
v 1688.22 307.8 -777.967
vt -66.4653 12.1181
f 6/37/4 5/38/4 35/39/4 36/40/4 

v 1579.51 304.8 -768.053
vt 62.1853 30.2383
v 1579.66 304.8 -768.053
vt 62.1915 30.2383
v 1688.22 304.8 -768.053
vt 66.4653 30.2383
v 1696.11 304.8 -767.014
vt 66.776 30.1974
v 1703.46 304.8 -763.968
vt 67.0654 30.0775
v 1709.78 304.8 -759.123
vt 67.314 29.8868
v 1714.62 304.8 -752.809
vt 67.5048 29.6382
v 1717.67 304.8 -745.457
vt 67.6247 29.3487
v 1718.71 304.8 -737.566
vt 67.6656 29.038
v 1717.67 304.8 -729.675
vt 67.6247 28.7274
v 1714.62 304.8 -722.322
vt 67.5048 28.4379
v 1709.78 304.8 -716.008
vt 67.314 28.1893
v 1703.46 304.8 -711.163
vt 67.0654 27.9986
v 1696.11 304.8 -708.118
vt 66.776 27.8787
v 1688.22 304.8 -707.079
vt 66.4653 27.8378
v 1579.36 304.8 -707.079
vt 62.1795 27.8378
v 1576.49 304.8 -706.687
vt 62.0667 27.8223
v 1577.8 304.8 -696.773
vt 62.1181 27.432
v 1577.99 304.8 -778.359
vt 62.1258 30.6441
v 1576.69 304.8 -768.444
vt 62.0744 30.2537
f 37/41/3 38/42/3 39/43/3 40/44/3 41/45/3 42/46/3 43/47/3 44/48/3 45/49/3 46/50/3 47/51/3 48/52/3 49/53/3 50/54/3 51/55/3 52/56/3 53/57/3 54/58/3 21/21/3 20/20/3 19/19/3 18/18/3 17/17/3 16/16/3 15/15/3 14/14/3 13/13/3 12/12/3 11/11/3 10/10/3 9/9/3 8/8/3 7/7/3 6/6/3 5/5/3 55/59/3 56/60/3 

vt 62.1915 12
vn 0 0 1
vt 66.4653 12
v 1688.22 307.8 -768.053
vt 66.4653 12.1181
v 1579.66 307.8 -768.053
vt 62.1915 12.1181
f 38/61/5 39/62/5 57/63/5 58/64/5 

vt 61.9498 12
vn -0.130526 0 0.991445
vt 62.2631 12
vn -0.258819 0 0.965926
v 1696.11 307.8 -767.014
vt 62.2631 12.1181
vt 61.9498 12.1181
f 39/65/6 40/66/7 59/67/7 57/68/6 

vt 50.1369 12
vt 50.4502 12
vn -0.5 0 0.866025
v 1703.46 307.8 -763.968
vt 50.4502 12.1181
vt 50.1369 12.1181
f 40/69/7 41/70/8 60/71/8 59/72/7 

vt 34.8966 12
vt 35.2099 12
vn -0.707107 0 0.707107
v 1709.78 307.8 -759.123
vt 35.2099 12.1181
vt 34.8966 12.1181
f 41/73/8 42/74/9 61/75/9 60/76/8 

vt 17.2674 12
vt 17.5808 12
vn -0.866025 0 0.5
v 1714.62 307.8 -752.809
vt 17.5808 12.1181
vt 17.2674 12.1181
f 42/77/9 43/78/10 62/79/10 61/80/9 

vt -1.54914 12
vt -1.2358 12
vn -0.965926 0 0.258819
v 1717.67 307.8 -745.457
vt -1.2358 12.1181
vt -1.54914 12.1181
f 43/81/10 44/82/11 63/83/11 62/84/10 

vt -20.2708 12
vt -19.9575 12
vn -1 0 -0
v 1718.71 307.8 -737.566
vt -19.9575 12.1181
vt -20.2708 12.1181
f 44/85/11 45/86/12 64/87/12 63/88/11 

vt -37.6217 12
vt -37.3084 12
vn -0.965926 0 -0.258819
v 1717.67 307.8 -729.675
vt -37.3084 12.1181
vt -37.6217 12.1181
f 45/89/12 46/90/13 65/91/13 64/92/12 

vt -52.4195 12
vt -52.1061 12
vn -0.866025 0 -0.5
v 1714.62 307.8 -722.322
vt -52.1061 12.1181
vt -52.4195 12.1181
f 46/93/13 47/94/14 66/95/14 65/96/13 

vt -63.6556 12
vt -63.3423 12
vn -0.707107 0 -0.707107
v 1709.78 307.8 -716.008
vt -63.3423 12.1181
vt -63.6556 12.1181
f 47/97/14 48/98/15 67/99/15 66/100/14 

vt -70.5644 12
vt -70.251 12
vn -0.5 0 -0.866025
v 1703.46 307.8 -711.163
vt -70.251 12.1181
vt -70.5644 12.1181
f 48/101/15 49/102/16 68/103/16 67/104/15 

vt -72.675 12
vt -72.3616 12
vn -0.258819 0 -0.965926
v 1696.11 307.8 -708.118
vt -72.3616 12.1181
vt -72.675 12.1181
f 49/105/16 50/106/17 69/107/17 68/108/16 

vt -69.8436 12
vt -69.5302 12
vn -0.130526 0 -0.991445
v 1688.22 307.8 -707.079
vt -69.5302 12.1181
vt -69.8436 12.1181
f 50/109/17 51/110/18 70/111/18 69/112/17 

vt -66.4653 12.1179
vn 2.34998e-007 8.51453e-006 -1
vt -66.4653 11.9998
vt -62.1795 11.9998
v 1579.47 307.8 -707.079
vt -62.1838 12.1179
f 70/113/19 51/114/19 52/115/19 71/116/19 

vt -65.2618 11.9061
vn -0.135375 0.00489375 -0.990782
vt -65.3799 12.0242
vt -65.3757 11.9061
f 53/117/20 71/118/20 52/119/20

vt -19.0893 54.5655
vn -0.701057 0.707107 0.092296
v 1580.77 307.8 -697.165
vt -19.0893 54.7325
vt -19.483 54.7325
vt -19.483 54.5655
f 54/120/21 72/121/21 71/122/21 53/123/21 

vt 65.2853 12.1181
vn 0.130526 -1.31705e-017 0.991445
vt 65.1672 12
vt 65.2853 12
f 72/124/22 54/125/22 21/126/22

vt 65.1672 11.6192
vn 0.130501 -0.0198236 0.99125
v 1531.5 -2.25597e-014 -696.773
vt 63.36 -0.383135
v 1534.47 -2.25597e-014 -697.165
vt 63.4781 -0.383135
vt 65.2853 11.6192
f 54/127/23 73/128/23 74/129/23 21/130/23 

vt -19.483 21.5711
vn -0.980389 0.148924 0.129071
v 1530.19 -2.25597e-014 -706.687
vt -19.7209 9.43582
vt -19.3272 9.43582
vt -19.0893 21.5711
f 53/131/24 75/132/24 73/133/24 54/134/24 

vt -63.36 -0.390939
vn -0.130501 0.0198236 -0.99125
vt -65.1672 11.6114
v 1533.17 -2.25597e-014 -707.079
vt -63.4781 -0.390939
f 75/135/25 53/136/25 76/137/25

vt -65.3757 11.6044
vn -0.135348 0.0205118 -0.990586
vt -63.5738 -0.398134
vt -65.2618 11.6044
f 52/138/26 76/139/26 53/140/26

usemtl Color_000
vt 60.3609 27.8378
vt 60.2438 27.8223
vt 60.2952 27.432
vt 60.4123 27.4474
f 76/141/3 75/142/3 73/143/3 74/144/3 

v 1533.17 -32.3 -707.079
vt -63.4781 -1.27165
vn -0.130526 0 -0.991445
v 1530.19 -32.3 -706.687
vt -63.36 -1.27165
vt -63.36 -8.88178e-016
vt -63.4781 -8.88178e-016
f 77/145/27 78/146/27 75/147/27 76/148/27 

vt -60.2438 27.8223
vn 0 -1 -0
vt -60.3609 27.8378
v 1534.47 -32.3 -697.165
vt -60.4123 27.4474
v 1531.5 -32.3 -696.773
vt -60.2952 27.432
f 78/149/28 77/150/28 79/151/28 80/152/28 

usemtl FrontColor
vt -19.7209 -1.27165
vn -0.991445 0 0.130526
vt -19.3272 -1.27165
vt -19.3272 -8.88178e-016
vt -19.7209 -8.88178e-016
f 77/153/29 79/154/29 74/155/29 76/156/29 

v 2428.07 -32.3 -855.154
vt -95.5934 33.6675
v 2443.65 -32.3 -736.822
vt -96.2068 29.0088
v 2428.07 -32.3 -618.49
vt -95.5934 24.35
v 2382.4 -32.3 -508.222
vt -93.7952 20.0088
v 2309.74 -32.3 -413.533
vt -90.9347 16.2808
v 2215.05 -32.3 -340.876
vt -87.2068 13.4203
v 2104.78 -32.3 -295.201
vt -82.8655 11.6221
v 1986.45 -32.3 -279.622
vt -78.2068 11.0088
v 1868.12 -32.3 -295.201
vt -73.548 11.6221
v 1757.85 -32.3 -340.876
vt -69.2068 13.4203
v 1663.16 -32.3 -413.533
vt -65.4788 16.2808
v 1590.51 -32.3 -508.222
vt -62.6183 20.0088
v 1544.83 -32.3 -618.49
vt -60.8201 24.35
v 1529.25 -32.3 -736.822
vt -60.2068 29.0088
v 1533.36 -32.3 -768.053
vt -60.3686 30.2383
v 1534.67 -32.3 -777.967
vt -60.42 30.6286
v 1544.83 -32.3 -855.154
vt -60.8201 33.6675
v 1590.51 -32.3 -965.422
vt -62.6183 38.0088
v 1663.16 -32.3 -1060.11
vt -65.4788 41.7367
v 1757.85 -32.3 -1132.77
vt -69.2068 44.5972
v 1868.12 -32.3 -1178.44
vt -73.548 46.3954
v 1986.45 -32.3 -1194.02
vt -78.2068 47.0088
v 2104.78 -32.3 -1178.44
vt -82.8655 46.3954
v 2215.05 -32.3 -1132.77
vt -87.2068 44.5972
v 2309.74 -32.3 -1060.11
vt -90.9347 41.7367
v 2382.4 -32.3 -965.422
vt -93.7952 38.0088
f 81/157/28 82/158/28 83/159/28 84/160/28 85/161/28 86/162/28 87/163/28 88/164/28 89/165/28 90/166/28 91/167/28 92/168/28 93/169/28 79/151/28 77/150/28 94/170/28 95/171/28 96/172/28 97/173/28 98/174/28 99/175/28 100/176/28 101/177/28 102/178/28 103/179/28 104/180/28 105/181/28 106/182/28 

v 2428.07 0 -855.154
vt 20.902 0
vn 0.965926 0 -0.258819
v 2443.65 0 -736.822
vt 16.2031 0
vn 0.991445 0 -0.130526
vt 16.2031 -1.27165
vt 20.902 -1.27165
f 107/183/30 108/184/31 82/185/31 81/186/30 

usemtl Color_000
vt 18.9441 -58.0689
vn 0.603409 0.780869 -0.161683
vt 18.161 -58.0689
vn 0.624695 0.780869 -2.78493e-017
vt 16.2031 -77.1783
vt 20.902 -77.1783
f 30/187/32 29/188/33 108/189/33 107/190/32 

vt 38.577 -52.1755
vn 0.603409 0.780869 0.161683
v 2428.07 0 -618.49
vt 36.6191 -71.2848
vt 41.3181 -71.2848
vt 39.3602 -52.1755
f 28/191/34 109/192/34 108/193/33 29/194/33 

vt 56.3374 -42.3705
vn 0.541002 0.780869 0.312348
v 2382.4 0 -508.222
vt 54.3796 -61.4799
vt 59.0785 -61.4799
vt 57.1206 -42.3705
f 27/195/35 110/196/35 109/197/34 28/198/34 

vt 70.2319 -29.3223
vn 0.441726 0.780869 0.441726
v 2309.74 0 -413.533
vt 68.274 -48.4317
vt 72.9729 -48.4317
vt 71.015 -29.3223
f 26/199/36 111/200/36 110/201/35 27/202/35 

vt 79.3134 -13.9201
vn 0.312348 0.780869 0.541002
v 2215.05 0 -340.876
vt 77.3555 -33.0294
vt 82.0545 -33.0294
vt 80.0966 -13.9201
f 25/203/37 112/204/37 111/205/36 26/206/36 

vt 83.7464 2.78662
vt 82.9632 2.78662
vn 0.161683 0.780869 0.603409
v 2104.78 0 -295.201
vt 81.0053 -16.3227
vt 85.7043 -16.3227
f 25/207/37 24/208/38 113/209/38 112/210/37 

vt 83.6736 0.54986
vt 81.7157 19.6592
v 1986.45 271.094 -618.49
vt 80.716 17.546
vn 3.16089e-015 0.780869 0.624695
v 1986.45 0 -279.622
vt 78.9746 0.54986
f 113/211/38 24/212/38 114/213/39 115/214/39 

usemtl FrontColor
vt 53.8328 10.673
vn 0.915002 -1.95336e-014 0.403449
vt 55.7573 12
vt 53.8328 12
f 114/215/40 24/216/40 23/217/40

v 1582.03 190.611 -618.49
vt 62.2846 7.50436
vn 4.07791e-017 1.51316e-017 1
v 1583.19 206.224 -618.49
vt 62.3301 8.11907
v 1586.62 221.364 -618.49
vt 62.4655 8.71511
v 1592.24 235.569 -618.49
vt 62.6865 9.27436
v 1599.86 248.408 -618.49
vt 62.9864 9.77983
v 1609.25 259.49 -618.49
vt 63.3562 10.2162
v 1620.13 268.48 -618.49
vt 63.7846 10.5701
v 1632.17 275.104 -618.49
vt 64.2585 10.8309
v 1645 279.161 -618.49
vt 64.7636 10.9906
v 1655.81 280.277 -618.49
vt 65.1894 11.0345
v 1657.04 280.4 -618.49
vt 65.2377 11.0394
v 1657.46 280.44 -618.49
vt 65.2545 11.0409
v 1657.69 280.459 -618.49
vt 65.2634 11.0417
v 1657.84 280.47 -618.49
vt 65.2692 11.0421
v 1657.95 280.477 -618.49
vt 65.2736 11.0424
v 1658.04 280.481 -618.49
vt 65.2771 11.0425
v 1658.12 280.483 -618.49
vt 65.2802 11.0426
v 1658.19 280.483 -618.49
vt 65.2831 11.0427
v 1772.49 280.483 -618.49
vt 69.7831 11.0427
v 1772.56 280.483 -618.49
vt 69.786 11.0426
v 1772.64 280.481 -618.49
vt 69.7891 11.0425
v 1772.73 280.477 -618.49
vt 69.7926 11.0424
v 1772.84 280.47 -618.49
vt 69.797 11.0421
v 1772.99 280.459 -618.49
vt 69.8028 11.0417
v 1773.22 280.44 -618.49
vt 69.8117 11.0409
v 1773.64 280.4 -618.49
vt 69.8285 11.0394
v 1774.87 280.277 -618.49
vt 69.8768 11.0345
v 1785.69 279.161 -618.49
vt 70.3026 10.9906
v 1798.52 275.104 -618.49
vt 70.8077 10.8309
v 1810.55 268.48 -618.49
vt 71.2817 10.5701
v 1821.43 259.49 -618.49
vt 71.71 10.2162
v 1830.83 248.408 -618.49
vt 72.0798 9.77983
v 1838.45 235.569 -618.49
vt 72.3797 9.27436
v 1844.06 221.364 -618.49
vt 72.6007 8.71511
v 1845.03 217.1 -618.49
vt 72.6389 8.54723
v 1868.12 231.883 -618.49
vt 73.548 9.12923
v 1918.13 256.45 -618.49
vt 75.517 10.0964
v 1954.74 267.755 -618.49
vt 76.9585 10.5415
vt 78.2068 10.673
vt 78.2068 12
vt 62.6429 12
v 1544.83 0 -618.49
vt 60.8201 3.68455e-016
v 1600.83 41.7469 -618.49
vt 63.0248 1.64358
v 1599.86 42.8978 -618.49
vt 62.9864 1.68889
v 1592.24 55.7367 -618.49
vt 62.6865 2.19436
v 1586.62 69.9416 -618.49
vt 62.4655 2.75361
v 1583.19 85.0809 -618.49
vt 62.3301 3.34964
v 1582.03 100.695 -618.49
vt 62.2846 3.96436
f 116/218/41 117/219/41 118/220/41 119/221/41 120/222/41 121/223/41 122/224/41 123/225/41 124/226/41 125/227/41 126/228/41 127/229/41 128/230/41 129/231/41 130/232/41 131/233/41 132/234/41 133/235/41 134/236/41 135/237/41 136/238/41 137/239/41 138/240/41 139/241/41 140/242/41 141/243/41 142/244/41 143/245/41 144/246/41 145/247/41 146/248/41 147/249/41 148/250/41 149/251/41 150/252/41 151/253/41 152/254/41 153/255/41 114/256/41 23/257/41 22/258/41 154/259/41 155/260/41 156/261/41 157/262/41 158/263/41 159/264/41 160/265/41 

v 1583.15 206.224 -617.911
vt -28.222 12.5735
vn -0.988487 0.148031 -0.0313033
vt -28.2449 12.5735
vn -0.987034 0.147814 -0.0625755
vt -28.242 11.9571
vn -0.997316 0.0369215 -0.0632274
v 1581.99 190.611 -617.911
vt -28.2192 11.9571
vn -0.997894 0.049296 -0.0421672
f 161/266/42 117/267/43 116/268/44 162/269/45 

v 1586.59 221.364 -617.911
vt -28.2306 21.9373
vn -0.954953 0.295212 -0.0302433
vt -28.2534 21.9373
vn -0.953642 0.294809 -0.0604586
vt -28.2449 21.3262
vt -28.222 21.3262
vn -0.988487 0.148031 -0.0313033
f 163/270/46 118/271/47 117/272/43 161/273/48 

v 1592.2 235.569 -617.911
vt -28.2446 31.0149
vn -0.89748 0.440138 -0.0284261
vt -28.2674 31.0149
vn -0.89639 0.439609 -0.0568289
vt -28.2534 30.4137
vt -28.2306 30.4137
f 164/274/49 119/275/50 118/276/47 163/277/46 

v 1599.82 248.408 -617.911
vt -28.2636 39.6607
vn -0.81402 0.580264 -0.0257862
vt -28.2864 39.6607
vn -0.813204 0.57969 -0.0515552
vt -28.2674 39.0733
vt -28.2446 39.0733
vn -0.89748 0.440138 -0.0284261
f 165/278/51 120/279/52 119/280/50 164/281/53 

v 1609.21 259.49 -617.911
vt -28.287 47.6368
vn -0.702502 0.711333 -0.0222573
vt -28.3098 47.6368
vn -0.701975 0.71081 -0.0445035
vt -28.2864 47.0654
vt -28.2636 47.0654
vn -0.81402 0.580264 -0.0257862
f 166/282/54 121/283/55 120/284/52 165/285/56 

v 1620.09 268.48 -617.911
vt -28.3141 54.5871
vn -0.56189 0.82702 -0.0178053
vt -28.3369 54.5871
vn -0.561616 0.826631 -0.0356051
vt -28.3098 54.0321
vt -28.287 54.0321
f 167/286/57 122/287/58 121/288/55 166/289/54 

v 1632.13 275.104 -617.911
vt -28.3441 60.0398
vn -0.393643 0.919179 -0.0124758
vt -28.3669 60.0398
vn -0.393545 0.918967 -0.0249498
vt -28.3369 59.4996
vt -28.3141 59.4996
vn -0.56189 0.82702 -0.0178053
f 168/290/59 123/291/60 122/292/58 167/293/61 

v 1644.96 279.161 -617.911
vt -28.376 63.4662
vn -0.203121 0.979132 -0.00643825
vt -28.3989 63.4662
vn -0.203105 0.979072 -0.0128763
vt -28.3669 62.9374
vt -28.3441 62.9374
vn -0.393643 0.919179 -0.0124758
f 169/294/62 124/295/63 123/296/60 168/297/64 

v 1658.19 280.527 -617.911
vt -28.409 64.4119
vn -0.10269 0.994708 -0.00325512
vt -28.4258 64.3164
vn -0.102689 0.994692 -0.00651021
vt -28.3989 63.8892
vt -28.376 63.8892
vn -0.203121 0.979132 -0.00643825
f 170/298/65 125/299/66 124/300/63 169/301/67 

vt -24.3272 66.0721
vt -24.3272 65.5484
v 1644.96 279.161 -460.177
vt -18.1172 65.5484
vn -0.203121 0.979132 0.00643825
v 1658.19 280.527 -460.177
vt -18.1172 66.0721
vn -0.063204 0.996947 0.0458498
f 170/302/65 169/303/67 171/304/68 172/305/69 

vt -24.3272 65.0625
vt -24.3272 64.5327
v 1632.13 275.104 -460.177
vt -18.1172 64.5327
vn -0.393643 0.919179 0.0124758
vt -18.1172 65.0625
f 169/306/62 168/307/64 173/308/70 171/309/68 

vt -24.3272 61.5186
vn -0.393643 0.919179 -0.0124758
vt -24.3272 60.9777
v 1620.09 268.48 -460.177
vt -18.1172 60.9777
vn -0.56189 0.82702 0.0178053
vt -18.1172 61.5186
f 168/310/71 167/311/61 174/312/72 173/313/70 

vt -24.3272 55.9032
vt -24.3272 55.3475
vn -0.702502 0.711333 -0.0222573
v 1609.21 259.49 -460.177
vt -18.1172 55.3475
vn -0.702502 0.711333 0.0222573
vt -18.1172 55.9032
f 167/314/57 166/315/73 175/316/74 174/317/72 

vt -24.3272 48.7541
vt -24.3272 48.1821
v 1599.82 248.408 -460.177
vt -18.1172 48.1821
vn -0.81402 0.580264 0.0257862
vt -18.1172 48.7541
f 166/318/73 165/319/51 176/320/75 175/321/74 

vt -24.3272 40.5526
vt -24.3272 39.9649
v 1592.2 235.569 -460.177
vt -18.1172 39.9649
vn -0.89748 0.440138 0.0284261
vt -18.1172 40.5526
f 165/322/51 164/323/53 177/324/76 176/325/75 

vt -24.3272 31.6633
vt -24.3272 31.062
v 1586.59 221.364 -460.177
vt -18.1172 31.062
vn -0.954953 0.295212 0.0302433
vt -18.1172 31.6633
f 164/326/53 163/327/46 178/328/77 177/329/76 

vt -24.3272 22.3307
vt -24.3272 21.7195
v 1583.15 206.224 -460.177
vt -18.1172 21.7195
vn -0.988487 0.148031 0.0313033
vt -18.1172 22.3307
vn -0.954953 0.295212 0.0302433
f 163/330/46 161/331/48 179/332/78 178/333/79 

vt -24.3272 12.7054
vn -0.988487 0.148031 -0.0313033
vt -24.3272 12.089
v 1581.99 190.611 -460.177
vt -18.1172 12.089
vn -0.997894 0.049296 0.0421672
vt -18.1172 12.7054
f 161/334/80 162/335/45 180/336/81 179/337/78 

vt -24.3272 7.50436
vn -1 0 -0
v 1581.99 100.695 -617.911
vt -24.3272 3.96436
v 1581.99 100.695 -460.177
vt -18.1172 3.96436
vt -18.1172 7.50436
f 162/338/82 181/339/82 182/340/82 180/341/82 

vt -28.2192 7.50436
vt -28.242 7.50436
vt -28.242 3.96436
vn -0.997316 -0.0369215 -0.0632274
vt -28.2192 3.96436
vn -0.997894 -0.049296 -0.0421672
f 162/342/45 116/343/44 160/344/83 181/345/84 

vt -28.2192 -0.519696
vt -28.242 -0.519696
vt -28.2449 -1.13609
vn -0.987034 -0.147814 -0.0625755
v 1583.15 85.0809 -617.911
vt -28.222 -1.13609
vn -0.988487 -0.148031 -0.0313033
f 181/346/84 160/347/83 159/348/85 183/349/86 

vt -28.222 -10.1411
vn -0.988487 -0.148031 -0.0313033
vt -28.2449 -10.1411
vt -28.2534 -10.7522
vn -0.953642 -0.294809 -0.0604586
v 1586.59 69.9416 -617.911
vt -28.2306 -10.7522
vn -0.954953 -0.295212 -0.0302433
f 183/350/87 159/351/85 158/352/88 184/353/89 

vt -28.2306 -19.7448
vt -28.2534 -19.7448
vt -28.2674 -20.3459
vn -0.89639 -0.439609 -0.0568289
v 1592.2 55.7367 -617.911
vt -28.2446 -20.3459
vn -0.89748 -0.440138 -0.0284261
f 184/354/89 158/355/88 157/356/90 185/357/91 

vt -28.2446 -29.2052
vt -28.2674 -29.2052
vt -28.2864 -29.7926
vn -0.813204 -0.57969 -0.0515552
v 1599.82 42.8978 -617.911
vt -28.2636 -29.7926
vn -0.81402 -0.580264 -0.0257862
f 185/358/91 157/359/90 156/360/92 186/361/93 

vt -28.2636 -38.3086
vt -28.2864 -38.3086
vt -28.2888 -38.368
vn -0.762005 -0.645767 -0.0483093
v 1600.9 41.6205 -617.911
vt -28.2663 -38.3745
vn -0.762673 -0.646333 -0.0241617
f 186/362/93 156/363/92 155/364/94 187/365/95 

usemtl Color_000
v 1590.51 0 -508.222
vt 5.47731 50.9816
vn -0.541002 0.780869 0.312348
v 1617.52 24.9522 -523.817
vt 5.31703 52.546
v 1609.21 31.815 -566.095
vt 3.65412 52.9763
vn -0.580164 0.778241 0.240312
vt 1.6442 53.591
vt 1.62208 53.599
vt 0.778367 50.9816
f 188/366/96 189/367/96 190/368/97 187/369/97 155/370/97 154/371/97 

v 1663.16 0 -413.533
vt 26.9445 48.1412
vn -0.441726 0.780869 0.441726
v 1676.87 15.5075 -427.24
vt 26.8449 49.1135
v 1660.35 12.1447 -441.917
vt 25.9907 48.9026
vn -0.498198 0.778241 0.382281
v 1658.19 11.9617 -444.364
vt 25.8624 48.8912
v 1656.43 11.8264 -446.385
vt 25.757 48.8827
v 1655 11.7421 -448.076
vt 25.67 48.8774
v 1653.76 11.6932 -449.59
vt 25.593 48.8743
v 1652.63 11.6723 -451.026
vt 25.521 48.873
v 1651.53 11.6764 -452.464
vt 25.4498 48.8733
v 1650.41 11.7059 -453.98
vt 25.3756 48.8751
v 1649.21 11.7652 -455.667
vt 25.2941 48.8788
v 1647.84 11.864 -457.658
vt 25.199 48.885
v 1646.15 12.0217 -460.177
vt 25.0799 48.8949
v 1644.96 12.1447 -461.981
vt 24.995 48.9026
v 1632.13 16.2013 -486.959
vt 23.9073 49.157
v 1620.09 22.8251 -516.132
vt 22.7076 49.5722
vt 22.4059 49.7056
vt 22.2456 48.1412
f 191/372/98 192/373/98 193/374/99 194/375/99 195/376/99 196/377/99 197/378/99 198/379/99 199/380/99 200/381/99 201/382/99 202/383/99 203/384/99 204/385/99 205/386/99 206/387/99 189/388/96 188/389/96 

v 1757.85 0 -340.876
vt 46.7357 41.0736
vn -0.312348 0.780869 0.541002
v 1782.93 40.1207 -384.307
vt 46.4779 43.5889
v 1782.17 39.8108 -384.402
vt 46.4521 43.5695
vn -0.382281 0.778241 0.498198
v 1772.49 36.6632 -386.914
vt 46.0895 43.3722
v 1755.23 31.815 -392.584
vt 45.4145 43.0682
v 1717.36 22.8251 -407.599
vt 43.8718 42.5046
v 1682.23 16.2013 -424.212
vt 42.3763 42.0893
vt 42.1363 42.0458
vt 42.0367 41.0736
f 207/390/100 208/391/100 209/392/101 210/393/101 211/394/101 212/395/101 213/396/101 192/397/98 191/398/98 

vt 60.4503 46.3384
vn -0.312348 0.780869 0.541002
v 1848.69 145.343 -498.214
vt 59.7366 39.3726
v 1848.69 116.987 -460.177
vt 60.3097 37.5949
vn -0.240312 0.778241 0.580164
v 1847.53 103.017 -441.917
vt 60.5427 36.719
v 1846.97 100.695 -439.034
vt 60.5658 36.5734
v 1843.27 88.8111 -424.628
vt 60.648 35.8284
v 1841.52 85.0809 -420.349
vt 60.6488 35.5945
v 1835.59 75.4642 -409.905
vt 60.5905 34.9916
v 1831.22 69.9416 -404.305
vt 60.5161 34.6453
v 1825.56 64.0361 -398.731
vt 60.3939 34.2751
v 1815.8 55.7367 -391.64
vt 60.1458 33.7548
v 1814.57 54.8573 -390.967
vt 60.1115 33.6996
v 1803.24 48.1627 -386.682
vt 59.7638 33.2799
v 1792.5 43.0928 -384.331
vt 59.4084 32.9621
v 1791.95 42.8978 -384.295
vt 59.3891 32.9498
vt 59.0607 32.7757
vt 58.803 30.2604
v 1868.12 0 -295.201
vt 63.5019 30.2604
vn -0.161683 0.780869 0.603409
vt 61.782 47.0472
f 152/399/102 214/400/102 215/401/103 216/402/103 217/403/103 218/404/103 219/405/103 220/406/103 221/407/103 222/408/103 223/409/103 224/410/103 225/411/103 226/412/103 227/413/103 208/414/100 207/415/100 228/416/104 153/417/104 

vt 43.5262 55.6114
vn -0.441726 0.780869 0.441726
v 1847.11 208.108 -597.476
vt 43.3735 54.1208
v 1847.53 206.224 -594.206
vt 43.4652 54.0028
vn -0.382281 0.778241 0.498198
v 1848.69 190.611 -568.927
vt 44.1073 53.0239
vt 45.802 50.1858
vt 45.0883 57.1516
f 151/418/105 229/419/105 230/420/106 231/421/106 214/422/102 152/423/102 

vt 25.455 62.679
vt 24.9016 61.7522
vn -0.498198 0.778241 0.382281
v 1845.12 216.872 -617.911
vt 24.9218 61.7379
vt 25.6078 61.1885
f 151/424/105 150/425/107 232/426/107 229/427/105 

usemtl FrontColor
v 1844.1 221.364 -617.911
vt 19.6849 -7.85472
vn 0.954953 0.295212 -0.0302433
vt 19.6824 -8.03605
vn 0.97471 0.221333 -0.0308677
vt 19.7053 -8.02686
vn 0.973316 0.221016 -0.0617059
vt 19.7077 -7.85472
vn 0.953642 0.294809 -0.0604586
f 233/428/108 232/429/109 150/430/110 149/431/111 

v 1847.53 206.224 -460.177
vt 18.1172 -8.18936
vn 0.988487 0.148031 0.0313033
vt 23.3939 -8.18936
vn 0.988972 0.148102 -5.76894e-016
vt 23.5227 -8.11333
vn 0.975174 0.221438 -1.09545e-015
vt 24.3272 -7.75951
vt 24.3272 -7.57815
vn 0.954953 0.295212 -0.0302433
v 1844.1 221.364 -460.177
vt 18.1172 -7.57815
vn 0.954953 0.295212 0.0302433
f 234/432/112 230/433/113 229/434/114 232/435/109 233/436/115 235/437/116 

v 1848.69 190.611 -460.177
vt 18.1172 2.10223
vn 0.997894 0.049296 0.0421672
vt 22.3987 2.10223
vn 0.997263 0.07394 -5.51266e-017
vt 23.3939 2.71864
vt 18.1172 2.71864
vn 0.988487 0.148031 0.0313033
f 236/438/117 231/439/118 230/440/113 234/441/119 

vt 18.1172 7.50436
vn 1 -3.73944e-015 4.27255e-016
vt 18.1172 4.6058
vt 19.6147 5.72215
vt 22.3987 7.50436
f 236/442/120 215/443/120 214/444/120 231/445/120 

v 1847.53 190.611 -441.917
vt 21.9656 7.50436
vn 0.991188 0.0372641 0.127111
vt 21.9656 4.0558
vn 0.991877 -4.95449e-015 0.127201
vt 22.6859 4.6058
vn 0.997996 -6.87778e-015 0.0632706
vt 22.6859 7.50436
f 237/446/121 216/447/122 215/448/123 236/449/117 

v 1844.1 100.695 -424.212
vt 30.2335 3.96436
vn 0.965993 -0.0380709 0.255751
vt 30.8279 3.96436
vn 0.980978 -0.0374532 0.190473
vt 30.9436 4.0558
vt 30.9436 7.50436
v 1844.1 190.611 -424.212
vt 30.2335 7.50436
vn 0.965993 0.0380709 0.255751
f 238/450/124 217/451/125 216/452/122 237/453/121 239/454/126 

vt 30.2335 9.04987
vn 0.965993 -0.0380709 0.255751
vt 30.2434 8.58069
vn 0.963892 -0.0760862 0.255192
vt 30.8279 9.04987
f 238/455/127 218/456/128 217/457/125

v 1837.48 85.0809 -408.398
vt 38.3907 8.2192
vn 0.910466 -0.15748 0.382429
vt 38.8874 8.2192
vn 0.936073 -0.154011 0.316303
vt 39.069 8.36649
vt 39.0639 8.83574
v 1838.48 100.695 -407.599
vt 38.3736 8.83574
vn 0.921238 -0.0394141 0.386997
f 240/458/129 219/459/130 218/460/128 238/461/124 241/462/131 

vt 38.3907 17.8463
vt 38.4231 17.4572
vn 0.896121 -0.235195 0.376365
vt 38.8874 17.8463
f 240/463/129 220/464/132 219/465/130

v 1827.34 69.9416 -396.661
vt 46.4792 16.3253
vn 0.806969 -0.325741 0.492639
vt 46.8167 16.3253
vn 0.845607 -0.317581 0.429058
vt 47.0911 16.5492
vt 47.0719 16.9391
vn 0.910466 -0.15748 0.382429
v 1829.98 85.0809 -393.611
vt 46.4191 16.9391
vn 0.841795 -0.164639 0.514077
f 242/466/133 221/467/134 220/468/132 240/469/135 243/470/136 

vt 46.4792 25.02
vt 46.5201 24.767
vn 0.780998 -0.403518 0.476672
vt 46.8167 25.02
f 242/471/133 222/472/137 221/473/134

v 1814.91 55.7367 -390.415
vt 54.3733 22.0729
vn 0.654635 -0.499435 0.567466
vt 54.4329 22.0729
vn 0.706977 -0.487575 0.512302
vt 54.8844 22.4314
vt 54.8597 22.6864
v 1818.52 69.9416 -384.481
vt 54.2675 22.6864
vn 0.709975 -0.341594 0.615832
f 244/474/138 223/475/139 222/476/137 242/477/133 245/478/140 

vt 54.3733 29.1959
vn 0.654635 -0.499435 0.567466
vt 54.3832 29.1541
vn 0.619408 -0.572945 0.536719
vt 54.4329 29.1959
f 244/479/141 224/480/142 223/481/139

v 1805.49 55.7367 -381.31
vt 61.5486 24.2575
vn 0.53073 -0.520535 0.668857
vt 61.632 23.8907
vn 0.499816 -0.594796 0.629605
vt 62.0701 24.2149
vt 62.0645 24.2575
vn 0.654635 -0.499435 0.567466
f 246/482/143 225/483/144 224/484/142 244/485/145 

v 1795.06 55.7367 -374.602
vt 67.4108 17.3456
vn 0.376493 -0.539828 0.752886
vt 67.5332 16.7213
vn 0.352993 -0.614533 0.705511
vt 67.9389 16.9717
vt 67.8989 17.3456
vn 0.53073 -0.520535 0.668857
f 247/486/146 226/487/147 225/488/144 246/489/148 

v 1782.63 42.8978 -380.847
vt 71.0263 7.70524
vn 0.169464 -0.694868 0.698885
vt 71.4177 7.70524
vn 0.251764 -0.687775 0.680867
vt 71.4383 7.71503
vt 71.4002 8.35007
vn 0.376493 -0.539828 0.752886
v 1783.95 55.7367 -370.493
vt 70.9338 8.35007
vn 0.196031 -0.553619 0.809369
f 248/490/149 227/491/150 226/492/147 247/493/151 249/494/152 

vt 71.0263 8.81864
vn 0.169464 -0.694868 0.698885
vt 71.0581 8.63514
vn 0.154419 -0.755718 0.636432
vt 71.0846 8.65355
vn 0.229697 -0.749241 0.62119
vt 71.4177 8.81864
f 248/495/153 209/496/154 208/497/155 227/498/150 

v 1772.49 42.8978 -379.623
vt 71.0715 -3.80288
vn 0.0430156 -0.698916 0.713909
vt 71.1059 -4.17901
vn 0.0391414 -0.759451 0.649386
vt 71.4724 -3.98911
vt 71.4734 -3.80288
f 250/499/156 210/500/157 209/501/154 248/502/149 

v 1658.19 31.815 -392.584
vt 65.2831 -10.9331
vn -0.035177 -0.811376 0.583465
vt 69.1036 -10.9331
vn 1.8738e-016 -0.811865 0.583846
vt 69.7831 -10.6394
vt 69.7831 -10.2617
vn 0.0430156 -0.698916 0.713909
v 1658.19 42.8978 -379.623
vt 65.2831 -10.2617
vn -0.0430156 -0.698916 0.713909
f 251/503/158 211/504/159 210/505/157 250/506/160 252/507/161 

v 1658.19 22.8251 -407.599
vt 65.2831 -13.3065
vn -0.0267388 -0.895986 0.443277
vt 67.6127 -13.3065
vn -2.87306e-017 -0.896298 0.443452
vt 69.1036 -12.6175
vt 65.2831 -12.6175
vn -0.035177 -0.811376 0.583465
f 253/508/162 212/509/163 211/510/159 251/511/164 

v 1658.19 16.2013 -424.212
vt 65.2831 -15.2773
vn -0.0179629 -0.954498 0.297675
vt 66.2295 -15.2773
vn -8.9348e-016 -0.954649 0.297734
vt 67.6127 -14.5732
vt 65.2831 -14.5732
f 254/512/165 213/513/166 212/514/163 253/515/162 

v 1658.19 12.1447 -441.917
vt 65.2831 -16.8521
vn -0.00901613 -0.988739 0.149376
vt 65.3683 -16.8521
vn -1.79311e-015 -0.988779 0.149388
vt 66.0185 -16.2593
vn -1.48614e-015 -0.974743 0.223329
vt 66.2295 -16.137
vt 65.2831 -16.137
f 255/516/167 193/517/168 192/518/169 213/519/166 254/520/165 

vt 65.2831 -17.3142
vt 65.2831 -17.4108
vn -0.0045033 -0.997203 0.0745999
vt 65.3683 -17.3142
f 255/521/167 194/522/170 193/523/168

v 1655.89 12.1447 -442.195
vt 62.6359 -24.9911
vn -0.0357701 -0.988483 0.147041
vt 62.637 -25.1579
vn -0.0178749 -0.997138 0.0734618
vt 62.7155 -25.087
vt 62.727 -24.9911
vn -0.00901613 -0.988739 0.149376
f 256/524/171 195/525/172 194/526/170 255/527/173 

v 1653.67 12.1447 -443.018
vt 55.0149 -38.7859
vn -0.0703634 -0.98763 0.140126
vt 54.9951 -38.9915
vn -0.0351991 -0.99692 0.0700814
vt 55.071 -38.9485
vt 55.1084 -38.7859
f 257/528/174 196/529/175 195/530/172 256/531/171 

v 1651.57 12.1447 -444.364
vt 45.2124 -49.6971
vn -0.102664 -0.98633 0.128889
vt 45.1735 -49.9174
vn -0.0514406 -0.996587 0.0645661
vt 45.2467 -49.8936
vt 45.3103 -49.6971
f 258/532/176 197/533/177 196/534/175 257/535/174 

v 1649.69 12.1447 -446.189
vt 34.4993 -57.5129
vn -0.131669 -0.984747 0.113738
vt 34.4502 -57.7311
vn -0.0661041 -0.996178 0.057089
vt 34.5217 -57.7214
vt 34.6027 -57.5129
vn -0.102664 -0.98633 0.128889
f 259/536/178 198/537/179 197/538/177 258/539/180 

v 1648.05 12.1447 -448.44
vt 23.7761 -62.6004
vn -0.156523 -0.983076 0.0951977
vt 23.7281 -62.8049
vn -0.078746 -0.995744 0.0478828
vt 23.7993 -62.8067
vt 23.8856 -62.6004
f 260/540/181 199/541/182 198/542/179 259/543/178 

v 1646.73 12.1447 -451.047
vt 13.4994 -65.5088
vn -0.176537 -0.981518 0.0738769
vt 13.4621 -65.6911
vn -0.0889878 -0.995337 0.0372312
vt 13.5352 -65.7034
vt 13.6146 -65.5088
vn -0.156523 -0.983076 0.0951977
f 261/544/183 200/545/184 199/546/182 260/547/185 

v 1645.76 12.1447 -453.932
vt 3.81099 -66.7304
vn -0.19119 -0.980256 0.0504387
vt 3.78982 -66.8818
vn -0.0965257 -0.995005 0.0254593
vt 3.86788 -66.9055
vt 3.93087 -66.7304
f 262/548/186 201/549/187 200/550/184 261/551/183 

v 1645.16 12.1447 -457.006
vt -5.31693 -66.6179
vn -0.200121 -0.979437 0.0255767
vt -5.32202 -66.7268
vn -0.101138 -0.994788 0.0129233
vt -5.23476 -66.7652
vt -5.19363 -66.6179
f 263/552/188 202/553/189 201/554/187 262/555/186 

v 1644.96 12.1447 -460.177
vt -13.9834 -65.3804
vn -0.203121 -0.979132 0.00643825
vt -13.9804 -65.4274
vn -0.10269 -0.994708 0.00325512
vt -13.8772 -65.4877
vt -13.8583 -65.3804
f 264/556/190 203/557/191 202/558/189 263/559/188 

vt -18.1172 -64.3707
vt -18.1882 -64.3707
vn -0.20313 -0.979152 3.22083e-014
vt -18.1172 -64.4178
f 264/560/190 204/561/192 203/562/191

v 1632.13 16.2013 -460.177
vt -18.1172 -61.0752
vn -0.393643 -0.919179 0.0124758
vt -19.1716 -61.0752
vn -0.39368 -0.919247 2.81245e-016
vt -18.1882 -61.605
vt -18.1172 -61.605
vn -0.203121 -0.979132 0.00643825
f 265/563/193 205/564/194 204/565/192 264/566/195 

v 1620.09 22.8251 -460.177
vt -18.1172 -55.4488
vn -0.56189 -0.82702 0.0178053
vt -20.3202 -55.4488
vn -0.561986 -0.827147 -9.17482e-016
vt -19.1716 -55.9898
vt -18.1172 -55.9898
vn -0.393643 -0.919179 0.0124758
f 266/567/196 206/568/197 205/569/194 265/570/198 

v 1609.21 31.815 -460.177
vt -18.1172 -48.0425
vn -0.702502 -0.711333 0.0222573
vt -22.2872 -48.0425
vn -0.702682 -0.711504 -4.60201e-016
vt -20.6227 -48.4667
vn -0.636954 -0.770902 -5.29177e-016
vt -20.3202 -48.5981
vt -18.1172 -48.5981
f 267/571/199 190/572/200 189/573/201 206/574/197 266/575/196 

vt -24.3272 -39.4327
vt -24.3272 -39.4986
vt -22.2872 -40.0046
vt -18.1172 -40.0046
vn -0.702502 -0.711333 0.0222573
v 1599.82 42.8978 -460.177
vt -18.1172 -39.4327
vn -0.81402 -0.580264 0.0257862
f 186/576/93 187/577/95 190/578/200 267/579/202 268/580/203 

v 1600.71 42.8978 -446.189
vt -13.544 -40.0428
vn -0.805738 -0.583212 0.103202
vt -14.0958 -40.0428
vt -14.0724 -40.6143
v 1609.95 31.815 -448.44
vt -13.6094 -40.6143
vn -0.694466 -0.714013 0.0888968
f 269/581/204 268/582/203 267/583/202 270/584/205 

v 1593.2 55.7367 -444.364
vt -13.491 -30.5736
vn -0.889315 -0.442866 0.113966
v 1592.2 55.7367 -460.177
vt -14.1148 -30.5736
vn -0.89748 -0.440138 0.0284261
vt -14.0958 -31.161
vt -13.544 -31.161
vn -0.805738 -0.583212 0.103202
f 271/585/206 272/586/207 268/587/203 269/588/208 

v 1587.67 69.9416 -443.018
vt -13.4519 -20.73
vn -0.947037 -0.297289 0.12141
v 1586.59 69.9416 -460.177
vt -14.1288 -20.73
vn -0.954953 -0.295212 0.0302433
vt -14.1148 -21.3312
vt -13.491 -21.3312
vn -0.889315 -0.442866 0.113966
f 273/589/209 274/590/210 272/591/207 271/592/211 

v 1584.29 85.0809 -442.195
vt -13.4279 -10.7346
vn -0.980784 -0.149148 0.125766
v 1583.15 85.0809 -460.177
vt -14.1373 -10.7346
vn -0.988487 -0.148031 0.0313033
vt -14.1288 -11.3457
vn -0.954953 -0.295212 0.0302433
vt -13.4519 -11.3457
f 275/593/212 276/594/213 274/595/214 273/596/209 

v 1583.15 100.695 -441.917
vt -13.4199 -0.717865
vn -0.991188 -0.0372641 0.127111
vt -14.1402 -0.717865
vn -0.997894 -0.049296 0.0421672
vt -14.1373 -1.33426
vt -13.4279 -1.33426
vn -0.980784 -0.149148 0.125766
f 277/597/215 182/598/216 276/599/213 275/600/217 

vt -14.1402 3.96436
vt -13.4199 3.96436
vn -0.991188 -0.0372641 0.127111
v 1583.15 190.611 -441.917
vt -13.4199 7.50436
vn -0.991188 0.0372641 0.127111
vt -14.1402 7.50436
f 182/601/216 277/602/218 278/603/219 180/604/81 

vt -5.1991 3.96436
v 1586.59 100.695 -424.212
vt -4.48902 3.96436
vn -0.965993 -0.0380709 0.255751
v 1586.59 190.611 -424.212
vt -4.48902 7.50436
vn -0.965993 0.0380709 0.255751
vt -5.1991 7.50436
vn -0.991188 0.0372641 0.127111
f 277/605/215 279/606/220 280/607/221 278/608/222 

vt -4.48902 -0.875003
vt -5.1991 -0.875003
vt -5.20126 -1.49145
vn -0.980784 -0.149148 0.125766
v 1587.67 85.0809 -424.758
vt -4.50197 -1.49145
vn -0.955426 -0.15228 0.252929
f 279/609/220 277/610/215 275/611/223 281/612/224 

vt -4.50197 -11.1978
vt -5.20126 -11.1978
vt -5.2077 -11.8094
v 1590.9 69.9416 -426.381
vt -4.54044 -11.8094
vn -0.921243 -0.30309 0.243817
f 281/613/224 275/614/223 273/615/209 282/616/225 

vt -4.54044 -21.4715
vn -0.921243 -0.30309 0.243817
vt -5.2077 -21.4715
vt -5.2182 -22.0738
v 1596.18 55.7367 -429.03
vt -4.60326 -22.0738
vn -0.86311 -0.450448 0.228337
f 282/617/226 273/618/209 271/619/206 283/620/227 

vt -4.60326 -31.546
vn -0.86311 -0.450448 0.228337
vt -5.2182 -31.546
vt -5.23246 -32.1357
vn -0.805738 -0.583212 0.103202
v 1603.34 42.8978 -432.626
vt -4.68851 -32.1357
vn -0.779621 -0.591352 0.206138
f 283/621/228 271/622/206 269/623/229 284/624/230 

vt -4.68851 -41.1823
vt -5.23246 -41.1823
vt -5.25003 -41.7573
vn -0.694466 -0.714013 0.0888968
v 1612.16 31.815 -437.059
vt -4.7936 -41.7573
vn -0.669581 -0.721358 0.176931
f 284/625/230 269/626/229 270/627/231 285/628/232 

vt -4.7936 -50.0215
vn -0.669581 -0.721358 0.176931
vt -5.25003 -50.0215
v 1620.67 22.8251 -451.047
vt -5.27039 -50.5812
vn -0.554721 -0.829004 0.0709641
v 1622.39 22.8251 -442.195
vt -4.91536 -50.5812
vn -0.532893 -0.8344 0.140721
f 285/629/233 270/630/231 286/631/234 287/632/235 

vt -13.6094 -48.7869
vn -0.694466 -0.714013 0.0888968
vt -14.0724 -48.7869
vt -14.0453 -49.3419
vt -13.6852 -49.3419
f 270/633/236 267/634/202 266/635/196 286/636/234 

vt -13.6852 -56.314
vn -0.554721 -0.829004 0.0709641
vt -14.0453 -56.314
vn -0.56189 -0.82702 0.0178053
vt -14.0153 -56.8541
v 1632.52 16.2013 -453.932
vt -13.769 -56.8541
vn -0.388156 -0.920256 0.0496281
f 286/637/237 266/638/238 265/639/198 288/640/239 

vt -13.769 -62.0337
vt -14.0153 -62.0337
vt -13.9834 -62.5625
vt -13.8583 -62.5625
f 288/641/239 265/642/193 264/643/190 263/644/188 

v 1633.7 16.2013 -447.876
vt -5.05006 -63.2871
vn -0.371673 -0.923167 0.0980916
vt -5.29292 -63.2871
vt -5.31693 -63.8228
vt -5.19363 -63.8228
vn -0.19119 -0.980256 0.0504387
f 289/645/240 288/646/239 263/647/188 262/648/241 

vt -4.91536 -57.5782
vt -5.27039 -57.5782
vt -5.29292 -58.1243
vt -5.05006 -58.1243
vn -0.371673 -0.923167 0.0980916
f 287/649/235 286/650/234 288/651/239 289/652/242 

v 1625.2 22.8251 -433.888
vt 4.29944 -58.01
vn -0.496313 -0.842882 0.207903
vt 3.95426 -58.01
vn -0.532893 -0.8344 0.140721
vt 3.88491 -58.5682
vn -0.371673 -0.923167 0.0980916
v 1635.62 16.2013 -442.195
vt 4.12103 -58.5682
vn -0.344396 -0.927687 0.144181
f 290/653/243 287/654/244 289/655/245 291/656/246 

v 1615.77 31.815 -426.381
vt 4.4607 -50.6411
vn -0.627276 -0.733066 0.262943
vt 4.01694 -50.6411
vt 3.95426 -51.2105
vn -0.532893 -0.8344 0.140721
vt 4.29944 -51.2105
vn -0.496313 -0.842882 0.207903
f 292/657/247 285/658/233 287/659/248 290/660/249 

v 1607.64 42.8978 -419.9
vt 4.5999 -41.911
vn -0.734588 -0.60451 0.308136
vt 4.07105 -41.911
vt 4.01694 -42.493
vt 4.4607 -42.493
vn -0.627276 -0.733066 0.262943
f 293/661/250 284/662/230 285/663/232 292/664/251 

v 1601.04 55.7367 -414.643
vt 4.71282 -32.2709
vn -0.81736 -0.462851 0.343062
vt 4.11495 -32.2709
vt 4.07105 -32.8651
vt 4.5999 -32.8651
f 294/665/252 283/666/228 284/667/230 293/668/250 

v 1596.18 69.9416 -410.77
vt 4.79602 -22.0796
vn -0.875783 -0.312668 0.367754
vt 4.14729 -22.0796
vt 4.11495 -22.6843
vt 4.71282 -22.6843
f 295/669/253 282/670/226 283/671/228 294/672/252 

v 1593.2 85.0809 -408.398
vt 4.84697 -11.599
vn -0.910466 -0.15748 0.382429
vt 4.16709 -11.599
vt 4.14729 -12.2115
vt 4.79602 -12.2115
vn -0.875783 -0.312668 0.367754
f 296/673/254 281/674/224 282/675/226 295/676/255 

v 1592.2 100.695 -407.599
vt 4.86413 -1.01433
vn -0.921238 -0.0394141 0.386997
vt 4.17376 -1.01433
vn -0.965993 -0.0380709 0.255751
vt 4.16709 -1.63087
vt 4.84697 -1.63087
f 297/677/256 279/678/257 281/679/224 296/680/254 

vt 4.17376 3.96436
vn -0.965993 -0.0380709 0.255751
vt 4.86413 3.96436
v 1592.2 190.611 -407.599
vt 4.86413 7.50436
vn -0.921238 0.0394141 0.386997
vt 4.17376 7.50436
f 279/681/258 297/682/256 298/683/259 280/684/221 

vt 14.0534 3.96436
v 1599.82 100.695 -392.584
vt 14.7163 3.96436
vn -0.852684 -0.0412705 0.520795
v 1599.82 190.611 -392.584
vt 14.7163 7.50436
vn -0.852684 0.0412705 0.520795
vt 14.0534 7.50436
f 297/685/256 299/686/260 300/687/261 298/688/259 

vt 14.7163 -1.11083
vt 14.0534 -1.11083
vt 14.0432 -1.72753
v 1600.71 85.0809 -393.611
vt 14.6961 -1.72753
vn -0.841795 -0.164639 0.514077
f 299/689/260 297/690/256 296/691/254 301/692/262 

vt 14.6961 -11.8627
vn -0.841795 -0.164639 0.514077
vt 14.0432 -11.8627
vt 14.013 -12.4766
v 1603.34 69.9416 -396.661
vt 14.6359 -12.4766
vn -0.806969 -0.325741 0.492639
f 301/693/263 296/694/254 295/695/253 302/696/264 

vt 14.6359 -22.4271
vn -0.806969 -0.325741 0.492639
vt 14.013 -22.4271
vt 13.9636 -23.0355
vn -0.81736 -0.462851 0.343062
v 1607.64 55.7367 -401.64
vt 14.5377 -23.0355
vn -0.749088 -0.479547 0.457058
f 302/697/265 295/698/253 294/699/266 303/700/267 

vt 14.5377 -32.5718
vn -0.749088 -0.479547 0.457058
vt 13.9636 -32.5718
vt 13.8966 -33.1728
v 1613.47 42.8978 -408.398
vt 14.4044 -33.1728
vn -0.668604 -0.62191 0.407672
f 303/701/268 294/702/252 293/703/250 304/704/269 

vt 14.4044 -42.0126
vn -0.668604 -0.62191 0.407672
vt 13.8966 -42.0126
vt 13.814 -42.6052
v 1620.67 31.815 -416.729
vt 14.24 -42.6052
vn -0.566548 -0.748245 0.345185
f 304/705/270 293/706/250 292/707/251 305/708/271 

vt 14.24 -50.4075
vn -0.566548 -0.748245 0.345185
vt 13.814 -50.4075
vt 13.7182 -50.9915
v 1629 22.8251 -426.381
vt 14.0497 -50.9915
vn -0.444864 -0.853662 0.270847
f 305/709/272 292/710/251 290/711/243 306/712/273 

vt 14.0497 -57.371
vn -0.444864 -0.853662 0.270847
vt 13.7182 -57.371
vn -0.496313 -0.842882 0.207903
vt 13.6123 -57.9473
v 1638.23 16.2013 -437.059
vt 13.839 -57.9473
vn -0.306696 -0.933335 0.18661
f 306/713/274 290/714/275 291/715/246 307/716/276 

vt 13.839 -62.5142
vt 13.6123 -62.5142
vn -0.344396 -0.927687 0.144181
vt 13.4994 -63.0848
vn -0.176537 -0.981518 0.0738769
vt 13.6146 -63.0848
f 307/717/276 291/718/277 261/719/278 260/720/185 

vt 4.12103 -63.5217
vt 3.88491 -63.5217
vt 3.81099 -64.0714
vt 3.93087 -64.0714
f 291/721/246 289/722/240 262/723/186 261/724/183 

v 1641.44 16.2013 -432.626
vt 24.1274 -59.8888
vn -0.25923 -0.939475 0.224022
vt 23.9119 -59.8888
vt 23.7761 -60.4867
vt 23.8856 -60.4867
f 308/725/279 307/726/276 260/727/185 259/728/178 

v 1633.7 22.8251 -419.9
vt 24.3544 -55.2573
vn -0.378736 -0.865619 0.32751
vt 24.0393 -55.2573
vt 23.9119 -55.8576
vt 24.1274 -55.8576
vn -0.25923 -0.939475 0.224022
f 309/729/280 306/730/274 307/731/276 308/732/281 

v 1626.71 31.815 -408.398
vt 24.5595 -48.9067
vn -0.486545 -0.765489 0.421071
vt 24.1544 -48.9067
vn -0.566548 -0.748245 0.345185
vt 24.0393 -49.5101
vt 24.3544 -49.5101
vn -0.378736 -0.865619 0.32751
f 310/733/282 305/734/283 306/735/274 309/736/284 

v 1620.67 42.8978 -398.469
vt 24.7366 -41.0958
vn -0.579425 -0.642174 0.501876
vt 24.2538 -41.0958
vt 24.1544 -41.7027
vt 24.5595 -41.7027
vn -0.486545 -0.765489 0.421071
f 311/737/285 304/738/269 305/739/283 310/740/286 

v 1615.77 55.7367 -390.415
vt 24.8802 -32.1147
vn -0.654635 -0.499435 0.567466
vt 24.3344 -32.1147
vn -0.749088 -0.479547 0.457058
vt 24.2538 -32.7251
vt 24.7366 -32.7251
f 312/741/287 303/742/288 304/743/270 311/744/285 

v 1612.16 69.9416 -384.481
vt 24.986 -22.2629
vn -0.709975 -0.341594 0.615832
vt 24.3938 -22.2629
vt 24.3344 -22.8763
vt 24.8802 -22.8763
f 313/745/289 302/746/265 303/747/267 312/748/287 

v 1609.95 85.0809 -380.847
vt 25.0508 -11.8346
vn -0.743835 -0.173421 0.645472
vt 24.4302 -11.8346
vt 24.3938 -12.4503
vt 24.986 -12.4503
f 314/749/290 301/750/263 302/751/265 313/752/289 

v 1609.21 100.695 -379.623
vt 25.0726 -1.11264
vn -0.754509 -0.0435599 0.654842
vt 24.4425 -1.11264
vt 24.4302 -1.72955
vt 25.0508 -1.72955
f 315/753/291 299/754/260 301/755/263 314/756/290 

vt 24.4425 3.96436
vt 25.0726 3.96436
v 1609.21 190.611 -379.623
vt 25.0726 7.50436
vn -0.754509 0.0435599 0.654842
vt 24.4425 7.50436
f 299/757/260 315/758/291 316/759/292 300/760/261 

vt 35.1744 3.96436
vn -0.754509 -0.0435599 0.654842
v 1620.09 100.695 -369.11
vt 35.7701 3.96436
vn -0.620354 -0.0460902 0.782966
v 1620.09 190.611 -369.11
vt 35.7701 7.50436
vn -0.620354 0.0460902 0.782966
vt 35.1744 7.50436
f 315/761/293 317/762/294 318/763/295 316/764/292 

vt 35.7701 -0.932982
vn -0.620354 -0.0460902 0.782966
vt 35.1744 -0.932982
vn -0.754509 -0.0435599 0.654842
vt 35.162 -1.55015
vn -0.743835 -0.173421 0.645472
v 1620.67 85.0809 -370.493
vt 35.7486 -1.55015
vn -0.610595 -0.183069 0.770493
f 317/765/296 315/766/297 314/767/298 319/768/299 

vt 35.7486 -11.2606
vn -0.610595 -0.183069 0.770493
vt 35.162 -11.2606
vt 35.1252 -11.8786
v 1622.39 69.9416 -374.602
vt 35.6849 -11.8786
vn -0.579925 -0.358771 0.731417
f 319/769/300 314/770/290 313/771/289 320/772/301 

vt 35.6849 -21.1866
vn -0.579925 -0.358771 0.731417
vt 35.1252 -21.1866
vn -0.709975 -0.341594 0.615832
vt 35.065 -21.8062
v 1625.2 55.7367 -381.31
vt 35.5808 -21.8062
vn -0.53073 -0.520535 0.668857
f 320/773/302 313/774/303 312/775/287 321/776/304 

vt 35.5808 -30.389
vn -0.53073 -0.520535 0.668857
vt 35.065 -30.389
vt 34.9833 -31.0108
v 1629 42.8978 -390.415
vt 35.4396 -31.0108
vn -0.465517 -0.663127 0.586137
f 321/777/305 312/778/287 311/779/285 322/780/306 

vt 35.4396 -38.5882
vn -0.465517 -0.663127 0.586137
vt 34.9833 -38.5882
vn -0.579425 -0.642174 0.501876
vt 34.8826 -39.2123
v 1633.7 31.815 -401.64
vt 35.2655 -39.2123
vn -0.387202 -0.782839 0.48707
f 322/781/307 311/782/308 310/783/282 323/784/309 

vt 35.2655 -45.5548
vn -0.387202 -0.782839 0.48707
vt 34.8826 -45.5548
vt 34.7659 -46.1813
v 1639.14 22.8251 -414.643
vt 35.0638 -46.1813
vn -0.298768 -0.877345 0.375504
f 323/785/310 310/786/286 309/787/280 324/788/311 

vt 35.0638 -51.111
vn -0.298768 -0.877345 0.375504
vt 34.7659 -51.111
vn -0.378736 -0.865619 0.32751
vt 34.6369 -51.7396
v 1645.16 16.2013 -429.03
vt 34.8406 -51.7396
vn -0.203052 -0.945372 0.255032
f 324/789/312 309/790/313 308/791/281 325/792/314 

vt 34.8406 -55.1267
vn -0.203052 -0.945372 0.255032
vt 34.6369 -55.1267
vn -0.25923 -0.939475 0.224022
vt 34.4993 -55.7569
vt 34.6027 -55.7569
f 325/793/315 308/794/316 259/795/178 258/796/180 

v 1649.28 16.2013 -426.381
vt 45.5195 -47.6538
vn -0.139697 -0.950274 0.278325
vt 45.3267 -47.6538
vt 45.2124 -48.3176
vt 45.3103 -48.3176
f 326/797/317 325/798/315 258/799/176 257/800/174 

v 1645.16 22.8251 -410.77
vt 45.7158 -44.3146
vn -0.206785 -0.887281 0.412278
vt 45.434 -44.3146
vt 45.3267 -44.973
vt 45.5195 -44.973
f 327/801/318 324/802/311 325/803/314 326/804/317 

v 1641.44 31.815 -396.661
vt 45.8932 -39.6923
vn -0.270054 -0.797899 0.538914
vt 45.5309 -39.6923
vn -0.387202 -0.782839 0.48707
vt 45.434 -40.3434
vt 45.7158 -40.3434
vn -0.206785 -0.887281 0.412278
f 328/805/319 323/806/320 324/807/312 327/808/321 

v 1638.23 42.8978 -384.481
vt 46.0463 -33.8181
vn -0.327461 -0.681801 0.654153
vt 45.6146 -33.8181
vt 45.5309 -34.4606
vt 45.8932 -34.4606
f 329/809/322 322/810/307 323/811/320 328/812/319 

v 1635.62 55.7367 -374.602
vt 46.1705 -26.7663
vn -0.376493 -0.539828 0.752886
vt 45.6824 -26.7663
vn -0.53073 -0.520535 0.668857
vt 45.6146 -27.4002
vn -0.465517 -0.663127 0.586137
vt 46.0463 -27.4002
vn -0.327461 -0.681801 0.654153
f 330/813/323 321/814/324 322/815/325 329/816/326 

v 1633.7 69.9416 -367.322
vt 46.262 -18.6821
vn -0.414357 -0.37482 0.829348
vt 45.7324 -18.6821
vt 45.6824 -19.3084
vt 46.1705 -19.3084
vn -0.376493 -0.539828 0.752886
f 331/817/327 320/818/302 321/819/304 330/820/328 

v 1632.52 85.0809 -362.864
vt 46.3181 -9.80156
vn -0.438391 -0.192213 0.877991
vt 45.763 -9.80156
vn -0.610595 -0.183069 0.770493
vt 45.7324 -10.4221
vn -0.579925 -0.358771 0.731417
vt 46.262 -10.4221
vn -0.414357 -0.37482 0.829348
f 332/821/329 319/822/330 320/823/331 331/824/332 

v 1632.13 100.695 -361.363
vt 46.3369 -0.453694
vn -0.446107 -0.0485043 0.893664
vt 45.7734 -0.453694
vt 45.763 -1.07115
vt 46.3181 -1.07115
vn -0.438391 -0.192213 0.877991
f 333/825/333 317/826/296 319/827/299 332/828/334 

vt 45.7734 3.96436
vn -0.620354 -0.0460902 0.782966
vt 46.3369 3.96436
vn -0.446107 -0.0485043 0.893664
v 1632.13 190.611 -361.363
vt 46.3369 7.50436
vn -0.446107 0.0485043 0.893664
vt 45.7734 7.50436
vn -0.620354 0.0460902 0.782966
f 317/829/335 333/830/336 334/831/337 318/832/338 

vt 55.3346 3.96436
v 1644.96 100.695 -356.619
vt 55.8731 3.96436
vn -0.234658 -0.0502935 0.970776
v 1644.96 190.611 -356.619
vt 55.8731 7.50436
vn -0.234658 0.0502935 0.970776
vt 55.3346 7.50436
f 333/833/333 335/834/339 336/835/340 334/836/337 

vt 55.8731 0.435845
vn -0.234658 -0.0502935 0.970776
vt 55.3346 0.435845
vt 55.3287 -0.181873
vn -0.438391 -0.192213 0.877991
v 1645.16 85.0809 -358.192
vt 55.8591 -0.181873
vn -0.23032 -0.198952 0.95256
f 335/837/341 333/838/336 332/839/342 337/840/343 

vt 55.8591 -7.14779
vn -0.23032 -0.198952 0.95256
vt 55.3287 -7.14779
vt 55.3113 -7.77061
v 1645.76 69.9416 -362.864
vt 55.8173 -7.77061
vn -0.216897 -0.386502 0.896422
f 337/841/344 332/842/329 331/843/327 338/844/345 

vt 55.8173 -14.3012
vt 55.3113 -14.3012
vn -0.414357 -0.37482 0.829348
vt 55.2828 -14.9335
v 1646.73 55.7367 -370.493
vt 55.7492 -14.9335
vn -0.196031 -0.553619 0.809369
f 338/845/345 331/846/346 330/847/328 339/848/347 

vt 55.7492 -20.7363
vn -0.196031 -0.553619 0.809369
vt 55.2828 -20.7363
vt 55.2441 -21.3811
v 1648.05 42.8978 -380.847
vt 55.6566 -21.3811
vn -0.169464 -0.694868 0.698885
f 339/849/348 330/850/323 329/851/326 340/852/349 

vt 55.6566 -26.2785
vn -0.169464 -0.694868 0.698885
vt 55.2441 -26.2785
vt 55.1964 -26.9373
v 1649.69 31.815 -393.611
vt 55.5426 -26.9373
vn -0.138916 -0.808215 0.572269
f 340/853/350 329/854/326 328/855/319 341/856/351 

vt 55.5426 -30.8529
vt 55.1964 -30.8529
vt 55.1412 -31.5254
v 1651.57 22.8251 -408.398
vt 55.4104 -31.5254
vn -0.105813 -0.893958 0.435479
f 341/857/351 328/858/319 327/859/321 342/860/352 

vt 55.4104 -34.4495
vn -0.105813 -0.893958 0.435479
vt 55.1412 -34.4495
vn -0.206785 -0.887281 0.412278
vt 55.08 -35.1338
v 1653.67 16.2013 -424.758
vt 55.2642 -35.1338
vn -0.0711959 -0.95352 0.292799
f 342/861/353 327/862/354 326/863/317 343/864/355 

vt 55.2642 -37.0873
vn -0.0711959 -0.95352 0.292799
vt 55.08 -37.0873
vt 55.0149 -37.7802
vt 55.1084 -37.7802
f 343/865/356 326/866/317 257/867/174 256/868/171 

vt 62.8106 -23.6374
vt 62.6311 -23.6374
vn -0.0711959 -0.95352 0.292799
vt 62.6359 -24.3477
vt 62.727 -24.3477
vn -0.00901613 -0.988739 0.149376
f 254/869/165 343/870/357 256/871/171 255/872/358 

vt 62.889 -21.7102
vt 62.6266 -21.7102
vt 62.6311 -22.4099
vn -0.0711959 -0.95352 0.292799
vt 62.8106 -22.4099
f 253/873/162 342/874/353 343/875/359 254/876/165 

vt 62.9598 -19.194
vt 62.6225 -19.194
vt 62.6266 -19.8794
vt 62.889 -19.8794
f 251/877/158 341/878/351 342/879/352 253/880/162 

vt 63.021 -16.0698
vt 62.619 -16.0698
vn -0.169464 -0.694868 0.698885
vt 62.6225 -16.7384
vn -0.138916 -0.808215 0.572269
vt 62.9598 -16.7384
f 252/881/161 340/882/360 341/883/361 251/884/164 

v 1658.19 55.7367 -369.11
vt 63.0706 -12.3344
vn -0.049882 -0.557936 0.828383
vt 62.6162 -12.3344
vt 62.619 -12.9859
vn -0.169464 -0.694868 0.698885
vt 63.021 -12.9859
f 344/885/362 339/886/348 340/887/363 252/888/161 

v 1658.19 69.9416 -361.363
vt 63.1071 -8.02884
vn -0.0553122 -0.390193 0.91907
vt 62.6141 -8.02884
vt 62.6162 -8.66479
vt 63.0706 -8.66479
vn -0.049882 -0.557936 0.828383
f 345/889/364 338/890/345 339/891/348 344/892/365 

v 1658.19 85.0809 -356.619
vt 63.1295 -3.2668
vn -0.0588241 -0.201095 0.977804
vt 62.6128 -3.2668
vt 62.6141 -3.89101
vt 63.1071 -3.89101
vn -0.0553122 -0.390193 0.91907
f 346/893/366 337/894/343 338/895/345 345/896/367 

v 1658.19 100.695 -355.021
vt 63.1371 1.75091
vn -0.0799237 -0.0678009 0.994492
vt 62.6123 1.75091
vt 62.6128 1.13304
vt 63.1295 1.13304
vn -0.0588241 -0.201095 0.977804
f 347/897/368 335/898/341 337/899/343 346/900/369 

vt 62.6123 3.96436
vt 63.1371 3.96436
v 1658.19 190.611 -355.021
vt 63.1371 7.50436
vn -0.0799237 0.0678009 0.994492
vt 62.6123 7.50436
f 335/901/339 347/902/368 348/903/370 336/904/340 

v 1772.49 190.611 -355.021
vt 69.7831 7.50436
vt 65.2831 7.50436
vt 65.2831 3.96436
v 1772.49 100.695 -355.021
vt 69.7831 3.96436
f 349/905/5 348/906/5 347/907/5 350/908/5 

vt 69.7831 8.88806
vn 0.0799237 0.0678009 0.994492
v 1772.49 206.224 -356.619
vt 69.7831 9.50599
vn 0.0588241 0.201095 0.977804
v 1658.19 206.224 -356.619
vt 65.2831 9.50599
vn -0.0588241 0.201095 0.977804
vt 65.2831 8.88806
f 349/909/371 351/910/372 352/911/373 348/912/370 

vt 70.9554 8.02297
v 1785.72 190.611 -356.619
vt 71.4801 8.02297
vn 0.234658 0.0502935 0.970776
v 1785.52 206.224 -358.192
vt 71.4797 8.64085
vn 0.23032 0.198952 0.95256
vt 70.9629 8.64085
f 349/913/371 353/914/374 354/915/375 351/916/372 

vt 71.4801 7.50436
vn 0.234658 0.0502935 0.970776
vt 70.9554 7.50436
vt 70.9554 3.96436
vn 0.0799237 -0.0678009 0.994492
v 1785.72 100.695 -356.619
vt 71.4801 3.96436
vn 0.234658 -0.0502935 0.970776
f 353/917/376 349/918/371 350/919/377 355/920/378 

vt 71.4801 3.38702
vt 70.9554 3.38702
v 1772.49 85.0809 -356.619
vt 70.9629 2.76915
vn 0.0588241 -0.201095 0.977804
v 1785.52 85.0809 -358.192
vt 71.4797 2.76915
vn 0.23032 -0.198952 0.95256
f 355/921/378 350/922/377 356/923/379 357/924/380 

vt 65.2831 2.52108
vt 65.2831 1.90316
vt 69.7831 1.90316
vn 0.0588241 -0.201095 0.977804
vt 69.7831 2.52108
f 347/925/368 346/926/369 356/927/381 350/928/377 

vt 65.2831 -1.00198
vt 65.2831 -1.6266
v 1772.49 69.9416 -361.363
vt 69.7831 -1.6266
vn 0.0553122 -0.390193 0.91907
vt 69.7831 -1.00198
f 346/929/369 345/930/367 358/931/382 356/932/381 

vt 65.2831 -4.39401
vt 65.2831 -5.03101
v 1772.49 55.7367 -369.11
vt 69.7831 -5.03101
vn 0.049882 -0.557936 0.828383
vt 69.7831 -4.39401
vn 0.0553122 -0.390193 0.91907
f 345/933/364 344/934/362 359/935/383 358/936/384 

vt 65.2831 -7.50912
vn -0.049882 -0.557936 0.828383
vt 65.2831 -8.16245
vt 69.7831 -8.16245
vt 69.7831 -7.50912
f 344/937/385 252/938/161 250/939/160 359/940/383 

vt 71.4763 -2.12175
vn 0.196031 -0.553619 0.809369
vt 71.0218 -2.12175
vn 0.049882 -0.557936 0.828383
vt 71.0715 -2.77318
vt 71.4734 -2.77318
f 249/941/386 359/942/387 250/943/160 248/944/153 

v 1784.92 69.9416 -362.864
vt 71.4784 -0.320832
vn 0.216897 -0.386502 0.896422
vt 70.9853 -0.320832
vt 71.0218 -0.956786
vn 0.049882 -0.557936 0.828383
vt 71.4763 -0.956786
f 360/945/388 358/946/384 359/947/389 249/948/386 

vt 71.4797 1.54249
vt 70.9629 1.54249
vt 70.9853 0.918278
vt 71.4784 0.918278
f 357/949/380 356/950/379 358/951/384 360/952/388 

v 1798.16 85.0809 -362.864
vt 71.3542 6.44106
vn 0.438391 -0.192213 0.877991
vt 70.8239 6.44106
vt 70.8656 5.81824
v 1796.98 69.9416 -367.322
vt 71.3717 5.81824
vn 0.414357 -0.37482 0.829348
f 361/953/390 357/954/380 360/955/388 362/956/391 

v 1798.55 100.695 -361.363
vt 71.3483 5.04959
vn 0.446107 -0.0485043 0.893664
vt 70.8098 5.04959
vt 70.8239 4.43187
vt 71.3542 4.43187
f 363/957/392 355/958/378 357/959/380 361/960/390 

v 1798.55 190.611 -361.363
vt 71.3483 7.50436
vn 0.446107 0.0485043 0.893664
vt 70.8098 7.50436
vt 70.8098 3.96436
vt 71.3483 3.96436
f 364/961/393 353/962/376 355/963/378 363/964/392 

vt 70.8098 6.36336
vt 71.3483 6.36336
vn 0.446107 0.0485043 0.893664
v 1798.16 206.224 -362.864
vt 71.3542 6.98108
vn 0.438391 0.192213 0.877991
vt 70.8239 6.98108
f 353/965/374 364/966/394 365/967/395 354/968/375 

vt 67.2444 4.98965
v 1810.59 190.611 -369.11
vt 67.808 4.98965
vn 0.620354 0.0460902 0.782966
v 1810.01 206.224 -370.493
vt 67.8183 5.60711
vn 0.610595 0.183069 0.770493
vt 67.2633 5.60711
vn 0.438391 0.192213 0.877991
f 364/969/393 366/970/396 367/971/397 365/972/398 

vt 67.808 7.50436
vn 0.620354 0.0460902 0.782966
vt 67.2444 7.50436
vt 67.2444 3.96436
v 1810.59 100.695 -369.11
vt 67.808 3.96436
vn 0.620354 -0.0460902 0.782966
f 366/973/399 364/974/393 363/975/392 368/976/400 

vt 67.808 6.42811
vt 67.2444 6.42811
vt 67.2633 5.81066
v 1810.01 85.0809 -370.493
vt 67.8183 5.81066
vn 0.610595 -0.183069 0.770493
f 368/977/400 363/978/392 361/979/390 369/980/401 

vt 67.8183 10.5334
vn 0.610595 -0.183069 0.770493
vt 67.2633 10.5334
vt 67.3193 9.91283
vn 0.414357 -0.37482 0.829348
v 1808.29 69.9416 -374.602
vt 67.8489 9.91283
vn 0.579925 -0.358771 0.731417
f 369/981/402 361/982/390 362/983/403 370/984/404 

vt 67.8489 14.2176
vt 67.3193 14.2176
vt 67.4108 13.5913
vn 0.376493 -0.539828 0.752886
vt 67.8989 13.5913
f 370/985/404 362/986/403 247/987/405 246/988/148 

vt 71.3717 7.55512
vt 70.8656 7.55512
vn 0.216897 -0.386502 0.896422
vt 70.9338 6.92283
vt 71.4002 6.92283
f 362/989/403 360/990/406 249/991/152 247/992/405 

vt 62.0043 19.2158
vt 61.4446 19.2158
vt 61.5486 18.5962
vt 62.0645 18.5962
f 245/993/140 370/994/404 246/995/148 244/996/138 

v 1820.73 85.0809 -380.847
vt 61.9675 13.5459
vn 0.743835 -0.173421 0.645472
vt 61.3808 13.5459
vt 61.4446 12.9279
vt 62.0043 12.9279
vn 0.709975 -0.341594 0.615832
f 371/997/407 369/998/402 370/999/404 245/1000/408 

v 1821.47 100.695 -379.623
vt 61.9551 7.43187
vn 0.754509 -0.0435599 0.654842
vt 61.3594 7.43187
vt 61.3808 6.8147
vt 61.9675 6.8147
f 372/1001/409 368/1002/400 369/1003/402 371/1004/407 

v 1821.47 190.611 -379.623
vt 61.9551 7.50436
vn 0.754509 0.0435599 0.654842
vt 61.3594 7.50436
vt 61.3594 3.96436
vn 0.620354 -0.0460902 0.782966
vt 61.9551 3.96436
f 373/1005/410 366/1006/399 368/1007/411 372/1008/409 

vt 61.3594 3.99121
vt 61.9551 3.99121
vn 0.754509 0.0435599 0.654842
v 1820.73 206.224 -380.847
vt 61.9675 4.60838
vn 0.743835 0.173421 0.645472
vt 61.3808 4.60838
f 366/1009/396 373/1010/412 374/1011/413 367/1012/397 

vt 54.1809 3.32271
vn 0.754509 0.0435599 0.654842
v 1830.86 190.611 -392.584
vt 54.811 3.32271
vn 0.852684 0.0412705 0.520795
v 1829.98 206.224 -393.611
vt 54.8233 3.93962
vn 0.841795 0.164639 0.514077
vt 54.2027 3.93962
vn 0.743835 0.173421 0.645472
f 373/1013/414 375/1014/415 376/1015/416 374/1016/417 

vt 54.811 7.50436
vt 54.1809 7.50436
vt 54.1809 3.96436
v 1830.86 100.695 -392.584
vt 54.811 3.96436
vn 0.852684 -0.0412705 0.520795
f 375/1017/415 373/1018/414 372/1019/409 377/1020/418 

vt 54.811 8.1052
vt 54.1809 8.1052
vt 54.2027 7.48829
vt 54.8233 7.48829
f 377/1021/418 372/1022/409 371/1023/407 243/1024/136 

vt 54.8233 15.5922
vt 54.2027 15.5922
vn 0.743835 -0.173421 0.645472
vt 54.2675 14.9765
vt 54.8597 14.9765
f 243/1025/136 371/1026/419 245/1027/140 242/1028/133 

vt 47.0617 8.54313
vn 0.921238 -0.0394141 0.386997
vt 46.3988 8.54313
vt 46.4191 7.92643
vt 47.0719 7.92643
f 241/1029/420 377/1030/418 243/1031/136 240/1032/135 

v 1838.48 190.611 -407.599
vt 47.0617 7.50436
vn 0.921238 0.0394141 0.386997
vt 46.3988 7.50436
vt 46.3988 3.96436
vt 47.0617 3.96436
f 378/1033/421 375/1034/415 377/1035/418 241/1036/131 

vt 46.3988 2.88869
vt 47.0617 2.88869
v 1837.48 206.224 -408.398
vt 47.0719 3.50539
vn 0.910466 0.15748 0.382429
vt 46.4191 3.50539
vn 0.841795 0.164639 0.514077
f 375/1037/415 378/1038/421 379/1039/422 376/1040/423 

vt 38.3736 2.59894
vt 39.0639 2.59894
v 1843.01 206.224 -424.758
vt 39.0706 3.21548
vn 0.955426 0.15228 0.252929
vt 38.3907 3.21548
f 378/1041/421 239/1042/126 380/1043/424 379/1044/422 

vt 39.0639 7.50436
vt 38.3736 7.50436
vt 38.3736 3.96436
vt 39.0639 3.96436
vn 0.965993 -0.0380709 0.255751
f 239/1045/126 378/1046/421 241/1047/131 238/1048/425 

vt 30.2335 2.38667
vt 30.9436 2.38667
v 1846.39 206.224 -442.195
vt 30.9457 3.00312
vn 0.980784 0.149148 0.125766
vt 30.2465 3.00312
f 239/1049/126 237/1050/121 381/1051/426 380/1052/424 

vt 21.9656 2.20839
vt 22.6859 2.20839
vt 22.6831 2.82478
vt 21.9737 2.82478
vn 0.980784 0.149148 0.125766
f 237/1053/121 236/1054/117 234/1055/119 381/1056/427 

vt 21.9737 -7.87234
vn 0.980784 0.149148 0.125766
vt 22.6831 -7.87234
vt 22.6745 -7.26118
v 1843.01 221.364 -443.018
vt 21.9976 -7.26118
vn 0.947037 0.297289 0.12141
f 381/1057/428 234/1058/119 235/1059/116 382/1060/429 

vt 21.9976 -18.0552
vt 22.6745 -18.0552
vn 0.954953 0.295212 0.0302433
v 1838.48 235.569 -460.177
vt 22.6605 -17.454
vn 0.89748 0.440138 0.0284261
v 1837.48 235.569 -444.364
vt 22.0367 -17.454
vn 0.889315 0.442866 0.113966
f 382/1061/429 235/1062/430 383/1063/431 384/1064/432 

vt 18.1172 -17.9762
vt 18.1172 -18.5776
vt 24.3272 -18.5776
v 1838.48 235.569 -617.911
vt 24.3272 -17.9762
vn 0.89748 0.440138 -0.0284261
f 383/1065/431 235/1066/430 233/1067/115 385/1068/433 

vt 19.6849 -19.0404
vt 19.7077 -19.0404
vt 19.7217 -18.4393
vn 0.89639 0.439609 -0.0568289
vt 19.6989 -18.4393
vn 0.89748 0.440138 -0.0284261
f 233/1069/115 149/1070/111 148/1071/434 385/1072/435 

vt 19.6989 -29.6128
vt 19.7217 -29.6128
vt 19.7407 -29.0253
vn 0.813204 0.57969 -0.0515552
v 1830.86 248.408 -617.911
vt 19.7179 -29.0253
vn 0.81402 0.580264 -0.0257862
f 385/1073/433 148/1074/434 147/1075/436 386/1076/437 

vt 19.7179 -39.9811
vt 19.7407 -39.9811
vt 19.7641 -39.4097
vn 0.701975 0.71081 -0.0445035
v 1821.47 259.49 -617.911
vt 19.7412 -39.4097
vn 0.702502 0.711333 -0.0222573
f 386/1077/437 147/1078/436 146/1079/438 387/1080/439 

vt 19.7412 -49.7975
vt 19.7641 -49.7975
vt 19.7912 -49.2424
vn 0.561616 0.826631 -0.0356051
v 1810.59 268.48 -617.911
vt 19.7684 -49.2424
vn 0.56189 0.82702 -0.0178053
f 387/1081/439 146/1082/438 145/1083/440 388/1084/441 

vt 19.7684 -58.5432
vn 0.56189 0.82702 -0.0178053
vt 19.7912 -58.5432
vt 19.8212 -58.003
vn 0.393545 0.918967 -0.0249498
v 1798.55 275.104 -617.911
vt 19.7983 -58.003
vn 0.393643 0.919179 -0.0124758
f 388/1085/442 145/1086/440 144/1087/443 389/1088/444 

vt 19.7983 -65.5634
vt 19.8212 -65.5634
vt 19.8531 -65.0346
vn 0.203105 0.979072 -0.0128763
v 1785.72 279.161 -617.911
vt 19.8303 -65.0346
vn 0.203121 0.979132 -0.00643825
f 389/1089/444 144/1090/443 143/1091/445 390/1092/446 

vt 19.8303 -70.1909
vn 0.203121 0.979132 -0.00643825
vt 19.8531 -70.1909
vt 19.8801 -69.7637
vn 0.102689 0.994692 -0.00651021
v 1772.49 280.527 -617.911
vt 19.8633 -69.6683
vn 0.10269 0.994708 -0.00325512
f 390/1093/447 143/1094/445 142/1095/448 391/1096/449 

v 1772.49 280.527 -460.177
vt 18.1172 -68.28
vn 0.063204 0.996947 0.0458498
v 1785.72 279.161 -460.177
vt 18.1172 -68.8037
vn 0.203121 0.979132 0.00643825
vt 24.3272 -68.8037
vt 24.3272 -68.28
f 392/1097/450 393/1098/451 390/1099/446 391/1100/449 

v 1785.52 279.161 -457.006
vt 22.404 -67.5197
vn 0.200121 0.979437 0.0255767
vt 22.5291 -67.5197
vn 0.203121 0.979132 0.00643825
vt 22.4961 -66.997
vn 0.063204 0.996947 0.0458498
f 394/1101/452 393/1102/453 392/1103/454

v 1798.16 275.104 -453.932
vt 22.3147 -63.0033
vn 0.388156 0.920256 0.0496281
v 1798.55 275.104 -460.177
vt 22.5611 -63.0033
vn 0.393643 0.919179 0.0124758
vt 22.5291 -62.4746
vt 22.404 -62.4746
f 395/1104/455 396/1105/456 393/1106/453 394/1107/452 

v 1810.01 268.48 -451.047
vt 22.2309 -56.1914
vn 0.554721 0.829004 0.0709641
v 1810.59 268.48 -460.177
vt 22.591 -56.1914
vn 0.56189 0.82702 0.0178053
vt 22.5611 -55.6513
vn 0.393643 0.919179 0.0124758
vt 22.3147 -55.6513
f 397/1108/457 398/1109/458 396/1110/459 395/1111/455 

v 1820.73 259.49 -448.44
vt 22.1551 -47.7289
vn 0.694466 0.714013 0.0888968
v 1821.47 259.49 -460.177
vt 22.6181 -47.7289
vn 0.702502 0.711333 0.0222573
vt 22.591 -47.1739
vn 0.56189 0.82702 0.0178053
vt 22.2309 -47.1739
vn 0.554721 0.829004 0.0709641
f 399/1112/460 400/1113/461 398/1114/462 397/1115/463 

v 1829.98 248.408 -446.189
vt 22.0897 -38.2469
vn 0.805738 0.583212 0.103202
v 1830.86 248.408 -460.177
vt 22.6415 -38.2469
vn 0.81402 0.580264 0.0257862
vt 22.6181 -37.6755
vt 22.1551 -37.6755
vn 0.694466 0.714013 0.0888968
f 401/1116/464 402/1117/465 400/1118/461 399/1119/466 

vt 22.0367 -28.2443
vn 0.889315 0.442866 0.113966
vt 22.6605 -28.2443
vt 22.6415 -27.6569
vt 22.0897 -27.6569
vn 0.805738 0.583212 0.103202
f 384/1120/467 383/1121/431 402/1122/465 401/1123/468 

vt 18.1172 -28.3735
vn 0.81402 0.580264 0.0257862
vt 18.1172 -28.9613
vt 24.3272 -28.9613
vt 24.3272 -28.3735
vn 0.81402 0.580264 -0.0257862
f 402/1124/469 383/1125/431 385/1126/433 386/1127/470 

vt 18.1172 -38.5692
vt 18.1172 -39.1411
vn 0.81402 0.580264 0.0257862
vt 24.3272 -39.1411
vt 24.3272 -38.5692
vn 0.702502 0.711333 -0.0222573
f 400/1128/461 402/1129/471 386/1130/437 387/1131/472 

vt 18.1172 -48.2196
vt 18.1172 -48.7753
vt 24.3272 -48.7753
vt 24.3272 -48.2196
f 398/1132/462 400/1133/461 387/1134/472 388/1135/441 

vt 18.1172 -56.8164
vt 18.1172 -57.3573
vt 24.3272 -57.3573
vt 24.3272 -56.8164
f 396/1136/459 398/1137/458 388/1138/441 389/1139/444 

vt 18.1172 -63.7199
vt 18.1172 -64.2496
vt 24.3272 -64.2496
vn 0.393643 0.919179 -0.0124758
vt 24.3272 -63.7199
f 393/1140/453 396/1141/456 389/1142/473 390/1143/446 

v 1834.5 235.569 -429.03
vt 30.3477 -26.9044
vn 0.86311 0.450448 0.228337
vt 30.9627 -26.9044
vt 30.9769 -26.3147
vn 0.805738 0.583212 0.103202
v 1827.34 248.408 -432.626
vt 30.433 -26.3147
vn 0.779621 0.591352 0.206138
f 403/1144/474 384/1145/467 401/1146/475 404/1147/476 

v 1839.78 221.364 -426.381
vt 30.2849 -17.1324
vn 0.921243 0.30309 0.243817
vt 30.9522 -17.1324
vt 30.9627 -16.53
vt 30.3477 -16.53
vn 0.86311 0.450448 0.228337
f 405/1148/477 382/1149/429 384/1150/467 403/1151/478 

vt 30.2465 -7.33228
vt 30.9457 -7.33228
vt 30.9522 -6.72069
vt 30.2849 -6.72069
vn 0.921243 0.30309 0.243817
f 380/1152/424 381/1153/426 382/1154/429 405/1155/479 

vt 38.3907 -6.68535
vt 39.0706 -6.68535
vt 39.0904 -6.07287
v 1834.5 221.364 -410.77
vt 38.4417 -6.07287
vn 0.875783 0.312668 0.367754
f 379/1156/422 380/1157/424 405/1158/477 406/1159/480 

vt 38.4417 -16.0091
vn 0.875783 0.312668 0.367754
vt 39.0904 -16.0091
vt 39.1228 -15.4044
v 1829.64 235.569 -414.643
vt 38.5249 -15.4044
vn 0.81736 0.462851 0.343062
f 406/1160/481 405/1161/477 403/1162/474 407/1163/482 

vt 38.5249 -25.2359
vt 39.1228 -25.2359
vt 39.1667 -24.6418
v 1823.04 248.408 -419.9
vt 38.6378 -24.6418
vn 0.734588 0.60451 0.308136
f 407/1164/482 403/1165/474 404/1166/476 408/1167/483 

vt 38.6378 -34.1573
vt 39.1667 -34.1573
v 1818.52 259.49 -437.059
vt 39.2208 -33.5753
vn 0.669581 0.721358 0.176931
v 1814.91 259.49 -426.381
vt 38.777 -33.5753
vn 0.627276 0.733066 0.262943
f 408/1168/483 404/1169/476 409/1170/484 410/1171/485 

vt 30.433 -36.4512
vt 30.9769 -36.4512
vt 30.9945 -35.8763
vn 0.694466 0.714013 0.0888968
vt 30.5381 -35.8763
f 404/1172/476 401/1173/475 399/1174/486 409/1175/484 

vt 30.5381 -45.4508
vn 0.669581 0.721358 0.176931
vt 30.9945 -45.4508
vt 31.0149 -44.891
v 1808.29 268.48 -442.195
vt 30.6598 -44.891
vn 0.532893 0.8344 0.140721
f 409/1176/487 399/1177/486 397/1178/463 411/1179/488 

vt 30.6598 -53.4416
vt 31.0149 -53.4416
vt 31.0374 -52.8955
v 1796.98 275.104 -447.876
vt 30.7945 -52.8955
vn 0.371673 0.923167 0.0980916
f 411/1180/488 397/1181/463 395/1182/455 412/1183/489 

vt 30.7945 -59.8558
vn 0.371673 0.923167 0.0980916
vt 31.0374 -59.8558
vt 31.0614 -59.3201
v 1784.92 279.161 -453.932
vt 30.9381 -59.3201
vn 0.19119 0.980256 0.0504387
f 412/1184/490 395/1185/455 394/1186/452 413/1187/491 

vt 30.9381 -64.1247
vt 31.0614 -64.1247
vt 31.0862 -63.5945
f 413/1188/491 394/1189/452 392/1190/454

v 1783.95 279.161 -451.047
vt 39.3068 -59.4725
vn 0.176537 0.981518 0.0738769
vt 39.4267 -59.4725
vt 39.5029 -58.9273
vn 0.063204 0.996947 0.0458498
f 414/1191/492 413/1192/491 392/1193/493

v 1795.06 275.104 -442.195
vt 39.1167 -55.5853
vn 0.344396 0.927687 0.144181
vt 39.3528 -55.5853
vt 39.4267 -55.0356
vt 39.3068 -55.0356
vn 0.176537 0.981518 0.0738769
f 415/1194/494 412/1195/490 413/1196/491 414/1197/495 

v 1805.49 268.48 -433.888
vt 38.9383 -49.7673
vn 0.496313 0.842882 0.207903
vt 39.2834 -49.7673
vn 0.532893 0.8344 0.140721
vt 39.3528 -49.2092
vn 0.371673 0.923167 0.0980916
vt 39.1167 -49.2092
f 416/1198/496 411/1199/497 412/1200/498 415/1201/494 

vt 38.777 -42.4688
vn 0.627276 0.733066 0.262943
vt 39.2208 -42.4688
vt 39.2834 -41.8994
vn 0.532893 0.8344 0.140721
vt 38.9383 -41.8994
vn 0.496313 0.842882 0.207903
f 410/1202/499 409/1203/487 411/1204/500 416/1205/501 

v 1810.01 259.49 -416.729
vt 46.8751 -38.4528
vn 0.566548 0.748245 0.345185
vt 47.3012 -38.4528
vt 47.3969 -37.8688
v 1801.68 268.48 -426.381
vt 47.0655 -37.8688
vn 0.444864 0.853662 0.270847
f 417/1206/502 410/1207/485 416/1208/496 418/1209/503 

v 1817.21 248.408 -408.398
vt 46.7108 -31.0495
vn 0.668604 0.62191 0.407672
vt 47.2186 -31.0495
vt 47.3012 -30.4568
vt 46.8751 -30.4568
vn 0.566548 0.748245 0.345185
f 419/1210/504 408/1211/483 410/1212/485 417/1213/505 

v 1823.04 235.569 -401.64
vt 46.5775 -22.9667
vn 0.749088 0.479547 0.457058
vt 47.1515 -22.9667
vt 47.2186 -22.3656
vt 46.7108 -22.3656
vn 0.668604 0.62191 0.407672
f 420/1214/506 407/1215/482 408/1216/483 419/1217/507 

v 1827.34 221.364 -396.661
vt 46.4792 -14.4786
vn 0.806969 0.325741 0.492639
vt 47.1021 -14.4786
vt 47.1515 -13.8701
vn 0.81736 0.462851 0.343062
vt 46.5775 -13.8701
vn 0.749088 0.479547 0.457058
f 421/1218/508 406/1219/481 407/1220/509 420/1221/510 

vt 46.4191 -5.8031
vt 47.0719 -5.8031
vt 47.1021 -5.18925
vt 46.4792 -5.18925
vn 0.806969 0.325741 0.492639
f 376/1222/416 379/1223/422 406/1224/481 421/1225/511 

vt 54.2027 -4.48995
vt 54.8233 -4.48995
vt 54.8597 -3.87424
v 1818.52 221.364 -384.481
vt 54.2675 -3.87424
vn 0.709975 0.341594 0.615832
f 374/1226/417 376/1227/416 421/1228/508 422/1229/512 

vt 54.2675 -12.231
vt 54.8597 -12.231
vt 54.9191 -11.6176
v 1814.91 235.569 -390.415
vt 54.3733 -11.6176
vn 0.654635 0.499435 0.567466
f 422/1230/512 421/1231/508 420/1232/510 423/1233/513 

vt 54.3733 -19.6986
vt 54.9191 -19.6986
vn 0.749088 0.479547 0.457058
vt 54.9997 -19.0883
v 1810.01 248.408 -398.469
vt 54.517 -19.0883
vn 0.579425 0.642174 0.501876
f 423/1234/513 420/1235/514 419/1236/504 424/1237/515 

vt 54.517 -26.678
vt 54.9997 -26.678
vt 55.0991 -26.0711
vn 0.566548 0.748245 0.345185
v 1803.97 259.49 -408.398
vt 54.694 -26.0711
vn 0.486545 0.765489 0.421071
f 424/1238/515 419/1239/507 417/1240/516 425/1241/517 

vt 54.694 -32.9438
vn 0.486545 0.765489 0.421071
vt 55.0991 -32.9438
vt 55.2142 -32.3404
vn 0.444864 0.853662 0.270847
v 1796.98 268.48 -419.9
vt 54.8991 -32.3404
vn 0.378736 0.865619 0.32751
f 425/1242/518 417/1243/516 418/1244/519 426/1245/520 

vt 54.8991 -38.27
vn 0.378736 0.865619 0.32751
vt 55.2142 -38.27
v 1792.46 275.104 -437.059
vt 55.3416 -37.6697
vn 0.306696 0.933335 0.18661
v 1789.24 275.104 -432.626
vt 55.1261 -37.6697
vn 0.25923 0.939475 0.224022
f 426/1246/521 418/1247/519 427/1248/522 428/1249/523 

vt 47.0655 -44.854
vt 47.3969 -44.854
vn 0.496313 0.842882 0.207903
vt 47.5028 -44.2776
vt 47.2761 -44.2776
f 418/1250/519 416/1251/524 415/1252/494 427/1253/522 

vt 47.2761 -49.9103
vt 47.5028 -49.9103
vn 0.344396 0.927687 0.144181
vt 47.6157 -49.3396
v 1782.63 279.161 -448.44
vt 47.5006 -49.3396
vn 0.156523 0.983076 0.0951977
f 427/1254/522 415/1255/525 414/1256/492 429/1257/526 

vt 47.5006 -53.3107
vt 47.6157 -53.3107
vt 47.7321 -52.7432
f 429/1258/526 414/1259/492 392/1260/493

v 1781 279.161 -446.189
vt 55.368 -45.2908
vn 0.131669 0.984747 0.113738
vt 55.4774 -45.2908
vn 0.156523 0.983076 0.0951977
vt 55.6174 -44.694
f 430/1261/527 429/1262/528 392/1263/493

vt 55.1261 -42.4448
vn 0.25923 0.939475 0.224022
vt 55.3416 -42.4448
vt 55.4774 -41.8468
vt 55.368 -41.8468
f 428/1264/529 427/1265/522 429/1266/526 430/1267/527 

v 1785.52 275.104 -429.03
vt 62.2889 -32.7577
vn 0.203052 0.945372 0.255032
vt 62.4926 -32.7577
vn 0.25923 0.939475 0.224022
vt 62.6302 -32.1275
v 1779.11 279.161 -444.364
vt 62.5268 -32.1275
vn 0.102664 0.98633 0.128889
f 431/1268/530 428/1269/531 430/1270/527 432/1271/532 

v 1791.54 268.48 -414.643
vt 62.0657 -29.5293
vn 0.298768 0.877345 0.375504
vt 62.3636 -29.5293
vn 0.378736 0.865619 0.32751
vt 62.4926 -28.9007
vt 62.2889 -28.9007
vn 0.203052 0.945372 0.255032
f 433/1272/533 426/1273/534 428/1274/523 431/1275/535 

v 1796.98 259.49 -401.64
vt 61.864 -25.411
vn 0.387202 0.782839 0.48707
vt 62.2469 -25.411
vt 62.3636 -24.7845
vt 62.0657 -24.7845
vn 0.298768 0.877345 0.375504
f 434/1276/536 425/1277/517 426/1278/521 433/1279/537 

v 1801.68 248.408 -390.415
vt 61.6899 -20.5025
vn 0.465517 0.663127 0.586137
vt 62.1462 -20.5025
vn 0.579425 0.642174 0.501876
vt 62.2469 -19.8784
vt 61.864 -19.8784
vn 0.387202 0.782839 0.48707
f 435/1280/538 424/1281/539 425/1282/518 434/1283/540 

v 1805.49 235.569 -381.31
vt 61.5486 -14.9333
vn 0.53073 0.520535 0.668857
vt 62.0645 -14.9333
vt 62.1462 -14.3116
vt 61.6899 -14.3116
vn 0.465517 0.663127 0.586137
f 436/1284/541 423/1285/513 424/1286/515 435/1287/542 

v 1808.29 221.364 -374.602
vt 61.4446 -8.86407
vn 0.579925 0.358771 0.731417
vt 62.0043 -8.86407
vn 0.709975 0.341594 0.615832
vt 62.0645 -8.24448
vt 61.5486 -8.24448
vn 0.53073 0.520535 0.668857
f 437/1288/543 422/1289/544 423/1290/513 436/1291/545 

vt 61.3808 -2.48502
vn 0.610595 0.183069 0.770493
vt 61.9675 -2.48502
vt 62.0043 -1.86701
vt 61.4446 -1.86701
vn 0.579925 0.358771 0.731417
f 367/1292/546 374/1293/417 422/1294/512 437/1295/547 

vt 67.2633 0.482545
vn 0.438391 0.192213 0.877991
vt 67.8183 0.482545
vn 0.610595 0.183069 0.770493
vt 67.8489 1.10308
vn 0.579925 0.358771 0.731417
v 1796.98 221.364 -367.322
vt 67.3193 1.10308
vn 0.414357 0.37482 0.829348
f 365/1296/548 367/1297/549 437/1298/550 438/1299/551 

vt 67.3193 -3.97644
vn 0.414357 0.37482 0.829348
vt 67.8489 -3.97644
vt 67.8989 -3.35016
v 1795.06 235.569 -374.602
vt 67.4108 -3.35016
vn 0.376493 0.539828 0.752886
f 438/1300/552 437/1301/543 436/1302/545 439/1303/553 

vt 67.4108 -8.20114
vn 0.376493 0.539828 0.752886
vt 67.8989 -8.20114
vn 0.53073 0.520535 0.668857
vt 67.9668 -7.5672
vn 0.465517 0.663127 0.586137
v 1792.46 248.408 -384.481
vt 67.535 -7.5672
vn 0.327461 0.681801 0.654153
f 439/1304/554 436/1305/555 435/1306/556 440/1307/557 

vt 67.535 -12.0474
vn 0.327461 0.681801 0.654153
vt 67.9668 -12.0474
vt 68.0504 -11.4049
vn 0.387202 0.782839 0.48707
v 1789.24 259.49 -396.661
vt 67.6882 -11.4049
vn 0.270054 0.797899 0.538914
f 440/1308/558 435/1309/538 434/1310/559 441/1311/560 

vt 67.6882 -15.4178
vt 68.0504 -15.4178
vt 68.1474 -14.7668
v 1785.52 268.48 -410.77
vt 67.8656 -14.7668
vn 0.206785 0.887281 0.412278
f 441/1312/560 434/1313/559 433/1314/533 442/1315/561 

vt 67.8656 -18.2551
vn 0.206785 0.887281 0.412278
vt 68.1474 -18.2551
vt 68.2546 -17.5967
v 1781.4 275.104 -426.381
vt 68.0618 -17.5967
vn 0.139697 0.950274 0.278325
f 442/1316/562 433/1317/537 431/1318/535 443/1319/563 

vt 68.0618 -20.5302
vt 68.2546 -20.5302
vt 68.3689 -19.8664
vn 0.102664 0.98633 0.128889
v 1777.02 279.161 -443.018
vt 68.271 -19.8664
vn 0.0703634 0.98763 0.140126
f 443/1320/563 431/1321/530 432/1322/564 444/1323/565 

vt 68.271 -22.2296
vt 68.3689 -22.2296
vt 68.4868 -21.5629
f 444/1324/565 432/1325/564 392/1326/454

vt 62.5268 -35.0231
vt 62.6302 -35.0231
vt 62.7721 -34.3921
f 432/1327/564 430/1328/527 392/1329/493

v 1774.79 279.161 -442.195
vt 71.5745 -7.03383
vn 0.0357701 0.988483 0.147041
vt 71.668 -7.03383
vt 71.7352 -6.33634
vn 0.063204 0.996947 0.0458498
f 445/1330/566 444/1331/565 392/1332/567

v 1777.02 275.104 -424.758
vt 71.4187 -5.85183
vn 0.0711959 0.95352 0.292799
vt 71.6029 -5.85183
vt 71.668 -5.15889
vn 0.0703634 0.98763 0.140126
vt 71.5745 -5.15889
vn 0.0357701 0.988483 0.147041
f 446/1333/568 443/1334/563 444/1335/569 445/1336/570 

v 1779.11 268.48 -408.398
vt 71.2725 -4.48845
vn 0.105813 0.893958 0.435479
vt 71.5418 -4.48845
vn 0.206785 0.887281 0.412278
vt 71.6029 -3.80415
vt 71.4187 -3.80415
vn 0.0711959 0.95352 0.292799
f 447/1337/571 442/1338/572 443/1339/563 446/1340/573 

v 1781 259.49 -393.611
vt 71.1404 -2.94226
vn 0.138916 0.808215 0.572269
vt 71.4865 -2.94226
vt 71.5418 -2.26976
vt 71.2725 -2.26976
vn 0.105813 0.893958 0.435479
f 448/1341/574 441/1342/560 442/1343/561 447/1344/575 

v 1782.63 248.408 -380.847
vt 71.0263 -1.22294
vn 0.169464 0.694868 0.698885
vt 71.4389 -1.22294
vt 71.4865 -0.564131
vt 71.1404 -0.564131
f 449/1345/576 440/1346/557 441/1347/560 448/1348/574 

v 1783.95 235.569 -370.493
vt 70.9338 0.639904
vn 0.196031 0.553619 0.809369
vt 71.4002 0.639904
vt 71.4389 1.28474
vt 71.0263 1.28474
vn 0.169464 0.694868 0.698885
f 450/1349/577 439/1350/554 440/1351/557 449/1352/578 

v 1784.92 221.364 -362.864
vt 70.8656 2.5887
vn 0.216897 0.386502 0.896422
vt 71.3717 2.5887
vn 0.414357 0.37482 0.829348
vt 71.4002 3.22099
vt 70.9338 3.22099
vn 0.196031 0.553619 0.809369
f 451/1353/579 438/1354/580 439/1355/553 450/1356/581 

vt 70.8239 4.53449
vn 0.23032 0.198952 0.95256
vt 71.3542 4.53449
vt 71.3717 5.15731
vt 70.8656 5.15731
f 354/1357/582 365/1358/548 438/1359/552 451/1360/579 

vt 70.9629 9.40851
vn 0.0588241 0.201095 0.977804
vt 71.4797 9.40851
vt 71.4784 10.0327
v 1772.49 221.364 -361.363
vt 70.9853 10.0327
vn 0.0553122 0.390193 0.91907
f 351/1361/583 354/1362/375 451/1363/579 452/1364/584 

vt 70.9853 10.4063
vn 0.0553122 0.390193 0.91907
vt 71.4784 10.4063
vt 71.4763 11.0422
v 1772.49 235.569 -369.11
vt 71.0218 11.0422
vn 0.049882 0.557936 0.828383
f 452/1365/585 451/1366/579 450/1367/577 453/1368/586 

vt 71.0218 11.0207
vn 0.049882 0.557936 0.828383
vt 71.4763 11.0207
vt 71.4734 11.6721
vn 0.169464 0.694868 0.698885
v 1772.49 248.408 -379.623
vt 71.0715 11.6721
vn 0.0430156 0.698916 0.713909
f 453/1369/587 450/1370/577 449/1371/588 454/1372/589 

vt 71.0715 11.2873
vn 0.0430156 0.698916 0.713909
vt 71.4734 11.2873
vn 0.169464 0.694868 0.698885
vt 71.4699 11.9559
vn 0.138916 0.808215 0.572269
v 1772.49 259.49 -392.584
vt 71.1326 11.9559
vn 0.035177 0.811376 0.583465
f 454/1373/590 449/1374/591 448/1375/592 455/1376/593 

vt 71.1326 11.2533
vn 0.035177 0.811376 0.583465
vt 71.4699 11.2533
vt 71.4658 11.9386
v 1772.49 268.48 -407.599
vt 71.2035 11.9386
vn 0.0267388 0.895986 0.443277
f 455/1377/594 448/1378/574 447/1379/575 456/1380/595 

vt 71.2035 10.9612
vt 71.4658 10.9612
vt 71.4613 11.661
vn 0.0711959 0.95352 0.292799
v 1772.49 275.104 -424.212
vt 71.2819 11.661
vn 0.0179629 0.954498 0.297675
f 456/1381/595 447/1382/571 446/1383/596 457/1384/597 

vt 71.2819 10.4415
vn 0.0179629 0.954498 0.297675
vt 71.4613 10.4415
vn 0.0711959 0.95352 0.292799
vt 71.4565 11.1517
v 1772.49 279.161 -441.917
vt 71.3654 11.1517
vn 0.00901613 0.988739 0.149376
f 457/1385/598 446/1386/599 445/1387/566 458/1388/600 

vt 71.3654 9.70904
vt 71.4565 9.70904
vt 71.4516 10.4248
f 458/1389/600 445/1390/570 392/1391/567

vt 69.7831 18.1697
vt 69.7831 18.8906
vt 65.2831 18.8906
vn -0.063204 0.996947 0.0458498
v 1658.19 279.161 -441.917
vt 65.2831 18.1697
vn -0.00901613 0.988739 0.149376
f 458/1392/600 392/1393/567 172/1394/601 459/1395/602 

vt 69.7831 24.3272
vt 65.2831 24.3272
vt 65.2831 18.1172
vt 69.7831 18.1172
f 391/1396/3 170/1397/3 172/1398/3 392/1399/3 

vt -69.7831 -23.4355
vn -1.96818e-016 0.997213 -0.0746007
vt -69.7831 -23.4584
vt -65.2831 -23.4584
vt -65.2831 -23.4355
f 391/1400/603 134/1401/603 133/1402/603 170/1403/603 

v 1655.89 279.161 -442.195
vt 62.6359 25.8528
vn -0.0357701 0.988483 0.147041
vt 62.727 25.8528
vt 62.6408 26.5686
f 460/1404/604 459/1405/602 172/1406/601

v 1653.67 275.104 -424.758
vt 62.6311 26.2164
vn -0.0711959 0.95352 0.292799
v 1658.19 275.104 -424.212
vt 62.8106 26.2164
vn -0.0179629 0.954498 0.297675
vt 62.727 26.9266
vn -0.00901613 0.988739 0.149376
vt 62.6359 26.9266
f 461/1407/605 462/1408/606 459/1409/607 460/1410/604 

v 1651.57 268.48 -408.398
vt 62.6266 25.9844
vn -0.105813 0.893958 0.435479
v 1658.19 268.48 -407.599
vt 62.889 25.9844
vn -0.0267388 0.895986 0.443277
vt 62.8106 26.6842
vt 62.6311 26.6842
vn -0.0711959 0.95352 0.292799
f 463/1411/608 464/1412/609 462/1413/606 461/1414/610 

v 1649.69 259.49 -393.611
vt 62.6225 25.1168
vn -0.138916 0.808215 0.572269
v 1658.19 259.49 -392.584
vt 62.9598 25.1168
vn -0.035177 0.811376 0.583465
vt 62.889 25.8022
vn -0.0267388 0.895986 0.443277
vt 62.6266 25.8022
f 465/1415/611 466/1416/612 464/1417/613 463/1418/608 

v 1648.05 248.408 -380.847
vt 62.619 23.5542
vn -0.169464 0.694868 0.698885
v 1658.19 248.408 -379.623
vt 63.021 23.5542
vn -0.0430156 0.698916 0.713909
vt 62.9598 24.2229
vn -0.035177 0.811376 0.583465
vt 62.6225 24.2229
f 467/1419/614 468/1420/615 466/1421/616 465/1422/611 

v 1646.73 235.569 -370.493
vt 62.6162 21.2333
vn -0.196031 0.553619 0.809369
v 1658.19 235.569 -369.11
vt 63.0706 21.2333
vn -0.049882 0.557936 0.828383
vt 63.021 21.8848
vn -0.0430156 0.698916 0.713909
vt 62.619 21.8848
f 469/1423/617 470/1424/618 468/1425/619 467/1426/614 

v 1645.76 221.364 -362.864
vt 62.6141 18.1143
vn -0.216897 0.386502 0.896422
v 1658.19 221.364 -361.363
vt 63.1071 18.1143
vn -0.0553122 0.390193 0.91907
vt 63.0706 18.7502
vn -0.049882 0.557936 0.828383
vt 62.6162 18.7502
vn -0.196031 0.553619 0.809369
f 471/1427/620 472/1428/621 470/1429/622 469/1430/623 

v 1645.16 206.224 -358.192
vt 62.6128 14.2178
vn -0.23032 0.198952 0.95256
vt 63.1295 14.2178
vt 63.1071 14.842
vt 62.6141 14.842
f 473/1431/624 352/1432/373 472/1433/621 471/1434/620 

vt 62.6123 9.65908
vt 63.1371 9.65908
vt 63.1295 10.277
vt 62.6128 10.277
f 336/1435/340 348/1436/370 352/1437/373 473/1438/624 

vt 55.3346 10.9771
vt 55.8731 10.9771
vt 55.8591 11.5948
v 1632.52 206.224 -362.864
vt 55.3287 11.5948
vn -0.438391 0.192213 0.877991
f 334/1439/337 336/1440/340 473/1441/624 474/1442/625 

vt 55.3287 18.1233
vt 55.8591 18.1233
vt 55.8173 18.7462
v 1633.7 221.364 -367.322
vt 55.3113 18.7462
vn -0.414357 0.37482 0.829348
f 474/1443/625 473/1444/624 471/1445/620 475/1446/626 

vt 55.3113 24.4451
vn -0.414357 0.37482 0.829348
vt 55.8173 24.4451
vn -0.216897 0.386502 0.896422
vt 55.7492 25.0774
v 1635.62 235.569 -374.602
vt 55.2828 25.0774
vn -0.376493 0.539828 0.752886
f 475/1447/627 471/1448/628 469/1449/617 476/1450/629 

vt 55.2828 29.7262
vn -0.376493 0.539828 0.752886
vt 55.7492 29.7262
vt 55.6566 30.3711
vn -0.169464 0.694868 0.698885
v 1638.23 248.408 -384.481
vt 55.2441 30.3711
vn -0.327461 0.681801 0.654153
f 476/1451/630 469/1452/623 467/1453/631 477/1454/632 

vt 55.2441 33.8742
vn -0.327461 0.681801 0.654153
vt 55.6566 33.8742
vt 55.5426 34.533
v 1641.44 259.49 -396.661
vt 55.1964 34.533
vn -0.270054 0.797899 0.538914
f 477/1455/633 467/1456/614 465/1457/611 478/1458/634 

vt 55.1964 36.8888
vt 55.5426 36.8888
vt 55.4104 37.5613
v 1645.16 268.48 -410.77
vt 55.1412 37.5613
vn -0.206785 0.887281 0.412278
f 478/1459/634 465/1460/611 463/1461/608 479/1462/635 

vt 55.1412 38.8202
vn -0.206785 0.887281 0.412278
vt 55.4104 38.8202
vt 55.2642 39.5045
vn -0.0711959 0.95352 0.292799
v 1649.28 275.104 -426.381
vt 55.08 39.5045
vn -0.139697 0.950274 0.278325
f 479/1463/636 463/1464/608 461/1465/637 480/1466/638 

vt 55.08 39.7306
vt 55.2642 39.7306
vt 55.1084 40.4235
v 1653.67 279.161 -443.018
vt 55.0149 40.4235
vn -0.0703634 0.98763 0.140126
f 480/1467/638 461/1468/610 460/1469/604 481/1470/639 

vt 55.0149 39.6702
vn -0.0703634 0.98763 0.140126
vt 55.1084 39.6702
vt 54.9477 40.3677
f 481/1471/640 460/1472/604 172/1473/601

v 1651.57 279.161 -444.364
vt 45.2124 50.6223
vn -0.102664 0.98633 0.128889
vt 45.3103 50.6223
vt 45.0946 51.289
f 482/1474/641 481/1475/639 172/1476/601

v 1645.16 275.104 -429.03
vt 45.3267 50.413
vn -0.203052 0.945372 0.255032
vt 45.5195 50.413
vt 45.3103 51.0768
vt 45.2124 51.0768
f 483/1477/642 480/1478/638 481/1479/639 482/1480/641 

v 1639.14 268.48 -414.643
vt 45.434 48.8572
vn -0.298768 0.877345 0.375504
vt 45.7158 48.8572
vt 45.5195 49.5156
vt 45.3267 49.5156
f 484/1481/643 479/1482/636 480/1483/638 483/1484/642 

v 1633.7 259.49 -401.64
vt 45.5309 45.9274
vn -0.387202 0.782839 0.48707
vt 45.8932 45.9274
vn -0.270054 0.797899 0.538914
vt 45.7158 46.5784
vt 45.434 46.5784
vn -0.298768 0.877345 0.375504
f 485/1485/644 478/1486/645 479/1487/636 484/1488/646 

v 1629 248.408 -390.415
vt 45.6146 41.6061
vn -0.465517 0.663127 0.586137
vt 46.0463 41.6061
vt 45.8932 42.2487
vt 45.5309 42.2487
vn -0.387202 0.782839 0.48707
f 486/1489/647 477/1490/633 478/1491/634 485/1492/648 

v 1625.2 235.569 -381.31
vt 45.6824 35.9108
vn -0.53073 0.520535 0.668857
vt 46.1705 35.9108
vt 46.0463 36.5447
vt 45.6146 36.5447
f 487/1493/649 476/1494/629 477/1495/633 486/1496/647 

v 1622.39 221.364 -374.602
vt 45.7324 28.9232
vn -0.579925 0.358771 0.731417
vt 46.262 28.9232
vt 46.1705 29.5495
vt 45.6824 29.5495
f 488/1497/650 475/1498/627 476/1499/629 487/1500/649 

v 1620.67 206.224 -370.493
vt 45.763 20.8175
vn -0.610595 0.183069 0.770493
vt 46.3181 20.8175
vt 46.262 21.438
vt 45.7324 21.438
f 489/1501/651 474/1502/625 475/1503/627 488/1504/650 

vt 45.7734 11.8715
vt 46.3369 11.8715
vt 46.3181 12.4889
vt 45.763 12.4889
vn -0.610595 0.183069 0.770493
f 318/1505/338 334/1506/337 474/1507/625 489/1508/652 

vt 35.1744 12.3561
vt 35.7701 12.3561
vt 35.7486 12.9732
v 1609.95 206.224 -380.847
vt 35.162 12.9732
vn -0.743835 0.173421 0.645472
f 316/1509/292 318/1510/338 489/1511/651 490/1512/653 

vt 35.162 22.3215
vt 35.7486 22.3215
vt 35.6849 22.9395
v 1612.16 221.364 -384.481
vt 35.1252 22.9395
vn -0.709975 0.341594 0.615832
f 490/1513/653 489/1514/651 488/1515/650 491/1516/654 

vt 35.1252 31.5383
vt 35.6849 31.5383
vt 35.5808 32.1579
v 1615.77 235.569 -390.415
vt 35.065 32.1579
vn -0.654635 0.499435 0.567466
f 491/1517/654 488/1518/650 487/1519/649 492/1520/655 

vt 35.065 39.7133
vn -0.654635 0.499435 0.567466
vt 35.5808 39.7133
vt 35.4396 40.335
vn -0.465517 0.663127 0.586137
v 1620.67 248.408 -398.469
vt 34.9833 40.335
vn -0.579425 0.642174 0.501876
f 492/1521/656 487/1522/649 486/1523/657 493/1524/658 

vt 34.9833 46.606
vn -0.579425 0.642174 0.501876
vt 35.4396 46.606
vt 35.2655 47.2301
vn -0.387202 0.782839 0.48707
v 1626.71 259.49 -408.398
vt 34.8826 47.2301
vn -0.486545 0.765489 0.421071
f 493/1525/659 486/1526/657 485/1527/660 494/1528/661 

vt 34.8826 52.0336
vn -0.486545 0.765489 0.421071
vt 35.2655 52.0336
vt 35.0638 52.6601
v 1633.7 268.48 -419.9
vt 34.7659 52.6601
vn -0.378736 0.865619 0.32751
f 494/1529/662 485/1530/644 484/1531/646 495/1532/663 

vt 34.7659 55.8687
vn -0.378736 0.865619 0.32751
vt 35.0638 55.8687
vt 34.8406 56.4973
v 1641.44 275.104 -432.626
vt 34.6369 56.4973
vn -0.25923 0.939475 0.224022
f 495/1533/664 484/1534/646 483/1535/642 496/1536/665 

vt 34.6369 58.0332
vn -0.25923 0.939475 0.224022
vt 34.8406 58.0332
vn -0.203052 0.945372 0.255032
vt 34.6027 58.6634
vn -0.102664 0.98633 0.128889
v 1649.69 279.161 -446.189
vt 34.4993 58.6634
vn -0.131669 0.984747 0.113738
f 496/1537/666 483/1538/667 482/1539/668 497/1540/669 

vt 34.4993 58.4903
vt 34.6027 58.4903
vt 34.3574 59.1213
f 497/1541/669 482/1542/641 172/1543/601

v 1648.05 279.161 -448.44
vt 23.7761 63.634
vn -0.156523 0.983076 0.0951977
vt 23.8856 63.634
vt 23.6361 64.2307
vn -0.063204 0.996947 0.0458498
f 498/1544/670 497/1545/669 172/1546/671

v 1638.23 275.104 -437.059
vt 23.9119 62.9519
vn -0.306696 0.933335 0.18661
vt 24.1274 62.9519
vn -0.25923 0.939475 0.224022
vt 23.8856 63.5499
vt 23.7761 63.5499
f 499/1547/672 496/1548/673 497/1549/669 498/1550/670 

v 1629 268.48 -426.381
vt 24.0393 60.2397
vn -0.444864 0.853662 0.270847
vt 24.3544 60.2397
vn -0.378736 0.865619 0.32751
vt 24.1274 60.84
vn -0.25923 0.939475 0.224022
vt 23.9119 60.84
vn -0.306696 0.933335 0.18661
f 500/1551/674 495/1552/675 496/1553/676 499/1554/677 

v 1620.67 259.49 -416.729
vt 24.1544 55.634
vn -0.566548 0.748245 0.345185
vt 24.5595 55.634
vn -0.486545 0.765489 0.421071
vt 24.3544 56.2374
vn -0.378736 0.865619 0.32751
vt 24.0393 56.2374
vn -0.444864 0.853662 0.270847
f 501/1555/678 494/1556/679 495/1557/680 500/1558/681 

v 1613.47 248.408 -408.398
vt 24.2538 49.3412
vn -0.668604 0.62191 0.407672
vt 24.7366 49.3412
vn -0.579425 0.642174 0.501876
vt 24.5595 49.9481
vt 24.1544 49.9481
vn -0.566548 0.748245 0.345185
f 502/1559/682 493/1560/683 494/1561/662 501/1562/684 

v 1607.64 235.569 -401.64
vt 24.3344 41.6119
vn -0.749088 0.479547 0.457058
vt 24.8802 41.6119
vn -0.654635 0.499435 0.567466
vt 24.7366 42.2223
vn -0.579425 0.642174 0.501876
vt 24.2538 42.2223
vn -0.668604 0.62191 0.407672
f 503/1563/685 492/1564/686 493/1565/687 502/1566/688 

v 1603.34 221.364 -396.661
vt 24.3938 32.7183
vn -0.806969 0.325741 0.492639
vt 24.986 32.7183
vt 24.8802 33.3317
vt 24.3344 33.3317
vn -0.749088 0.479547 0.457058
f 504/1567/689 491/1568/654 492/1569/655 503/1570/690 

v 1600.71 206.224 -393.611
vt 24.4302 22.9368
vn -0.841795 0.164639 0.514077
vt 25.0508 22.9368
vn -0.743835 0.173421 0.645472
vt 24.986 23.5525
vt 24.3938 23.5525
vn -0.806969 0.325741 0.492639
f 505/1571/691 490/1572/692 491/1573/654 504/1574/693 

vt 24.4425 12.5406
vt 25.0726 12.5406
vt 25.0508 13.1575
vt 24.4302 13.1575
f 300/1575/261 316/1576/292 490/1577/653 505/1578/691 

vt 14.0534 12.5427
vt 14.7163 12.5427
vt 14.6961 13.1594
v 1593.2 206.224 -408.398
vt 14.0432 13.1594
vn -0.910466 0.15748 0.382429
f 298/1579/259 300/1580/261 505/1581/691 506/1582/694 

vt 14.0432 22.9987
vn -0.910466 0.15748 0.382429
vt 14.6961 22.9987
vt 14.6359 23.6126
v 1596.18 221.364 -410.77
vt 14.013 23.6126
vn -0.875783 0.312668 0.367754
f 506/1583/695 505/1584/691 504/1585/689 507/1586/696 

vt 14.013 32.9685
vt 14.6359 32.9685
vt 14.5377 33.5769
vn -0.749088 0.479547 0.457058
v 1601.04 235.569 -414.643
vt 13.9636 33.5769
vn -0.81736 0.462851 0.343062
f 507/1587/696 504/1588/693 503/1589/697 508/1590/698 

vt 13.9636 42.216
vn -0.81736 0.462851 0.343062
vt 14.5377 42.216
vt 14.4044 42.8171
v 1607.64 248.408 -419.9
vt 13.8966 42.8171
vn -0.734588 0.60451 0.308136
f 508/1591/699 503/1592/685 502/1593/688 509/1594/700 

vt 13.8966 50.4566
vn -0.734588 0.60451 0.308136
vt 14.4044 50.4566
vt 14.24 51.0492
vn -0.566548 0.748245 0.345185
v 1615.77 259.49 -426.381
vt 13.814 51.0492
vn -0.627276 0.733066 0.262943
f 509/1595/701 502/1596/688 501/1597/702 510/1598/703 

vt 13.814 57.3578
vn -0.627276 0.733066 0.262943
vt 14.24 57.3578
vn -0.566548 0.748245 0.345185
vt 14.0497 57.9418
v 1625.2 268.48 -433.888
vt 13.7182 57.9418
vn -0.496313 0.842882 0.207903
f 510/1599/704 501/1600/705 500/1601/681 511/1602/706 

vt 13.7182 62.5601
vt 14.0497 62.5601
vt 13.839 63.1365
v 1635.62 275.104 -442.195
vt 13.6123 63.1365
vn -0.344396 0.927687 0.144181
f 511/1603/706 500/1604/681 499/1605/672 512/1606/707 

vt 13.6123 65.7241
vn -0.344396 0.927687 0.144181
vt 13.839 65.7241
vn -0.306696 0.933335 0.18661
vt 13.6146 66.2947
v 1646.73 279.161 -451.047
vt 13.4994 66.2947
vn -0.176537 0.981518 0.0738769
f 512/1607/708 499/1608/709 498/1609/670 513/1610/710 

vt 13.4994 66.5956
vn -0.176537 0.981518 0.0738769
vt 13.6146 66.5956
vt 13.383 67.1632
f 513/1611/711 498/1612/670 172/1613/671

v 1645.76 279.161 -453.932
vt 3.81099 67.8618
vn -0.19119 0.980256 0.0504387
vt 3.93087 67.8618
vt 3.73476 68.407
f 514/1614/712 513/1615/710 172/1616/671

v 1633.7 275.104 -447.876
vt 3.88491 66.8538
vn -0.371673 0.923167 0.0980916
vt 4.12103 66.8538
vn -0.344396 0.927687 0.144181
vt 3.93087 67.4035
vn -0.176537 0.981518 0.0738769
vt 3.81099 67.4035
vn -0.19119 0.980256 0.0504387
f 515/1617/713 512/1618/714 513/1619/715 514/1620/716 

v 1622.39 268.48 -442.195
vt 3.95426 63.3681
vn -0.532893 0.8344 0.140721
vt 4.29944 63.3681
vt 4.12103 63.9263
vt 3.88491 63.9263
vn -0.371673 0.923167 0.0980916
f 516/1621/717 511/1622/706 512/1623/707 515/1624/718 

v 1612.16 259.49 -437.059
vt 4.01694 57.7696
vn -0.669581 0.721358 0.176931
vt 4.4607 57.7696
vn -0.627276 0.733066 0.262943
vt 4.29944 58.339
vt 3.95426 58.339
f 517/1625/719 510/1626/720 511/1627/706 516/1628/717 

v 1603.34 248.408 -432.626
vt 4.07105 50.5101
vn -0.779621 0.591352 0.206138
vt 4.5999 50.5101
vt 4.4607 51.0921
vt 4.01694 51.0921
vn -0.669581 0.721358 0.176931
f 518/1629/721 509/1630/701 510/1631/703 517/1632/722 

v 1596.18 235.569 -429.03
vt 4.11495 42.0273
vn -0.86311 0.450448 0.228337
vt 4.71282 42.0273
vt 4.5999 42.6214
vt 4.07105 42.6214
vn -0.779621 0.591352 0.206138
f 519/1633/723 508/1634/698 509/1635/701 518/1636/724 

v 1590.9 221.364 -426.381
vt 4.14729 32.6854
vn -0.921243 0.30309 0.243817
vt 4.79602 32.6854
vn -0.875783 0.312668 0.367754
vt 4.71282 33.2902
vt 4.11495 33.2902
vn -0.86311 0.450448 0.228337
f 520/1637/725 507/1638/726 508/1639/699 519/1640/727 

v 1587.67 206.224 -424.758
vt 4.16709 22.76
vn -0.955426 0.15228 0.252929
vt 4.84697 22.76
vt 4.79602 23.3724
vt 4.14729 23.3724
f 521/1641/728 506/1642/695 507/1643/696 520/1644/725 

vt 4.17376 12.449
vt 4.86413 12.449
vt 4.84697 13.0656
vt 4.16709 13.0656
vn -0.955426 0.15228 0.252929
f 280/1645/221 298/1646/259 506/1647/694 521/1648/729 

vt -5.1991 12.3115
vt -4.48902 12.3115
vt -4.50197 12.928
v 1584.29 206.224 -442.195
vt -5.20126 12.928
vn -0.980784 0.149148 0.125766
f 278/1649/222 280/1650/221 521/1651/729 522/1652/730 

vt -5.20126 22.3749
vn -0.980784 0.149148 0.125766
vt -4.50197 22.3749
vt -4.54044 22.9865
v 1587.67 221.364 -443.018
vt -5.2077 22.9865
vn -0.947037 0.297289 0.12141
f 522/1653/731 521/1654/728 520/1655/725 523/1656/732 

vt -5.2077 32.1196
vn -0.947037 0.297289 0.12141
vt -4.54044 32.1196
vt -4.60326 32.722
v 1593.2 235.569 -444.364
vt -5.2182 32.722
vn -0.889315 0.442866 0.113966
f 523/1657/733 520/1658/725 519/1659/727 524/1660/734 

vt -5.2182 41.377
vn -0.889315 0.442866 0.113966
vt -4.60326 41.377
vn -0.86311 0.450448 0.228337
vt -4.68851 41.9667
v 1600.71 248.408 -446.189
vt -5.23246 41.9667
vn -0.805738 0.583212 0.103202
f 524/1661/735 519/1662/736 518/1663/724 525/1664/737 

vt -5.23246 49.8864
vt -4.68851 49.8864
vn -0.779621 0.591352 0.206138
vt -4.7936 50.4613
v 1609.95 259.49 -448.44
vt -5.25003 50.4613
vn -0.694466 0.714013 0.0888968
f 525/1665/737 518/1666/738 517/1667/719 526/1668/739 

vt -5.25003 57.2728
vn -0.694466 0.714013 0.0888968
vt -4.7936 57.2728
vn -0.669581 0.721358 0.176931
vt -4.91536 57.8326
v 1620.67 268.48 -451.047
vt -5.27039 57.8326
vn -0.554721 0.829004 0.0709641
f 526/1669/740 517/1670/741 516/1671/717 527/1672/742 

vt -5.27039 63.0547
vt -4.91536 63.0547
vt -5.05006 63.6008
v 1632.52 275.104 -453.932
vt -5.29292 63.6008
vn -0.388156 0.920256 0.0496281
f 527/1673/742 516/1674/717 515/1675/718 528/1676/743 

vt -5.29292 66.7059
vt -5.05006 66.7059
vt -5.19363 67.2416
v 1645.16 279.161 -457.006
vt -5.31693 67.2416
vn -0.200121 0.979437 0.0255767
f 528/1677/743 515/1678/718 514/1679/712 529/1680/744 

vt -5.31693 67.7813
vn -0.200121 0.979437 0.0255767
vt -5.19363 67.7813
vt -5.34169 68.3115
f 529/1681/745 514/1682/712 172/1683/671

vt -13.9834 66.5604
vt -13.8583 66.5604
vt -13.9504 67.0831
vn -0.063204 0.996947 0.0458498
f 171/1684/68 529/1685/745 172/1686/746

vt -14.0153 65.4975
vn -0.393643 0.919179 0.0124758
vt -13.769 65.4975
vn -0.388156 0.920256 0.0496281
vt -13.8583 66.0263
vt -13.9834 66.0263
vn -0.203121 0.979132 0.00643825
f 173/1687/747 528/1688/748 529/1689/745 171/1690/749 

vt -14.0453 61.8514
vt -13.6852 61.8514
vt -13.769 62.3915
vt -14.0153 62.3915
f 174/1691/72 527/1692/742 528/1693/743 173/1694/747 

vt -14.0724 56.1007
vn -0.702502 0.711333 0.0222573
vt -13.6094 56.1007
vt -13.6852 56.6557
vt -14.0453 56.6557
f 175/1695/750 526/1696/739 527/1697/742 174/1698/72 

vt -14.0958 48.7996
vt -13.544 48.7996
vn -0.805738 0.583212 0.103202
vt -13.6094 49.371
vt -14.0724 49.371
f 176/1699/75 525/1700/751 526/1701/739 175/1702/750 

vt -14.1148 40.4417
vt -13.491 40.4417
vt -13.544 41.0292
vt -14.0958 41.0292
f 177/1703/76 524/1704/735 525/1705/737 176/1706/75 

vt -14.1288 31.399
vt -13.4519 31.399
vt -13.491 32.0002
vt -14.1148 32.0002
f 178/1707/77 523/1708/732 524/1709/735 177/1710/76 

vt -14.1373 21.9197
vt -13.4279 21.9197
vt -13.4519 22.5308
vt -14.1288 22.5308
f 179/1711/78 522/1712/730 523/1713/733 178/1714/79 

vt -14.1402 12.1553
vt -13.4199 12.1553
vt -13.4279 12.7717
vt -14.1373 12.7717
f 180/1715/81 278/1716/222 522/1717/730 179/1718/78 

vt 69.7831 11.9459
vt 69.7831 12.5706
vt 65.2831 12.5706
vn -0.0553122 0.390193 0.91907
vt 65.2831 11.9459
f 351/1719/372 452/1720/585 472/1721/752 352/1722/373 

vt 69.7831 14.4628
vn 0.0553122 0.390193 0.91907
vt 69.7831 15.0998
vn 0.049882 0.557936 0.828383
vt 65.2831 15.0998
vt 65.2831 14.4628
f 452/1723/753 453/1724/754 470/1725/622 472/1726/621 

vt 69.7831 16.3824
vn 0.049882 0.557936 0.828383
vt 69.7831 17.0357
vt 65.2831 17.0357
vt 65.2831 16.3824
f 453/1727/755 454/1728/589 468/1729/615 470/1730/622 

vt 69.7831 17.7151
vt 69.7831 18.3864
vt 65.2831 18.3864
vt 65.2831 17.7151
f 454/1731/589 455/1732/593 466/1733/612 468/1734/615 

vt 69.7831 18.5089
vt 69.7831 19.1979
vn 0.0267388 0.895986 0.443277
vt 65.2831 19.1979
vt 65.2831 18.5089
f 455/1735/593 456/1736/756 464/1737/609 466/1738/616 

vt 69.7831 18.8209
vt 69.7831 19.525
vt 65.2831 19.525
vn -0.0179629 0.954498 0.297675
vt 65.2831 18.8209
f 456/1739/595 457/1740/598 462/1741/757 464/1742/609 

vt 69.7831 18.6983
vt 69.7831 19.4134
vn 0.00901613 0.988739 0.149376
vt 65.2831 19.4134
vn -0.00901613 0.988739 0.149376
vt 65.2831 18.6983
vn -0.0179629 0.954498 0.297675
f 457/1743/598 458/1744/758 459/1745/759 462/1746/760 

vt -18.1172 -1.26811
vt -18.1172 -0.651706
vt -24.3272 -0.651706
vn -0.997894 -0.049296 -0.0421672
vt -24.3272 -1.26811
f 276/1747/213 182/1748/216 181/1749/761 183/1750/86 

vt -18.1172 -11.1467
vt -18.1172 -10.5355
vn -0.988487 -0.148031 0.0313033
vt -24.3272 -10.5355
vt -24.3272 -11.1467
f 274/1751/214 276/1752/762 183/1753/87 184/1754/89 

vt -18.1172 -20.9972
vn -0.89748 -0.440138 0.0284261
vt -18.1172 -20.3959
vt -24.3272 -20.3959
vt -24.3272 -20.9972
f 272/1755/763 274/1756/210 184/1757/89 185/1758/91 

vt -18.1172 -30.6897
vn -0.81402 -0.580264 0.0257862
vt -18.1172 -30.1019
vt -24.3272 -30.1019
vt -24.3272 -30.6897
f 268/1759/764 272/1760/207 185/1761/91 186/1762/93 

vt 63.5019 0
vn -0.258819 0 0.965926
vt 58.803 0
vn -0.5 0 0.866025
vt 58.803 -1.27165
vt 63.5019 -1.27165
f 228/1763/765 207/1764/766 90/1765/766 89/1766/765 

vt 46.7357 0
vt 42.0367 0
vn -0.707107 0 0.707107
vt 42.0367 -1.27165
vt 46.7357 -1.27165
f 207/1767/766 191/1768/767 91/1769/767 90/1770/766 

vt 26.9445 0
vt 22.2456 0
vn -0.866025 0 0.5
vt 22.2456 -1.27165
vt 26.9445 -1.27165
f 191/1771/767 188/1772/768 92/1773/768 91/1774/767 

vt 5.47731 0
vt 0.778367 0
vn -0.92388 0 0.382683
vt 0.778367 -1.27165
vt 5.47731 -1.27165
f 188/1775/768 154/1776/769 93/1777/769 92/1778/768 

vt -16.2031 -9.13775e-016
vn -0.991445 -1.43951e-017 0.130526
vt -19.3272 -1.80195e-015
vt -19.3272 -1.27165
vt -16.2031 -1.27165
f 154/1779/770 74/1780/770 79/1781/770 93/1782/770 

vt -19.0893 21.5887
vn -0.980389 0.148924 0.129071
vt -19.3272 9.45341
vt -16.2031 9.45341
vt -15.9651 21.5887
f 21/1783/771 74/1784/771 154/1785/771 22/1786/771 

usemtl Color_000
vt 63.36 -1.27165
vn 0.130526 0 0.991445
vt 63.4781 -1.27165
vt 63.4781 -8.88178e-016
vt 63.36 -8.88178e-016
f 80/1787/772 79/1788/772 74/1789/772 73/1790/772 

vn -0.991445 0 0.130526
f 78/153/773 80/154/773 73/155/773 75/156/773 

usemtl FrontColor
vt 76.1008 0
vn 4.92713e-015 0 1
vt 71.4018 0
vt 71.4018 -1.27165
vt 76.1008 -1.27165
f 115/1791/774 228/1792/765 89/1793/765 88/1794/774 

usemtl Color_000
vt 76.1008 16.4385
vt 74.3594 33.4347
vt 73.1218 33.2253
vt 71.4018 16.4385
f 115/1795/39 114/1796/39 153/1797/104 228/1798/104 

usemtl FrontColor
vt 83.6736 0
vn 0.258819 0 0.965926
vt 78.9746 0
vt 78.9746 -1.27165
vt 83.6736 -1.27165
f 113/1799/775 115/1800/774 88/1801/774 87/1802/775 

vt 85.7043 0
vn 0.5 0 0.866025
vt 81.0053 0
vt 81.0053 -1.27165
vt 85.7043 -1.27165
f 112/1803/776 113/1804/775 87/1805/775 86/1806/776 

vt 82.0545 0
vn 0.707107 0 0.707107
vt 77.3555 0
vt 77.3555 -1.27165
vt 82.0545 -1.27165
f 111/1807/777 112/1808/776 86/1809/776 85/1810/777 

vt 72.9729 0
vn 0.866025 0 0.5
vt 68.274 0
vt 68.274 -1.27165
vt 72.9729 -1.27165
f 110/1811/778 111/1812/777 85/1813/777 84/1814/778 

vt 59.0785 0
vn 0.965926 0 0.258819
vt 54.3796 0
vt 54.3796 -1.27165
vt 59.0785 -1.27165
f 109/1815/779 110/1816/778 84/1817/778 83/1818/779 

vt 41.3181 0
vn 0.991445 0 0.130526
vt 36.6191 0
vt 36.6191 -1.27165
vt 41.3181 -1.27165
f 108/1819/780 109/1820/779 83/1821/779 82/1822/780 

usemtl Color_000
vt -2.73626 -59.6493
vt -3.51942 -59.6493
vt -5.47731 -78.7586
vt -0.778367 -78.7586
f 2/1823/2 30/1824/32 107/1825/32 3/1826/2 

usemtl FrontColor
vt -0.778367 0
vn 0.866025 0 -0.5
vt -5.47731 0
vt -5.47731 -1.27165
vt -0.778367 -1.27165
f 3/1827/781 107/1828/30 81/1829/30 106/1830/781 

vt -22.2456 0
vn 0.707107 0 -0.707107
vt -26.9445 0
vt -26.9445 -1.27165
vt -22.2456 -1.27165
f 4/1831/782 3/1832/781 106/1833/781 105/1834/782 

v 2215.05 0 -1132.77
vt -42.0367 0
vn 0.5 0 -0.866025
vt -46.7357 0
vt -46.7357 -1.27165
vt -42.0367 -1.27165
f 530/1835/783 4/1836/782 105/1837/782 104/1838/783 

usemtl Color_000
vt -42.0367 -68.8506
vn 0.312348 0.780869 -0.541002
vt -43.9946 -49.7413
vt -44.7778 -49.7413
vt -46.7357 -68.8506
f 530/1839/784 31/1840/784 1/1841/1 4/1842/1 

vt -60.7609 -38.928
vn 0.161683 0.780869 -0.603409
vt -61.544 -38.928
vt -63.5019 -58.0374
v 2104.78 0 -1178.44
vt -58.803 -58.0374
f 32/1843/785 31/1844/784 530/1845/784 531/1846/785 

usemtl FrontColor
vt -58.803 0
vn 0.258819 0 -0.965926
vt -63.5019 0
vt -63.5019 -1.27165
vt -58.803 -1.27165
f 531/1847/786 530/1848/783 104/1849/783 103/1850/786 

v 1986.45 0 -1194.02
vt -71.4018 0
vn 4.92713e-015 0 -1
vt -76.1008 0
vt -76.1008 -1.27165
vt -71.4018 -1.27165
f 532/1851/787 531/1852/786 103/1853/786 102/1854/787 

usemtl Color_000
vt -71.4018 -44.2155
vn 3.21659e-015 0.780869 -0.624695
v 1986.45 271.094 -855.154
vt -73.1432 -27.2193
vt -74.1429 -25.1061
vt -76.1008 -44.2155
f 532/1855/788 533/1856/788 32/1857/785 531/1858/785 

v 1868.12 0 -1178.44
vt -78.9746 -28.3269
vn -0.161683 0.780869 -0.603409
v 1954.74 267.755 -855.154
vt -80.6946 -11.5401
vt -81.9322 -11.3307
vt -83.6736 -28.3269
f 534/1859/789 535/1860/789 533/1861/788 532/1862/788 

v 1757.85 0 -1132.77
vt -81.0053 -11.4543
vn -0.312348 0.780869 -0.541002
v 1918.13 256.45 -855.154
vt -82.6526 4.62373
vt -83.9843 5.33252
vt -85.7043 -11.4543
f 536/1863/790 537/1864/790 535/1865/789 534/1866/789 

v 1663.16 0 -1060.11
vt -77.3555 5.2524
vn -0.441726 0.780869 -0.441726
v 1868.12 231.883 -855.154
vt -78.845 19.7902
vt -80.4072 21.3304
vt -82.0545 5.2524
f 538/1867/791 539/1868/791 537/1869/790 536/1870/790 

v 1590.51 0 -965.422
vt -68.274 20.6547
vn -0.541002 0.780869 -0.312348
v 1781.49 176.429 -855.154
vt -69.4073 31.7158
vt -71.4834 35.1925
vt -72.9729 20.6547
f 540/1871/792 541/1872/792 539/1873/791 538/1874/791 

vt -59.0785 33.7029
v 1544.83 0 -855.154
vt -54.3796 33.7029
vn -0.580164 0.778241 -0.240312
v 1549.77 3.68446 -855.154
vt -54.454 33.9339
vt -57.9452 44.764
f 540/1875/792 542/1876/793 543/1877/793 541/1878/792 

usemtl FrontColor
vt -54.3796 0
vn -0.92388 0 -0.382683
vt -59.0785 0
vn -0.866025 0 -0.5
vt -59.0785 -1.27165
vt -54.3796 -1.27165
f 542/1879/794 540/1880/795 98/1881/795 97/1882/794 

vt -68.274 0
vt -72.9729 0
vn -0.707107 0 -0.707107
vt -72.9729 -1.27165
vt -68.274 -1.27165
f 540/1883/795 538/1884/796 99/1885/796 98/1886/795 

vt -77.3555 0
vt -82.0545 0
vn -0.5 0 -0.866025
vt -82.0545 -1.27165
vt -77.3555 -1.27165
f 538/1887/796 536/1888/797 100/1889/797 99/1890/796 

vt -81.0053 0
vt -85.7043 0
vn -0.258819 0 -0.965926
vt -85.7043 -1.27165
vt -81.0053 -1.27165
f 536/1891/797 534/1892/798 101/1893/798 100/1894/797 

vt -78.9746 0
vt -83.6736 0
vt -83.6736 -1.27165
vt -78.9746 -1.27165
f 534/1895/798 532/1896/787 102/1897/787 101/1898/798 

vt -41.3181 -1.27165
vn -0.991445 8.86616e-018 -0.130526
vt -38.253 -1.27165
v 1534.67 -3.38396e-014 -777.967
vt -38.253 -8.36602e-016
vt -41.3181 4.95665e-016
f 97/1899/799 96/1900/799 544/1901/799 542/1902/799 

usemtl Color_000
vt -55.9053 -1.27165
vn 0.130526 0 -0.991445
v 1531.69 -32.3 -778.359
vt -55.7872 -1.27165
v 1531.69 -3.38396e-014 -778.359
vt -55.7872 -1.33227e-015
vt -55.9053 -1.33227e-015
f 96/1903/800 545/1904/800 546/1905/800 544/1906/800 

vt -60.3029 30.6441
v 1530.39 -32.3 -768.444
vt -60.2515 30.2537
f 545/1907/28 96/172/28 95/171/28 547/1908/28 

usemtl FrontColor
v 1533.36 -3.38396e-014 -768.053
vt -37.8593 -1.33227e-015
vn -0.991445 0 -0.130526
vt -38.253 -1.33227e-015
vt -38.253 -1.27165
vt -37.8593 -1.27165
f 548/1909/801 544/1910/801 96/1911/801 95/1912/801 

usemtl Color_000
vt 60.42 30.6286
vt 60.3029 30.6441
v 1530.39 -3.38396e-014 -768.444
vt 60.2515 30.2537
vt 60.3686 30.2383
f 544/1913/3 546/1914/3 549/1915/3 548/1916/3 

usemtl FrontColor
vt -55.7872 0.758311
vn 0.130501 -0.0198236 -0.99125
vt -57.5944 12.7607
vt -57.7125 12.7607
vt -55.9053 0.758311
f 546/1917/802 55/1918/802 5/1919/802 544/1920/802 

vt -37.8593 8.30804
vn -0.980389 0.148924 -0.129071
vt -38.0972 20.4434
vt -38.4909 20.4434
vt -38.253 8.30804
f 549/1921/803 56/1922/803 55/1923/803 546/1924/803 

vt 57.3194 12.8024
vn -0.137611 0.0209037 0.990266
vt 55.5139 0.799752
vt 57.4314 12.8024
f 56/1925/804 549/1926/804 37/1927/804

vt 55.9053 0.747971
vn -0.130501 0.0197566 0.991251
vt 57.7064 12.7503
vt 55.7872 0.747971
f 548/1928/805 37/1929/805 549/1930/805

usemtl Color_000
vt 55.7872 -1.27165
vn -0.130526 0 0.991445
vt 55.9053 -1.27165
vt 55.9053 -1.33227e-015
vt 55.7872 -1.33227e-015
f 547/1931/806 95/1932/806 548/1933/806 549/1934/806 

usemtl FrontColor
v 1529.25 0 -736.822
vt -36.6191 1.89863e-016
vn -0.991445 3.39615e-018 -0.130526
vt -37.8593 -1.1424e-015
vt -37.8593 -1.27165
vt -36.6191 -1.27165
f 550/1935/807 548/1936/807 95/1937/807 94/1938/807 

vt -20.902 -1.27165
vn -0.991445 2.2641e-018 0.130526
vt -19.7209 -1.27165
vt -19.7209 -7.44458e-016
vt -20.902 1.43721e-016
f 94/1939/808 77/1940/808 76/1941/808 550/1942/808 

usemtl Color_000
vn -0.991445 0 -0.130526
f 545/1911/809 547/1912/809 549/1909/809 546/1910/809 

usemtl FrontColor
vt -38.0972 49.2107
vn -0.701057 0.707107 -0.092296
vt -38.0972 49.3777
vt -38.4909 49.3777
vt -38.4909 49.2107
f 56/1943/810 58/1944/810 35/1945/810 55/1946/810 

vt 62.1838 27.8378
v 1688.22 307.8 -697.165
v 1698.68 307.8 -698.541
v 1708.42 307.8 -702.577
v 1714.29 307.8 -707.079
v 1716.79 307.8 -708.998
v 1723.21 307.8 -717.365
v 1727.24 307.8 -727.109
v 1728.62 307.8 -737.566
v 1727.24 307.8 -748.023
v 1723.21 307.8 -757.767
v 1716.79 307.8 -766.134
v 1714.29 307.8 -768.053
v 1708.42 307.8 -772.555
v 1698.68 307.8 -776.591
f 69/54/3 70/55/3 71/1947/3 72/21/3 551/20/3 552/19/3 553/18/3 554/17/3 555/16/3 556/15/3 557/14/3 558/13/3 559/12/3 560/11/3 561/10/3 562/9/3 563/8/3 564/7/3 36/6/3 35/5/3 58/42/3 57/43/3 59/44/3 60/45/3 61/46/3 62/47/3 63/48/3 64/49/3 65/50/3 66/51/3 67/52/3 68/53/3 

vt 62.2352 12
vt 62.2352 12.1181
f 21/1948/5 20/62/5 551/63/5 72/1949/5 

vt 69.4793 12
vn 0.130526 0 0.991445
vt 69.8945 12
vn 0.258819 0 0.965926
vt 69.8945 12.1181
vt 69.4793 12.1181
f 20/1950/811 19/1951/812 552/1952/812 551/1953/811 

vt 72.3107 12
vt 72.7259 12
vn 0.5 0 0.866025
vt 72.7259 12.1181
vt 72.3107 12.1181
f 19/1954/812 18/1955/813 553/1956/813 552/1957/812 

vt 70.2001 12
vt 70.4912 12
vn 0.608761 0 0.793353
vt 70.4912 12.1181
vt 70.2001 12.1181
f 18/1958/813 17/1959/814 554/1960/814 553/1961/813 

vt 70.4912 12
vt 70.6153 12
vn 0.707107 0 0.707107
vt 70.6153 12.1181
vt 70.4912 12.1181
f 17/1962/814 16/1963/815 555/1964/815 554/1965/814 

vt 63.2913 12
vt 63.7065 12
vn 0.866025 0 0.5
vt 63.7065 12.1181
vt 63.2913 12.1181
f 16/1966/815 15/1967/816 556/1968/816 555/1969/815 

vt 52.0552 12
vt 52.4704 12
vn 0.965926 0 0.258819
vt 52.4704 12.1181
vt 52.0552 12.1181
f 15/1970/816 14/1971/817 557/1972/817 556/1973/816 

vt 37.2575 12
vt 37.6727 12
vn 1 0 -0
vt 37.6727 12.1181
vt 37.2575 12.1181
f 14/1974/817 13/1975/818 558/1976/818 557/1977/817 

vt 19.9065 12
vt 20.3218 12
vn 0.965926 0 -0.258819
vt 20.3218 12.1181
vt 19.9065 12.1181
f 13/1978/818 12/1979/819 559/1980/819 558/1981/818 

vt 1.18486 12
vt 1.60009 12
vn 0.866025 0 -0.5
vt 1.60009 12.1181
vt 1.18486 12.1181
f 12/1982/819 11/1983/820 560/1984/820 559/1985/819 

vt -17.6317 12
vt -17.2165 12
vn 0.707107 0 -0.707107
vt -17.2165 12.1181
vt -17.6317 12.1181
f 11/1986/820 10/1987/821 561/1988/821 560/1989/820 

vt -35.2609 12
vt -35.1368 12
vn 0.608761 0 -0.793353
vt -35.1368 12.1181
vt -35.2609 12.1181
f 10/1990/821 9/1991/822 562/1992/822 561/1993/821 

vt -35.1368 12
vt -34.8456 12
vn 0.5 0 -0.866025
vt -34.8456 12.1181
vt -35.1368 12.1181
f 9/1994/822 8/1995/823 563/1996/823 562/1997/822 

vt -50.5012 12
vt -50.0859 12
vn 0.258819 0 -0.965926
vt -50.0859 12.1181
vt -50.5012 12.1181
f 8/1998/823 7/1999/824 564/2000/824 563/2001/823 

vt -62.3141 12
vt -61.8988 12
vn 0.130526 0 -0.991445
vt -61.8988 12.1181
vt -62.3141 12.1181
f 7/2002/824 6/2003/825 36/2004/825 564/2005/824 

vt -57.5944 12
vn 0.130526 -1.31705e-017 -0.991445
vt -57.7125 12.1181
vt -57.7125 12
f 55/2006/826 35/2007/826 5/2008/826

vt -38.253 8.32563
vn -0.980389 0.148924 -0.129071
vt -38.4909 20.461
vt -41.556 20.461
vt -41.3181 8.32563
f 544/2009/827 5/2010/827 34/2011/827 542/2012/827 

vt -60.8201 0
vt -62.6429 12
vt -61.0147 0.145058
f 542/2013/4 34/2014/4 543/2015/4

vt -70.1376 6.94601
vt -78.2068 12
vt -78.2068 10.673
vt -76.9585 10.5415
vt -75.517 10.0964
vt -73.548 9.12923
f 541/2016/4 543/2015/4 34/2014/4 33/2017/4 533/2018/4 535/2019/4 537/2020/4 539/2021/4 

vt -0.74662 12
vn 0.915002 -1.95894e-014 -0.403449
vt -2.67117 12
vt -0.74662 10.673
f 33/2022/828 32/2023/828 533/2024/828

