# Alias OBJ Model File
# Exported from SketchUp, (c) 2000-2012 Trimble Navigation Limited
# File units = millimeters

mtllib turret_barrrel.mtl

g Mesh1 Componente_1_1 Model

usemtl Color_005
v 1811.06 191.799 -716.499
vt 0.0287144 0.624595
vn 1 3.1691e-013 1.72861e-013
v 1811.06 202.879 -716.499
vt 0.0287144 1.06081
v 1811.06 197.339 -715.769
vt 6.80554e-012 0.842702
f 1/1/1 2/2/1 3/3/1

v 1811.06 208.042 -718.637
vt 0.112901 1.26405
f 2/2/1 1/1/1 4/4/1

v 1811.06 186.637 -718.637
vt 0.112901 0.421351
f 4/4/1 1/1/1 5/5/1

v 811.061 187.934 -721.834
vt -0.00089146 0.345099
vn -0.00341691 -0.499997 0.86602
vt 39.3694 0.289818
vt 39.3697 0.509807
vn -0.00360018 -0.258817 0.96592
v 811.061 191.845 -720.214
vt -0.000653323 0.511758
f 6/6/2 5/7/2 1/8/3 7/9/3 

v 811.061 184.576 -724.411
vt -0.00142612 0.0628029
vn -0.00335439 -0.707103 0.707103
v 1811.06 182.204 -722.039
vt 39.3687 -0.0549034
vt 39.3693 0.165085
vt -0.00100082 0.229461
f 8/10/4 9/11/4 5/12/2 6/13/2 

vt -0.00185854 -0.0627916
v 811.061 181.999 -727.769
vt -0.00258085 -0.229449
vn -0.00341691 -0.86602 0.499997
v 1811.06 178.802 -726.472
vt 39.3672 -0.436176
vt 39.3681 -0.216189
f 8/14/4 10/15/5 11/16/5 9/17/4 

vt -0.340205 0.340205
vn -1 -4.18554e-013 -2.28176e-013
v 811.061 189.692 -724.878
vt -0.358617 0.541629
vt -0.472424 0.238749
f 8/18/6 12/19/6 10/20/6

v 811.061 192.755 -723.61
vt -0.308667 0.66222
f 8/18/6 13/21/6 12/19/6

v 811.061 196.042 -723.177
vt -0.291629 0.791629
f 8/18/6 14/22/6 13/21/6

vt -0.238749 0.472424
f 14/22/6 8/18/6 6/23/6

v 811.061 207.508 -724.411
vt -0.340205 1.24305
f 6/23/6 15/24/6 14/22/6

v 811.061 204.15 -721.834
vt -0.238749 1.11083
f 6/23/6 16/25/6 15/24/6

vt -0.174972 0.626397
f 7/26/6 16/25/6 6/23/6

v 811.061 200.239 -720.214
vt -0.174972 0.956862
f 7/26/6 17/27/6 16/25/6

v 811.061 196.042 -719.661
vt -0.153219 0.791629
f 17/27/6 7/26/6 18/28/6

vt -0.00065106 0.5982
vt 39.3697 0.596382
vt 39.3698 0.816372
vn -0.00389172 -8.60112e-008 0.999992
vt -0.000570117 0.764858
f 7/29/3 1/30/3 3/31/7 18/32/7 

vt -0.000622451 0.804856
vt 39.3698 0.856369
vt 39.3696 1.07636
vn -0.00427167 0.258817 0.965917
vt -0.000710824 0.971514
f 18/33/7 3/34/7 2/35/8 17/36/8 

vt -0.000841356 0.950984
vt 39.3695 1.0635
vt 39.3691 1.28349
vn -0.00471412 0.499994 0.866016
vt -0.00114803 1.11764
f 17/37/8 2/38/8 4/39/9 16/40/9 

vt -0.00147611 1.02663
vt 39.3686 1.21975
v 1811.06 212.475 -722.039
vt 39.3678 1.43974
vn -0.00518893 0.707097 0.707097
vt -0.00210338 1.19329
f 16/41/9 4/42/9 19/43/10 15/44/10 

v 1811.06 197.339 -720.41
vt 0.182702 0.842702
vt 0.246822 1.43858
f 20/45/1 19/46/1 4/4/1

v 1811.06 201.678 -720.981
vt 0.205191 1.01352
f 19/46/1 20/45/1 21/47/1

vt 0.000856668 0.822922
vn 0.00276674 6.11483e-008 -0.999996
v 811.061 199.329 -723.61
vt 0.000906715 0.953448
vn 0.00314669 -0.258818 -0.965921
vt -39.3693 1.04673
vt -39.3694 0.874436
f 14/48/11 22/49/12 21/50/12 20/51/11 

vt -0.308667 0.921039
f 14/22/6 15/24/6 22/52/6

v 811.061 202.392 -724.878
vt -0.358617 1.04163
f 22/52/6 15/24/6 23/53/6

v 811.061 210.085 -727.769
vt -0.472424 1.34451
f 23/53/6 15/24/6 24/54/6

vt -0.0041781 1.19328
vn -0.00566374 0.866011 0.499992
vt -0.00300876 1.02663
vt 39.3664 1.34781
v 1811.06 215.876 -726.472
vt 39.3648 1.5678
f 24/55/13 15/56/10 19/57/10 25/58/13 

v 1811.06 205.721 -722.656
vt 0.271126 1.1727
vt 0.421351 1.5725
f 19/46/1 26/59/1 25/60/1

f 19/46/1 21/47/1 26/59/1

vt 0.00111159 0.96905
vt 0.00129148 1.09958
vn 0.00358915 -0.499997 -0.86602
vt -39.3688 1.24145
vt -39.3691 1.06915
f 22/61/12 23/62/14 26/63/14 21/64/12 

vt 0.00171306 1.04469
v 811.061 205.022 -726.897
vt 0.00209262 1.17522
vn 0.00406397 -0.707101 -0.707101
v 1811.06 209.193 -725.32
vt -39.3678 1.3822
vt -39.3683 1.2099
f 23/65/14 27/66/15 28/67/15 26/68/14 

vt -0.438076 1.14518
f 23/53/6 24/54/6 27/69/6

v 811.061 207.041 -729.527
vt -0.541629 1.22464
f 27/69/6 24/54/6 29/70/6

v 811.061 211.705 -731.68
vt -0.626397 1.40829
f 29/70/6 24/54/6 30/71/6

vt -0.0072169 0.950977
vt 39.359 1.5467
v 1811.06 218.015 -731.634
vt 39.3559 1.76666
vn -0.00610618 0.965908 0.258814
vt -0.00956904 1.11762
f 24/72/13 25/73/13 31/74/16 30/75/16 

v 1811.06 211.857 -728.792
vt 0.512702 1.41428
vt 0.624595 1.65669
f 25/60/1 32/76/1 31/77/1

vt 0.376012 1.30939
f 25/60/1 28/78/1 32/76/1

f 25/60/1 26/59/1 28/78/1

v 1811.06 181.147 -732.835
vt 0.671882 0.205191
vn 1 3.17505e-013 1.73027e-013
v 1811.06 180.575 -737.174
vt 0.842702 0.182702
v 1811.06 181.147 -741.513
vt 1.01352 0.205191
v 1811.06 182.821 -745.556
vt 1.1727 0.271126
v 1811.06 185.485 -749.028
vt 1.30939 0.376012
v 1811.06 188.957 -751.692
vt 1.41428 0.512702
v 1811.06 193 -753.367
vt 1.48021 0.671882
v 1811.06 197.339 -753.938
vt 1.5027 0.842702
v 1811.06 201.678 -753.367
vt 1.48021 1.01352
v 1811.06 205.721 -751.692
vt 1.41428 1.1727
v 1811.06 209.193 -749.028
vt 1.30939 1.30939
v 1811.06 211.857 -745.556
vt 1.1727 1.41428
v 1811.06 213.532 -741.513
vt 1.01352 1.48021
v 1811.06 214.103 -737.174
vt 0.842702 1.5027
v 1811.06 213.532 -732.835
vt 0.671882 1.48021
vt 0.512702 1.41428
vt 0.376012 1.30939
vt 0.271126 1.1727
vt 0.205191 1.01352
vt 0.182702 0.842702
v 1811.06 193 -720.981
vt 0.205191 0.671882
v 1811.06 188.957 -722.656
vt 0.271126 0.512702
v 1811.06 185.485 -725.32
vt 0.376012 0.376012
v 1811.06 182.821 -728.792
vt 0.512702 0.271126
f 33/79/17 34/80/17 35/81/17 36/82/17 37/83/17 38/84/17 39/85/17 40/86/17 41/87/17 42/88/17 43/89/17 44/90/17 45/91/17 46/92/17 47/93/17 32/94/17 28/95/17 26/96/17 21/97/17 20/98/17 48/99/17 49/100/17 50/101/17 51/102/17 

vt 0.671882 0.205191
v 1811.06 175.935 -737.174
vt 0.842702 -1.24768e-011
vt 0.842702 0.182702
f 33/103/1 52/104/1 34/105/1

v 1811.06 176.664 -731.634
vt 0.624595 0.0287144
f 33/103/1 53/106/1 52/104/1

vt 0.512702 0.271126
f 51/107/1 53/106/1 33/103/1

vt 0.421351 0.112901
f 51/107/1 11/108/1 53/106/1

vt 0.376012 0.376012
f 50/109/1 11/108/1 51/107/1

vt 0.271126 0.512702
f 49/110/1 11/108/1 50/109/1

vt 0.246822 0.246822
f 49/110/1 9/111/1 11/108/1

vt 0.205191 0.671882
f 48/112/1 9/111/1 49/110/1

f 20/45/1 9/111/1 48/112/1

f 4/4/1 9/111/1 20/45/1

f 4/4/1 5/5/1 9/111/1

vt 0.000801284 0.616266
vn 0.00247519 0.258818 -0.965923
vt 0.000757057 0.746792
vt -39.3695 0.798306
vt -39.3694 0.626011
f 13/113/18 14/114/11 20/115/11 48/116/18 

vt 0.000906085 0.363165
vn 0.00229192 0.499999 -0.866023
vt 0.00077988 0.493691
vt -39.3694 0.504149
vt -39.3693 0.331854
f 12/117/19 13/118/18 48/119/18 49/120/19 

v 811.061 187.062 -726.897
vt 0.00122051 0.0808675
vn 0.0022294 0.707105 -0.707105
vt 0.000999127 0.211393
vt -39.3692 0.174932
vt -39.3689 0.00263736
f 54/121/20 12/122/19 49/123/19 50/124/20 

vt -0.438076 0.438076
f 10/20/6 12/19/6 54/125/6

v 811.061 185.044 -729.527
vt -0.541629 0.358617
f 10/20/6 54/125/6 55/126/6

vt 0.00159059 -0.080861
vt -39.3685 -0.182812
vt -39.368 -0.355106
vn 0.00229192 0.866023 -0.499999
vt 0.00196658 -0.211387
f 54/127/20 50/128/20 51/129/21 55/130/21 

vt 0.00330377 -0.363151
vt -39.3662 -0.591773
vt -39.3652 -0.764065
vn 0.00247519 0.965923 -0.258818
v 811.061 183.775 -732.59
vt 0.00403933 -0.493675
f 55/131/21 51/132/21 33/133/22 56/134/22 

vt 0.0130553 -0.616128
vt -39.3492 -1.40873
vt -39.3458 -1.58099
vn 0.00276674 0.999996 -6.11483e-008
v 811.061 183.342 -735.877
vt 0.0156065 -0.746629
f 56/135/22 33/136/22 34/137/23 57/138/23 

vt 0.0176591 0.822733
vt 39.3791 -0.0115862
vt 39.3829 0.160666
vn 0.00314669 0.965921 0.258818
v 811.061 183.775 -739.164
vt 0.0205458 0.953227
f 57/139/23 34/140/23 35/141/24 58/142/24 

v 1811.06 176.664 -742.714
vt 1.06081 0.0287144
vt 1.01352 0.205191
f 34/105/1 59/143/1 35/144/1

f 34/105/1 52/104/1 59/143/1

v 811.061 179.826 -735.877
vt -0.0244165 0.804486
vn -0.00389172 -0.999992 8.60111e-008
v 811.061 180.379 -740.074
vt -0.0295129 0.971066
vn -0.00427167 -0.965917 -0.258817
vt -39.3841 -0.148932
vt -39.3773 -0.368819
f 60/145/25 61/146/26 59/147/26 52/148/25 

vt -0.791629 0.153219
vt -0.921039 0.308667
vt -0.956862 0.174972
f 60/149/6 58/150/6 61/151/6

vt -0.791629 0.291629
f 60/149/6 57/152/6 58/150/6

vt -0.66222 0.308667
f 60/149/6 56/153/6 57/152/6

v 811.061 180.379 -731.68
vt -0.626397 0.174972
f 62/154/6 56/153/6 60/149/6

f 62/154/6 55/126/6 56/153/6

f 10/20/6 55/126/6 62/154/6

vt -0.00425846 -0.345074
vt -0.00564637 -0.511727
vn -0.00360018 -0.96592 0.258817
vt 39.3628 -0.893903
vt 39.3647 -0.673921
f 10/155/5 62/156/27 53/157/27 11/158/5 

vt -0.0176971 -0.597938
vt -0.0223653 -0.764531
vt 39.3306 -1.93792
vt 39.3367 -1.71802
f 62/159/27 60/160/25 52/161/25 53/162/27 

v 811.061 185.044 -742.227
vt -1.04163 0.358617
f 61/151/6 58/150/6 63/163/6

vt 0.00800749 0.969018
vt 39.3774 0.698632
vt 39.3788 0.870921
vn 0.00358915 0.86602 0.499997
vt 0.0090559 1.09954
f 58/164/24 35/165/24 36/166/28 63/167/28 

vt 1.1727 0.271126
f 35/144/1 59/143/1 36/168/1

v 1811.06 178.802 -747.876
vt 1.26405 0.112901
f 36/168/1 59/143/1 64/169/1

vt -0.0111074 0.95092
v 811.061 181.999 -743.985
vt -0.0128947 1.11757
vn -0.00471412 -0.866016 -0.499994
vt -39.3821 0.788729
vt -39.3797 0.568753
f 61/170/26 65/171/29 64/172/29 59/173/26 

vt -1.11083 0.238749
f 61/151/6 63/163/6 65/174/6

v 811.061 187.062 -744.857
vt -1.14518 0.438076
f 65/174/6 63/163/6 66/175/6

vt 0.00712906 1.1752
vn 0.00406397 0.707101 0.707101
vt 0.00648441 1.04467
vt 39.3766 0.900955
vt 39.3775 1.07325
f 66/176/30 63/177/28 36/178/28 37/179/30 

vt 1.30939 0.376012
f 36/168/1 64/169/1 37/180/1

v 1811.06 182.204 -752.309
vt 1.43858 0.246822
f 37/180/1 64/169/1 67/181/1

v 811.061 184.576 -747.343
vt -0.0100157 1.19325
vn -0.00518893 -0.707097 -0.707097
vt -39.3804 1.03985
vt -39.379 0.819865
vt -0.00895036 1.02659
f 68/182/31 67/183/31 64/184/29 65/185/29 

vt -0.00843576 1.0266
v 811.061 187.934 -749.92
vt -0.00912427 1.19326
vn -0.00566374 -0.499992 -0.866011
v 1811.06 186.637 -755.711
vt -39.3798 1.12888
vt -39.3789 0.908894
f 68/186/31 69/187/32 70/188/32 67/189/31 

vt -1.24305 0.340205
v 811.061 192.755 -748.144
vt -1.27459 0.66222
vt -1.34451 0.472424
f 68/190/6 71/191/6 69/192/6

v 811.061 189.692 -746.875
vt -1.22464 0.541629
f 68/190/6 72/193/6 71/191/6

f 68/190/6 66/175/6 72/193/6

f 65/174/6 66/175/6 68/190/6

vt 0.00616165 1.04468
vt 39.3766 0.966448
vt 39.3771 1.13874
vn 0.00453878 0.499995 0.866016
vt 0.00658918 1.1752
f 66/194/30 37/195/30 38/196/33 72/197/33 

vt 1.41428 0.512702
f 37/180/1 67/181/1 38/198/1

vt 1.48021 0.671882
f 38/198/1 67/181/1 39/199/1

vt 1.5725 0.421351
f 39/199/1 67/181/1 70/200/1

vt 1.5027 0.842702
f 39/199/1 70/200/1 40/201/1

v 1811.06 208.042 -755.711
vt 1.5725 1.26405
f 73/202/1 40/201/1 70/200/1

vt 1.48021 1.01352
f 73/202/1 41/203/1 40/201/1

v 1811.06 212.475 -752.309
vt 1.43858 1.43858
f 74/204/1 41/203/1 73/202/1

vt 1.41428 1.1727
f 74/204/1 42/205/1 41/203/1

vt 1.30939 1.30939
f 74/204/1 43/206/1 42/205/1

v 1811.06 215.876 -747.876
vt 1.26405 1.5725
f 75/207/1 43/206/1 74/204/1

vt 1.1727 1.41428
f 75/207/1 44/208/1 43/206/1

v 1811.06 218.015 -742.714
vt 1.06081 1.65669
f 76/209/1 44/208/1 75/207/1

vt 1.01352 1.48021
f 76/209/1 45/210/1 44/208/1

v 1811.06 218.744 -737.174
vt 0.842702 1.6854
f 77/211/1 45/210/1 76/209/1

vt 0.842702 1.5027
f 77/211/1 46/212/1 45/210/1

vt 0.671882 1.48021
f 77/211/1 47/213/1 46/212/1

f 31/77/1 47/213/1 77/211/1

f 31/77/1 32/76/1 47/213/1

v 811.061 208.309 -732.59
vt 0.00818672 1.09956
vn 0.00498123 -0.965914 -0.258816
vt -39.3588 1.63683
vt -39.3607 1.46455
vn 0.00453878 -0.866016 -0.499995
vt 0.00669591 0.969037
f 78/214/34 47/215/34 32/216/35 29/217/35 

vt 0.0260881 0.822531
v 811.061 208.742 -735.877
vt 0.0311862 0.952957
vn 0.00536117 -0.999986 -1.18486e-007
vt -39.3063 2.56882
vt -39.313 2.39665
f 78/218/34 79/219/36 46/220/36 47/221/34 

vt -0.66222 1.27459
v 811.061 212.258 -735.877
vt -0.791629 1.43004
vt -0.791629 1.29163
f 78/222/6 80/223/6 79/224/6

f 78/222/6 30/71/6 80/223/6

f 29/70/6 30/71/6 78/222/6

vt -0.0300142 0.804338
vt 39.2949 2.70528
vt 39.2845 2.92502
vn -0.00648612 0.999979 1.43346e-007
vt -0.0379314 0.970809
f 30/225/16 31/226/16 77/227/37 80/228/37 

vt -0.0399779 -0.596946
vt -39.3624 1.35702
vt -39.3734 1.13731
vn -0.00677765 0.965904 -0.258813
v 811.061 211.705 -740.074
vt -0.0483222 -0.763396
f 80/229/37 77/230/37 76/231/38 81/232/38 

vt -0.0170989 -0.344862
vt -39.3827 0.304158
vt -39.3864 0.084199
vn -0.00696091 0.866004 -0.499988
v 811.061 210.085 -743.985
vt -0.0198503 -0.511498
f 81/233/38 76/234/38 75/235/39 82/236/39 

vt -0.0127058 -0.0626863
vt -39.382 0.31182
vt -39.384 0.0918397
vn -0.00702342 0.707089 -0.707089
v 811.061 207.508 -747.343
vt -0.0142181 -0.229338
f 82/237/39 75/238/39 74/239/40 83/240/40 

v 811.061 204.15 -749.92
vt -0.0118007 0.062863
vn -0.00696091 0.499988 -0.866004
vt -0.0109102 0.229519
vt -39.3812 0.475974
vt -39.3824 0.255988
f 84/241/41 83/242/40 74/243/40 73/244/41 

v 811.061 199.329 -748.144
vt -1.27459 0.921039
vt -1.24305 1.24305
vt -1.34451 1.11083
f 85/245/6 83/246/6 84/247/6

v 811.061 202.392 -746.875
vt -1.22464 1.04163
f 86/248/6 83/246/6 85/245/6

v 811.061 205.022 -744.857
vt -1.14518 1.14518
f 87/249/6 83/246/6 86/248/6

vt -1.11083 1.34451
f 87/249/6 82/250/6 83/246/6

v 811.061 207.041 -742.227
vt -1.04163 1.22464
f 88/251/6 82/250/6 87/249/6

vt -0.956862 1.40829
f 88/251/6 81/252/6 82/250/6

v 811.061 208.309 -739.164
vt -0.921039 1.27459
f 89/253/6 81/252/6 88/251/6

f 79/224/6 81/252/6 89/253/6

f 79/224/6 80/223/6 81/252/6

vt 0.0332349 -0.615415
vt 0.0386679 -0.745829
vn 0.00565271 -0.96591 0.258815
vt 39.3779 0.82813
vt 39.3707 1.00028
f 79/254/36 89/255/42 45/256/42 46/257/36 

vt 0.0137753 -0.363008
vt 0.0155789 -0.493522
vn 0.00583598 -0.866011 0.499991
vt 39.3832 0.00197616
vt 39.3808 0.174254
f 89/258/42 88/259/43 44/260/43 45/261/42 

vt 0.0100061 -0.0807914
vt 0.0110008 -0.211314
vn 0.00589849 -0.707094 0.707094
vt 39.3808 0.0584227
vt 39.3795 0.230712
f 88/262/43 87/263/44 43/264/44 44/265/43 

vt 0.00902708 0.0809066
vn 0.00583598 -0.499991 0.866011
vt 39.3794 0.246119
vt 39.3787 0.418412
vt 0.00844137 0.211431
f 86/266/45 42/267/45 43/268/44 87/269/44 

vt 0.00789697 0.363183
vn 0.00565271 -0.258815 0.96591
vt 39.3785 0.463287
vt 39.3781 0.635581
vt 0.00758749 0.493709
f 85/270/46 41/271/46 42/272/45 86/273/45 

v 811.061 196.042 -748.577
vt 0.00714523 0.616271
vn 0.00536117 1.18486e-007 0.999986
vt 39.3778 0.667784
vt 39.3777 0.840079
vt 0.00705098 0.746797
f 90/274/47 40/275/47 41/276/46 85/277/46 

vt 0.00661564 0.822918
vn 0.00498123 0.258816 0.965914
vt 39.3772 0.832663
vt 39.3773 1.00496
vt 0.00670407 0.953444
f 71/278/48 39/279/48 40/280/47 90/281/47 

vt 0.00627146 0.96904
vt 39.3768 0.93773
vt 39.3771 1.11002
vt 0.00652726 1.09957
f 72/282/33 38/283/33 39/284/48 71/285/48 

vt -1.29163 0.791629
f 69/192/6 71/191/6 90/286/6

f 69/192/6 90/286/6 84/247/6

f 85/245/6 84/247/6 90/286/6

v 811.061 200.239 -751.54
vt -1.40829 0.956862
f 69/192/6 84/247/6 91/287/6

vt -0.0104254 0.345128
vn -0.00677765 0.258813 -0.965904
vt -0.00995323 0.511786
vt -39.3806 0.677628
v 1811.06 202.879 -757.849
vt -39.3813 0.45764
f 91/288/49 84/289/41 73/290/41 92/291/49 

v 1811.06 191.799 -757.849
vt 1.65669 0.624595
vt 1.65669 1.06081
f 73/202/1 93/292/1 92/293/1

f 73/202/1 70/200/1 93/292/1

vt -0.00850842 0.950967
v 811.061 191.845 -751.54
vt -0.00891202 1.11762
vn -0.00610618 -0.258814 -0.965908
vt -39.3798 1.11567
vt -39.3792 0.895686
f 69/294/32 94/295/50 93/296/50 70/297/32 

vt -1.40829 0.626397
f 69/192/6 91/287/6 94/298/6

v 811.061 196.042 -752.092
vt -1.43004 0.791629
f 94/298/6 91/287/6 95/299/6

vt -0.00951962 0.598208
vn -0.00648612 -1.43346e-007 -0.999979
vt -0.00937482 0.764866
vt -39.3802 0.869711
v 1811.06 197.339 -758.579
vt -39.3804 0.649721
f 95/300/51 91/301/49 92/302/49 96/303/51 

vt 1.6854 0.842702
f 92/293/1 93/292/1 96/304/1

vt -0.00889381 0.804849
vt -0.00903119 0.971508
vt -39.3799 1.02302
vt -39.3798 0.803032
f 94/305/50 95/306/51 96/307/51 93/308/50 

vt 0.00379786 1.17522
vt -39.3655 1.48672
vt -39.3665 1.31443
vt 0.00307176 1.04469
f 29/309/35 32/310/35 28/311/15 27/312/15 

g Mesh2 Componente_7_1 Model

v 1704.34 98.8128 -787.368
vt 0 3.78346
vn 0 -1 -0
v 2093.94 98.8128 -787.368
vt -15.3386 3.78346
v 2093.94 98.8128 -691.268
vt -15.3386 0
v 1704.34 98.8128 -691.268
vt 0 0
f 97/313/52 98/314/52 99/315/52 100/316/52 

vn 0 0 -1
v 1704.34 223.513 -787.368
vt 0 4.90945
v 2093.94 223.513 -787.368
vt -15.3386 4.90945
f 98/315/53 97/316/53 101/317/53 102/318/53 

vt -3.78346 0
vn -1 0 -0
v 1704.34 223.513 -691.268
vt -3.78346 4.90945
f 97/319/54 100/316/54 103/317/54 101/320/54 

vn 0 0 1
vt 15.3386 0
v 2093.94 223.513 -691.268
vt 15.3386 4.90945
f 100/316/55 99/321/55 104/322/55 103/317/55 

vn 1 0 -0
vt 3.78346 0
vt 3.78346 4.90945
f 99/316/56 98/323/56 102/324/56 104/317/56 

vt 15.3386 3.78346
vn 0 1 -0
f 102/325/57 101/313/57 103/316/57 104/321/57 

g Mesh3 Model

usemtl FrontColor
v 1772.49 206.224 -721.47
vt -69.7831 5.18575
vn 1.13812e-016 0.101786 -0.994806
v 1772.49 201.184 -721.985
vt -69.7831 4.98627
v 1658.19 201.905 -721.912
vt -65.2831 5.01479
v 1658.19 206.224 -721.47
vt -65.2831 5.18575
f 105/326/58 106/327/58 107/328/58 108/329/58 

g Mesh4 Model

usemtl Color_005
v 792.954 187.437 -716.142
vt 28.1946 1.84887
vn 0.999052 0.0435377 -6.21521e-014
v 792.954 187.437 -726.608
vt 28.6066 1.84887
v 792.623 189.314 -725.168
vt 28.5499 1.92389
vn 0.953742 0.300628 -4.2534e-013
v 792.623 189.314 -715.365
vt 28.164 1.92389
f 109/330/59 110/331/59 111/332/60 112/333/60 

v 792.788 185.539 -716.929
vt 28.2255 9.99969
vn 0.976278 -0.216519 3.05999e-013
v 792.788 185.539 -728.881
vt 28.6961 9.99969
v 792.921 187.062 -726.897
vt 28.618 10.0599
vn 0.996188 -0.0872372 1.1859e-013
vt 28.6066 10.0747
vt 28.1946 10.0747
f 113/334/61 114/335/61 115/336/62 110/337/59 109/338/59 

vt 28.6961 17.5415
vt 28.2255 17.5415
v 792.66 185.187 -717.075
vt 28.2313 17.5268
vn 0.939665 -0.342097 4.88173e-013
v 792.136 183.748 -718.178
vt 28.2747 17.4665
vn 0.886973 -0.461821 6.58849e-013
v 792.136 183.748 -732.792
vt 28.8501 17.4665
v 792.146 183.775 -732.59
vt 28.8421 17.4676
v 792.607 185.044 -729.527
vt 28.7215 17.5208
f 114/339/61 113/340/61 116/341/63 117/342/64 118/343/64 119/344/63 120/345/63 

v 811.061 190.423 -714.906
vt 31.9316 -3.84468
vn -1.34115e-013 -0.258819 0.965926
v 792.106 190.423 -714.906
vt 31.1853 -3.84468
vt 31.2056 -3.89193
vn -5.92141e-014 -0.382683 0.92388
vt 31.2187 -3.9719
vt 31.2121 -4.0528
vt 31.2071 -4.06781
vn 8.95445e-015 -0.5 0.866025
v 811.061 185.187 -717.075
vt 31.9316 -4.06781
f 121/346/65 122/347/65 112/348/66 109/349/66 113/350/66 116/351/67 123/352/67 

v 699.261 190.423 -714.906
vt 27.53 3.75905
vn -1.28811e-012 -0.258819 0.965926
v 715.493 190.423 -714.906
vt 28.169 3.75905
v 715.518 190.491 -714.897
vt 28.17 3.76175
vn -2.06722e-013 -0.130526 0.991445
v 716.611 192.052 -714.691
vt 28.213 3.82373
v 718.071 193.277 -714.53
vt 28.2705 3.87237
v 719.798 194.082 -714.424
vt 28.3385 3.90435
v 721.675 194.413 -714.38
vt 28.4124 3.91748
v 723.573 194.246 -714.402
vt 28.4871 3.91088
v 725.364 193.594 -714.488
vt 28.5576 3.88499
v 726.925 192.501 -714.632
vt 28.6191 3.84158
v 728.15 191.041 -714.824
vt 28.6673 3.78361
v 728.438 190.423 -714.906
vt 28.6787 3.75905
vn -1.33712e-013 -0.258819 0.965926
v 733.774 190.423 -714.906
vt 28.8887 3.75905
v 733.799 190.491 -714.897
vt 28.8897 3.76175
v 734.892 192.052 -714.691
vt 28.9328 3.82373
v 736.352 193.277 -714.53
vt 28.9902 3.87237
v 738.079 194.082 -714.424
vt 29.0582 3.90435
v 739.956 194.413 -714.38
vt 29.1321 3.91748
v 741.854 194.246 -714.402
vt 29.2069 3.91088
v 743.645 193.594 -714.488
vt 29.2774 3.88499
v 745.206 192.501 -714.632
vt 29.3388 3.84158
v 746.431 191.041 -714.824
vt 29.387 3.78361
v 746.719 190.423 -714.906
vt 29.3984 3.75905
vn -1.14727e-013 -0.258819 0.965926
v 752.388 190.423 -714.906
vt 29.6216 3.75905
v 752.413 190.491 -714.897
vt 29.6225 3.76175
v 753.506 192.052 -714.691
vt 29.6656 3.82373
v 754.966 193.277 -714.53
vt 29.7231 3.87237
v 756.693 194.082 -714.424
vt 29.7911 3.90435
v 758.57 194.413 -714.38
vt 29.865 3.91748
v 760.468 194.246 -714.402
vt 29.9397 3.91088
v 762.259 193.594 -714.488
vt 30.0102 3.88499
v 763.82 192.501 -714.632
vt 30.0716 3.84158
v 765.045 191.041 -714.824
vt 30.1199 3.78361
v 765.333 190.423 -714.906
vt 30.1312 3.75905
vn -3.06848e-014 -0.258819 0.965926
v 779.161 190.423 -714.906
vt 30.6756 3.75905
v 779.186 190.491 -714.897
vt 30.6766 3.76175
v 780.279 192.052 -714.691
vt 30.7197 3.82373
v 781.739 193.277 -714.53
vt 30.7771 3.87237
v 783.466 194.082 -714.424
vt 30.8451 3.90435
v 785.343 194.413 -714.38
vt 30.919 3.91748
v 787.242 194.246 -714.402
vt 30.9938 3.91088
v 789.032 193.594 -714.488
vt 31.0643 3.88499
v 790.593 192.501 -714.632
vt 31.1257 3.84158
v 791.818 191.041 -714.824
vt 31.1739 3.78361
vt 31.1853 3.75905
vt 31.9316 3.75905
v 811.061 196.042 -714.166
vt 31.9316 3.98219
vn -2.46517e-013 -2.06772e-013 1
v 699.261 196.042 -714.166
vt 27.53 3.98219
f 124/353/68 125/354/68 126/355/69 127/356/69 128/357/69 129/358/69 130/359/69 131/360/69 132/361/69 133/362/69 134/363/69 135/364/70 136/365/70 137/366/69 138/367/69 139/368/69 140/369/69 141/370/69 142/371/69 143/372/69 144/373/69 145/374/69 146/375/71 147/376/71 148/377/69 149/378/69 150/379/69 151/380/69 152/381/69 153/382/69 154/383/69 155/384/69 156/385/69 157/386/72 158/387/72 159/388/69 160/389/69 161/390/69 162/391/69 163/392/69 164/393/69 165/394/69 166/395/69 167/396/69 122/397/65 121/398/65 168/399/73 169/400/73 

v 699.261 185.187 -717.075
vt 27.53 -4.06781
vn -2.81491e-012 -0.5 0.866025
v 714.984 185.187 -717.075
vt 28.149 -4.06781
v 714.699 186.802 -716.406
vt 28.1378 -3.99899
vn -2.34746e-012 -0.382683 0.92388
v 714.866 188.7 -715.619
vt 28.1443 -3.91809
vt 28.169 -3.84468
vt 27.53 -3.84468
f 170/401/74 171/402/74 172/403/75 173/404/75 125/405/68 124/406/68 

v 699.261 180.69 -720.525
vt 27.53 -11.6251
vn -1.68955e-012 -0.707107 0.707107
v 718.556 180.69 -720.525
vt 28.2896 -11.6251
v 717.06 181.738 -719.721
vt 28.2307 -11.5731
vn -3.23419e-012 -0.608761 0.793353
v 715.835 183.198 -718.601
vt 28.1825 -11.5006
v 715.03 184.925 -717.275
vt 28.1508 -11.4149
vt 28.149 -11.4019
vt 27.53 -11.4019
f 174/407/76 175/408/76 176/409/77 177/410/77 178/411/77 171/412/74 170/413/74 

v 736.837 180.69 -720.525
vt 29.0093 -18.1746
vn -3.58014e-015 -0.707107 0.707107
v 725.33 180.69 -720.525
vt 28.5563 -18.1746
v 724.187 180.157 -721.22
vt 28.5113 -18.209
vn -1.15997e-013 -0.793353 0.608761
v 722.31 179.826 -721.651
vt 28.4374 -18.2304
v 720.412 179.993 -721.434
vt 28.3627 -18.2197
v 718.621 180.645 -720.584
vt 28.2922 -18.1775
vt 28.2896 -18.1746
vt 27.53 -18.1746
v 699.261 177.24 -725.021
vt 27.53 -18.3977
v 811.061 177.24 -725.021
vt 31.9316 -18.3977
v 811.061 180.69 -720.525
vt 31.9316 -18.1746
vn -1.9682e-014 -0.707107 0.707107
v 788.999 180.69 -720.525
vt 31.0629 -18.1746
v 787.856 180.157 -721.22
vt 31.0179 -18.209
v 785.979 179.826 -721.651
vt 30.944 -18.2304
v 784.08 179.993 -721.434
vt 30.8693 -18.2197
v 782.29 180.645 -720.584
vt 30.7988 -18.1775
v 782.225 180.69 -720.525
vt 30.7962 -18.1746
vn -1.78543e-014 -0.707107 0.707107
v 762.225 180.69 -720.525
vt 30.0089 -18.1746
v 761.082 180.157 -721.22
vt 29.9639 -18.209
v 759.205 179.826 -721.651
vt 29.89 -18.2304
v 757.307 179.993 -721.434
vt 29.8152 -18.2197
v 755.516 180.645 -720.584
vt 29.7447 -18.1775
v 755.451 180.69 -720.525
vt 29.7422 -18.1746
vn -1.63907e-014 -0.707107 0.707107
v 743.612 180.69 -720.525
vt 29.276 -18.1746
v 742.468 180.157 -721.22
vt 29.231 -18.209
v 740.592 179.826 -721.651
vt 29.1571 -18.2304
v 738.693 179.993 -721.434
vt 29.0824 -18.2197
v 736.902 180.645 -720.584
vt 29.0119 -18.1775
f 179/414/78 180/415/78 181/416/79 182/417/79 183/418/79 184/419/79 175/420/76 174/421/76 185/422/79 186/423/79 187/424/80 188/425/80 189/426/79 190/427/79 191/428/79 192/429/79 193/430/81 194/431/81 195/432/79 196/433/79 197/434/79 198/435/79 199/436/82 200/437/82 201/438/79 202/439/79 203/440/79 204/441/79 

vt 28.5563 -11.6251
vt 29.0093 -11.6251
v 735.341 181.738 -719.721
vt 28.9505 -11.5731
vn 1.08898e-013 -0.608761 0.793353
v 734.117 183.198 -718.601
vt 28.9022 -11.5006
v 733.311 184.925 -717.275
vt 28.8705 -11.4149
v 733.265 185.187 -717.075
vt 28.8687 -11.4019
vn 2.546e-014 -0.5 0.866025
v 728.991 185.187 -717.075
vt 28.7004 -11.4019
v 728.467 183.748 -718.178
vt 28.6798 -11.4733
v 727.374 182.187 -719.376
vt 28.6368 -11.5508
v 725.914 180.962 -720.316
vt 28.5793 -11.6116
f 180/442/78 179/443/78 205/444/83 206/445/83 207/446/83 208/447/84 209/448/84 210/449/83 211/450/83 212/451/83 

vt -28.3355 -19.609
vn -0.67565 -0.737222 7.81988e-013
v 735.341 181.738 -752.033
vt -29.6076 -19.609
v 736.837 180.69 -751.229
vt -29.5759 -19.6809
vn -0.573643 -0.819105 6.33655e-013
v 736.902 180.645 -751.169
vt -29.5736 -19.6841
vn -0.461821 -0.886973 9.95009e-013
vt -28.3695 -19.6841
vt -28.3671 -19.6809
f 205/452/85 213/453/85 214/454/86 215/455/87 204/456/87 179/457/86 

vt -28.2914 -13.0507
vn -0.843435 -0.537231 7.65244e-013
v 734.117 183.198 -753.153
vt -29.6517 -13.0507
vt -29.6076 -13.1257
vt -28.3355 -13.1257
f 206/458/88 216/459/88 213/460/85 205/461/85 

vt -28.2392 -5.60044
vn -0.953742 -0.300628 4.2851e-013
v 733.311 184.925 -729.813
vt -28.7328 -5.60044
v 733.848 183.775 -732.59
vt -28.8421 -5.6504
vn -0.906342 -0.422544 6.00453e-013
v 734.049 183.342 -735.877
vt -28.9715 -5.6692
v 733.848 183.775 -739.164
vt -29.1009 -5.6504
v 733.311 184.925 -741.94
vt -29.2103 -5.60044
vn -0.953742 -0.300628 4.25148e-013
v 733.311 184.925 -754.478
vt -29.7039 -5.60044
vt -29.6517 -5.67547
vt -28.2914 -5.67547
f 207/462/89 217/463/89 218/464/90 219/465/90 220/466/90 221/467/91 222/468/91 216/469/88 206/470/88 

vt -28.7328 2.15902
vt -28.2392 2.15902
vt -28.2313 2.16948
vn -0.984822 -0.173568 2.49235e-013
v 732.981 186.802 -716.406
vt -28.2049 2.23404
vn -0.999052 -0.0435377 6.57105e-014
v 732.981 186.802 -727.236
vt -28.6313 2.23404
v 733.291 185.044 -729.527
vt -28.7215 2.16376
f 217/471/89 207/472/89 208/473/92 223/474/93 224/475/93 225/476/92 

vt 28.8887 -3.84468
vt 28.6787 -3.84468
v 728.955 189.314 -715.365
vt 28.699 -3.89193
vn -5.84137e-014 -0.382683 0.92388
v 729.286 187.437 -716.142
vt 28.712 -3.9719
v 729.119 185.539 -716.929
vt 28.7055 -4.0528
vt 28.7004 -4.06781
vt 28.8687 -4.06781
vt 28.8575 -3.99899
v 733.147 188.7 -715.619
vt 28.8641 -3.91809
f 136/477/70 135/478/70 226/479/94 227/480/94 228/481/94 209/482/84 208/483/84 223/484/94 229/485/94 

v 728.15 191.041 -724.319
vt 28.5165 -5.29632
vn 0.843435 0.537231 -7.57749e-013
vt 28.1427 -5.29632
vt 28.1459 -5.32318
vn 0.906342 0.422544 -5.85243e-013
vt 28.164 -5.37135
vn 0.953742 0.300628 -4.11094e-013
v 728.955 189.314 -725.168
vt 28.5499 -5.37135
v 728.779 189.692 -724.878
vt 28.5385 -5.35493
f 230/486/95 134/487/95 135/488/96 226/489/97 231/490/97 232/491/96 

v 726.925 192.501 -723.715
vt 28.4927 -12.5881
vn 0.67565 0.737222 -1.05331e-012
vt 28.1351 -12.5881
vt 28.1427 -12.6631
vt 28.5165 -12.6631
f 233/492/98 133/493/98 134/494/95 230/495/95 

v 725.364 193.594 -723.499
vt 28.4842 -19.0195
vn 0.461821 0.886973 -1.26215e-012
vt 28.1295 -19.0195
vt 28.1351 -19.0945
vt 28.4927 -19.0945
v 726.562 192.755 -723.61
vt 28.4886 -19.0771
vn 0.573643 0.819105 -1.17131e-012
f 234/496/99 132/497/99 133/498/98 233/499/98 235/500/100 

v 723.573 194.246 -723.413
vt 28.4808 -24.1522
vn 0.216519 0.976278 -1.38788e-012
vt 28.1261 -24.1522
vt 28.1295 -24.2272
vt 28.4842 -24.2272
f 236/501/101 131/502/101 132/503/99 234/504/99 

v 721.675 194.413 -723.391
vt 28.48 -27.6364
vn -0.0435377 0.999052 -1.4308e-012
vt 28.1252 -27.6364
vt 28.1261 -27.7114
vt 28.4808 -27.7114
f 237/505/102 130/506/102 131/507/101 236/508/101 

v 719.798 194.082 -723.435
vt -28.4817 29.2346
vn -0.300628 0.953742 -1.36549e-012
vt -28.1269 29.2346
vt -28.1252 29.3096
vt -28.48 29.3096
f 238/509/103 129/510/103 130/511/102 237/512/102 

v 718.071 193.277 -723.541
vt -28.4859 28.838
vn -0.537231 0.843435 -1.20019e-012
vt -28.1311 28.838
vt -28.1269 28.913
vt -28.4817 28.913
f 239/513/104 128/514/104 129/515/103 238/516/103 

v 716.611 192.052 -723.901
vt -28.5 26.4736
vn -0.737222 0.67565 -9.53508e-013
vt -28.1375 26.4736
vt -28.1311 26.5486
vt -28.4859 26.5486
v 717.449 192.755 -723.61
vt -28.4886 26.5167
vn -0.642725 0.766097 -1.08872e-012
f 240/517/105 127/518/105 128/519/104 239/520/104 241/521/106 

v 715.518 190.491 -724.547
vt -28.5255 22.3025
vn -0.886973 0.461821 -6.40786e-013
vt -28.1455 22.3025
vt -28.1375 22.3775
vt -28.5 22.3775
f 242/522/107 126/523/107 127/524/105 240/525/105 

v 714.866 188.7 -725.639
vt -28.5685 16.609
vn -0.976278 0.216519 -2.90435e-013
vt -28.174 16.609
vt -28.1459 16.6812
vn -0.939665 0.342097 -4.68631e-013
vt -28.1455 16.684
vt -28.5255 16.684
v 715.227 189.692 -724.878
vt -28.5385 16.6505
f 243/526/108 173/527/108 125/528/109 126/529/107 242/530/107 244/531/109 

vt -28.174 9.85605
vt -28.5685 9.85605
v 714.722 187.062 -726.897
vt -28.618 9.7913
vn -0.996188 0.0872372 -1.07269e-013
v 714.699 186.802 -727.236
vt -28.6313 9.78102
vn -0.999052 -0.0435377 6.90568e-014
vt -28.2049 9.78102
f 173/532/108 243/533/108 245/534/110 246/535/111 172/536/111 

usemtl Color_006
v 707.261 189.692 -724.878
vt -27.8449 -11.4482
vn 5.3008e-012 0.5 -0.866025
vt -28.1585 -11.4482
vt -28.1443 -11.4975
vn 6.79728e-012 0.608761 -0.793353
vt -28.1387 -11.5788
vn 7.90864e-012 0.707107 -0.707107
v 707.261 187.062 -726.897
vt -27.8449 -11.5788
f 247/537/112 244/538/112 243/539/113 245/540/114 248/541/114 

v 707.261 192.755 -723.61
vt -27.8449 -3.89098
vn 1.98139e-012 0.258819 -0.965926
vt -28.246 -3.89098
vt -28.213 -3.92095
vn 3.71362e-012 0.382683 -0.92388
vt -28.17 -3.98747
vt -28.1585 -4.02151
vt -27.8449 -4.02151
f 249/542/115 241/543/115 240/544/116 242/545/116 244/546/112 247/547/112 

v 754.344 192.755 -723.61
vt -29.6986 3.80536
vn 1.31286e-013 0.258819 -0.965926
v 744.844 192.755 -723.61
vt -29.3245 3.80536
v 743.645 193.594 -723.499
vt -29.2774 3.83869
vn 2.15253e-013 0.130526 -0.991445
v 741.854 194.246 -723.413
vt -29.2069 3.86457
v 739.956 194.413 -723.391
vt -29.1321 3.87118
v 738.079 194.082 -723.435
vt -29.0582 3.85804
v 736.352 193.277 -723.541
vt -28.9902 3.82607
v 735.73 192.755 -723.61
vt -28.9658 3.80536
vn 1.45161e-013 0.258819 -0.965926
vt -28.6048 3.80536
vt -28.5576 3.83869
vt -28.4871 3.86457
vt -28.4124 3.87118
vt -28.3385 3.85804
vt -28.2705 3.82607
vt -28.246 3.80536
vt -27.8449 3.80536
v 707.261 196.042 -723.177
vt -27.8449 3.93588
vn 2.54287e-013 4.07734e-013 -1
v 811.061 196.042 -723.177
vt -31.9316 3.93588
v 811.061 192.755 -723.61
vt -31.9316 3.80536
vn 1.35084e-013 0.258819 -0.965926
v 790.231 192.755 -723.61
vt -31.1114 3.80536
v 789.032 193.594 -723.499
vt -31.0643 3.83869
v 787.242 194.246 -723.413
vt -30.9938 3.86457
v 785.343 194.413 -723.391
vt -30.919 3.87118
v 783.466 194.082 -723.435
vt -30.8451 3.85804
v 781.739 193.277 -723.541
vt -30.7771 3.82607
v 781.118 192.755 -723.61
vt -30.7527 3.80536
vn 1.32372e-013 0.258819 -0.965926
v 763.457 192.755 -723.61
vt -30.0574 3.80536
v 762.259 193.594 -723.499
vt -30.0102 3.83869
v 760.468 194.246 -723.413
vt -29.9397 3.86457
v 758.57 194.413 -723.391
vt -29.865 3.87118
v 756.693 194.082 -723.435
vt -29.7911 3.85804
v 754.966 193.277 -723.541
vt -29.7231 3.82607
f 250/548/117 251/549/117 252/550/118 253/551/118 254/552/118 255/553/118 256/554/118 257/555/119 235/556/119 234/557/118 236/558/118 237/559/118 238/560/118 239/561/118 241/562/115 249/563/115 258/564/120 259/565/120 260/566/121 261/567/121 262/568/118 263/569/118 264/570/118 265/571/118 266/572/118 267/573/122 268/574/122 269/575/118 270/576/118 271/577/118 272/578/118 273/579/118 

vt -29.3245 -3.89098
vt -29.6986 -3.89098
v 753.506 192.052 -723.901
vt -29.6656 -3.92095
vn 4.50734e-014 0.382683 -0.92388
v 752.413 190.491 -724.547
vt -29.6225 -3.98747
v 752.122 189.692 -724.878
vt -29.6111 -4.02151
vn -9.79042e-015 0.5 -0.866025
v 747.06 189.692 -724.878
vt -29.4118 -4.02151
v 746.431 191.041 -724.319
vt -29.387 -3.96401
v 745.206 192.501 -723.715
vt -29.3388 -3.9018
f 251/580/117 250/581/117 274/582/123 275/583/123 276/584/124 277/585/124 278/586/123 279/587/123 

usemtl Color_005
vt -28.5 27.5864
vn -0.737222 0.67565 -9.6454e-013
vt -28.1375 27.5864
vt -28.1311 27.6614
vn -0.537231 0.843435 -1.2034e-012
vt -28.4859 27.6614
vt -28.4886 27.6295
vn -0.642725 0.766097 -1.09485e-012
f 274/588/125 149/589/125 150/590/126 273/591/126 250/592/127 

vt -28.5255 23.1358
vn -0.886973 0.461821 -6.50925e-013
vt -28.1455 23.1358
vt -28.1375 23.2108
vt -28.5 23.2108
f 275/593/128 148/594/128 149/595/125 274/596/125 

v 751.761 188.7 -725.639
vt -28.5685 17.1059
vn -0.976278 0.216519 -2.97928e-013
v 751.761 188.7 -715.619
vt -28.174 17.1059
vt -28.1459 17.1781
vn -0.939665 0.342097 -4.72987e-013
vt -28.1455 17.1809
vt -28.5255 17.1809
vt -28.5385 17.1475
f 280/597/129 281/598/129 147/599/130 148/600/128 275/601/128 276/602/130 

vt -28.174 9.98276
vt -28.5685 9.98276
v 751.617 187.062 -726.897
vt -28.618 9.91802
vn -0.996188 0.0872372 -1.17771e-013
v 751.595 186.802 -727.236
vt -28.6313 9.90774
vn -0.999052 -0.0435377 6.32611e-014
v 751.595 186.802 -716.406
vt -28.2049 9.90774
f 281/603/129 280/604/129 282/605/131 283/606/132 284/607/132 

usemtl Color_006
vt -29.5912 -11.5788
vn -1.27988e-013 0.707107 -0.707107
v 747.534 187.062 -726.897
vt -29.4305 -11.5788
v 747.567 187.437 -726.608
vt -29.4318 -11.5601
vn -6.44868e-014 0.608761 -0.793353
v 747.236 189.314 -725.168
vt -29.4187 -11.467
vt -29.4118 -11.4482
vt -29.6111 -11.4482
vt -29.5969 -11.4975
f 282/608/133 285/609/133 286/610/134 287/611/134 277/612/124 276/613/124 280/614/134 

v 751.904 185.044 -729.527
vt -29.6025 -18.3514
vn -2.35653e-013 0.866025 -0.5
v 747.22 185.044 -729.527
vt -29.4181 -18.3514
v 747.401 185.539 -728.881
vt -29.4252 -18.3193
vn -1.893e-013 0.793353 -0.608761
vt -29.4305 -18.2209
vt -29.5912 -18.2209
vt -29.5903 -18.2377
f 288/615/135 289/616/135 290/617/136 285/618/133 282/619/133 283/620/136 

v 752.462 183.775 -732.59
vt -29.6245 -23.8778
vn 1.66192e-012 0.965926 -0.258819
v 746.758 183.775 -732.59
vt -29.3999 -23.8778
vt -29.4181 -23.7473
vt -29.6025 -23.7473
v 751.925 184.925 -729.813
vt -29.6034 -23.7595
vn -2.77975e-013 0.92388 -0.382683
f 291/621/137 292/622/137 289/623/135 288/624/135 293/625/138 

v 752.663 183.342 -735.877
vt -29.6324 -27.7815
vn 3.58676e-012 1 -9.92425e-015
v 746.464 183.342 -735.877
vt -29.3884 -27.7815
v 746.749 183.748 -732.792
vt -29.3996 -27.659
vn 3.57338e-012 0.991445 -0.130526
vt -29.3999 -27.651
vt -29.6245 -27.651
f 294/626/139 295/627/139 296/628/140 292/629/137 291/630/137 

v 752.462 183.775 -739.164
vt 29.6245 29.7964
vn 1.55963e-012 0.965926 0.258819
v 746.758 183.775 -739.164
vt 29.3999 29.7964
v 746.749 183.748 -738.962
vt 29.3996 29.7883
vn 3.53877e-012 0.991445 0.130526
vt 29.3884 29.6658
vt 29.6324 29.6658
f 297/631/141 298/632/141 299/633/142 295/634/139 294/635/139 

vt 29.3999 29.6546
vt 29.6245 29.6546
v 751.925 184.925 -741.94
vt 29.6034 29.7729
vn -4.46194e-013 0.92388 0.382683
v 751.904 185.044 -742.227
vt 29.6025 29.7851
vn -4.85871e-013 0.866025 0.5
v 747.22 185.044 -742.227
vt 29.4181 29.7851
f 298/636/141 297/637/141 300/638/143 301/639/144 302/640/144 

usemtl Color_005
v 751.925 184.925 -717.275
vt -28.2392 -5.91009
vn -0.953742 -0.300628 4.24581e-013
vt -28.7328 -5.91009
vt -28.8421 -5.96005
vn -0.906342 -0.422544 5.98686e-013
vt -28.9715 -5.97885
vt -29.1009 -5.96005
vt -29.2103 -5.91009
vn -0.953742 -0.300628 4.27656e-013
v 751.925 184.925 -754.478
vt -29.7039 -5.91009
v 752.731 183.198 -753.153
vt -29.6517 -5.98512
vn -0.843435 -0.537231 7.62537e-013
v 752.731 183.198 -718.601
vt -28.2914 -5.98512
f 303/641/145 293/642/145 291/643/146 294/644/146 297/645/146 300/646/147 304/647/147 305/648/148 306/649/148 

vt -28.2049 2.10685
vt -28.6313 2.10685
vt -28.7215 2.03656
vn -0.984822 -0.173568 2.43211e-013
vt -28.7328 2.03182
vt -28.2392 2.03182
v 751.879 185.187 -717.075
vt -28.2313 2.04228
f 284/650/132 283/651/132 288/652/149 293/653/145 303/654/145 307/655/149 

vt 29.6015 -11.4019
vn 3.16341e-014 -0.5 0.866025
v 747.272 185.187 -717.075
vt 29.4202 -11.4019
v 746.749 183.748 -718.178
vt 29.3996 -11.4733
vn 8.34961e-014 -0.608761 0.793353
v 745.655 182.187 -719.376
vt 29.3565 -11.5508
v 744.196 180.962 -720.316
vt 29.299 -11.6116
vt 29.276 -11.6251
vt 29.7422 -11.6251
v 753.955 181.738 -719.721
vt 29.6833 -11.5731
vt 29.6351 -11.5006
vt 29.6034 -11.4149
f 307/656/150 308/657/150 309/658/151 310/659/151 311/660/151 200/661/82 199/662/82 312/663/151 306/664/151 303/665/151 

vt 29.6216 -3.84468
vt 29.3984 -3.84468
v 747.236 189.314 -715.365
vt 29.4187 -3.89193
vn -2.07692e-014 -0.382683 0.92388
v 747.567 187.437 -716.142
vt 29.4318 -3.9719
v 747.401 185.539 -716.929
vt 29.4252 -4.0528
vt 29.4202 -4.06781
vt 29.6015 -4.06781
vt 29.5903 -3.99899
vt 29.5969 -3.91809
f 147/666/71 146/667/71 313/668/152 314/669/152 315/670/152 308/671/150 307/672/150 284/673/152 281/674/152 

vt 28.5165 -5.60044
vn 0.843435 0.537231 -7.68735e-013
vt 28.1427 -5.60044
vt 28.1459 -5.6273
vn 0.906342 0.422544 -6.04501e-013
vt 28.164 -5.67547
vn 0.953742 0.300628 -4.26485e-013
vt 28.5499 -5.67547
vt 28.5385 -5.65905
f 278/675/153 145/676/153 146/677/154 313/678/155 287/679/155 277/680/154 

vt 28.4927 -13.0507
vn 0.67565 0.737222 -1.04979e-012
vt 28.1351 -13.0507
vt 28.1427 -13.1257
vt 28.5165 -13.1257
f 279/681/156 144/682/156 145/683/153 278/684/153 

vt 28.4842 -19.609
vn 0.461821 0.886973 -1.26194e-012
vt 28.1295 -19.609
vt 28.1351 -19.6841
vt 28.4927 -19.6841
vt 28.4886 -19.6666
vn 0.573643 0.819105 -1.16181e-012
f 252/685/157 143/686/157 144/687/156 279/688/156 251/689/158 

vt 28.4808 -24.8285
vn 0.216519 0.976278 -1.38797e-012
vt 28.1261 -24.8285
vt 28.1295 -24.9035
vt 28.4842 -24.9035
f 253/690/159 142/691/159 143/692/157 252/693/157 

vt 28.48 -28.3533
vn -0.0435377 0.999052 -1.41727e-012
vt 28.1252 -28.3533
vt 28.1261 -28.4284
vt 28.4808 -28.4284
f 254/694/160 141/695/160 142/696/159 253/697/159 

vt -28.4817 29.9434
vn -0.300628 0.953742 -1.35836e-012
vt -28.1269 29.9434
vt -28.1252 30.0184
vt -28.48 30.0184
f 255/698/161 140/699/161 141/700/160 254/701/160 

vt -28.4859 29.4903
vn -0.537231 0.843435 -1.20618e-012
vt -28.1311 29.4903
vt -28.1269 29.5654
vt -28.4817 29.5654
f 256/702/162 139/703/162 140/704/161 255/705/161 

v 734.892 192.052 -723.901
vt -28.5 27.025
vn -0.737222 0.67565 -9.60355e-013
vt -28.1375 27.025
vt -28.1311 27.1
vt -28.4859 27.1
vt -28.4886 27.0681
vn -0.642725 0.766097 -1.09681e-012
f 316/706/163 138/707/163 139/708/162 256/709/162 257/710/164 

v 733.799 190.491 -724.547
vt -28.5255 22.7154
vn -0.886973 0.461821 -6.5006e-013
vt -28.1455 22.7154
vt -28.1375 22.7904
vt -28.5 22.7904
f 317/711/165 137/712/165 138/713/163 316/714/163 

v 733.147 188.7 -725.639
vt -28.5685 16.8552
vn -0.976278 0.216519 -3.02824e-013
vt -28.174 16.8552
vt -28.1459 16.9274
vn -0.939665 0.342097 -4.81528e-013
vt -28.1455 16.9302
vt -28.5255 16.9302
v 733.508 189.692 -724.878
vt -28.5385 16.8968
f 318/715/166 229/716/166 136/717/167 137/718/165 317/719/165 319/720/167 

vt -28.174 9.91883
vt -28.5685 9.91883
v 733.003 187.062 -726.897
vt -28.618 9.85409
vn -0.996188 0.0872372 -1.18939e-013
vt -28.6313 9.84381
vt -28.2049 9.84381
f 229/721/166 318/722/166 320/723/168 224/724/93 223/725/93 

usemtl Color_006
vt -28.8584 -11.5788
vn -1.36927e-013 0.707107 -0.707107
v 729.253 187.062 -726.897
vt -28.7107 -11.5788
v 729.286 187.437 -726.608
vt -28.712 -11.5601
vn -7.16283e-014 0.608761 -0.793353
vt -28.699 -11.467
vt -28.6921 -11.4482
vn 4.82198e-016 0.5 -0.866025
vt -28.8783 -11.4482
vt -28.8641 -11.4975
f 320/726/169 321/727/169 322/728/170 231/729/170 232/730/171 319/731/171 318/732/170 

vt -28.8697 -18.3514
vn -2.38699e-013 0.866025 -0.5
v 728.939 185.044 -729.527
vt -28.6984 -18.3514
v 729.119 185.539 -728.881
vt -28.7055 -18.3193
vn -1.99883e-013 0.793353 -0.608761
vt -28.7107 -18.2209
vt -28.8584 -18.2209
vt -28.8575 -18.2377
f 225/733/172 323/734/172 324/735/173 321/736/169 320/737/169 224/738/173 

vt -28.8916 -23.8778
vn 2.3908e-012 0.965926 -0.258819
v 728.477 183.775 -732.59
vt -28.6802 -23.8778
vt -28.6984 -23.7473
vt -28.8697 -23.7473
vt -28.8705 -23.7595
vn -2.7343e-013 0.92388 -0.382683
f 218/739/174 325/740/174 323/741/172 225/742/172 217/743/175 

vt -28.8996 -27.7815
vn 5.01846e-012 1 -1.61952e-014
v 728.183 183.342 -735.877
vt -28.6686 -27.7815
v 728.467 183.748 -732.792
vt -28.6798 -27.659
vn 5.01412e-012 0.991445 -0.130526
vt -28.6802 -27.651
vt -28.8916 -27.651
f 219/744/176 326/745/176 327/746/177 325/747/174 218/748/174 

vt 28.8916 29.7964
vn 2.243e-012 0.965926 0.258819
v 728.477 183.775 -739.164
vt 28.6802 29.7964
v 728.467 183.748 -738.962
vt 28.6798 29.7883
vn 4.93694e-012 0.991445 0.130526
vt 28.6686 29.6658
vt 28.8996 29.6658
f 220/749/178 328/750/178 329/751/179 326/752/176 219/753/176 

vt 28.6802 29.6546
vt 28.8916 29.6546
vt 28.8705 29.7729
vn -4.89325e-013 0.92388 0.382683
v 733.291 185.044 -742.227
vt 28.8697 29.7851
vn -4.80579e-013 0.866025 0.5
v 728.939 185.044 -742.227
vt 28.6984 29.7851
f 328/754/178 220/755/178 221/756/180 330/757/181 331/758/181 

usemtl Color_005
vt -29.7039 2.15902
vt -29.2103 2.15902
vt -29.2215 2.16376
vn -0.984822 -0.173568 2.4257e-013
v 732.981 186.802 -744.518
vt -29.3117 2.23404
vn -0.999052 -0.0435377 5.63104e-014
v 732.981 186.802 -755.348
vt -29.7381 2.23404
v 733.265 185.187 -754.679
vt -29.7118 2.16948
f 222/759/91 221/760/91 330/761/182 332/762/183 333/763/183 334/764/182 

usemtl Color_006
vt 28.6984 27.6179
vt 28.8697 27.6179
vt 28.8575 27.7316
vn -4.63611e-013 0.793353 0.608761
v 733.003 187.062 -744.857
vt 28.8584 27.7485
vn -4.78044e-013 0.707107 0.707107
v 729.253 187.062 -744.857
vt 28.7107 27.7485
v 729.119 185.539 -742.872
vt 28.7055 27.65
f 331/765/181 330/766/181 332/767/184 335/768/185 336/769/185 337/770/184 

usemtl Color_005
v 733.147 188.7 -746.114
vt -29.3746 9.91883
vn -0.976278 0.216519 -3.13274e-013
v 733.147 188.7 -756.134
vt -29.7691 9.91883
vt -29.7381 9.84381
vt -29.3117 9.84381
vt -29.3251 9.85409
vn -0.996188 0.0872372 -1.30912e-013
f 338/771/186 339/772/186 333/773/183 332/774/183 335/775/187 

vt -29.7691 16.8552
vt -29.3746 16.8552
v 733.508 189.692 -746.875
vt -29.4045 16.8968
vn -0.939665 0.342097 -4.90276e-013
v 733.799 190.491 -747.206
vt -29.4176 16.9302
vn -0.886973 0.461821 -6.60972e-013
v 733.799 190.491 -756.857
vt -29.7975 16.9302
v 733.774 190.423 -756.848
vt -29.7972 16.9274
f 339/776/186 338/777/186 340/778/188 341/779/189 342/780/189 343/781/188 

usemtl Color_006
vt 28.8783 23.8253
vn -4.57338e-013 0.5 0.866025
v 728.779 189.692 -746.875
vt 28.6921 23.8253
v 728.955 189.314 -746.585
vt 28.699 23.8065
vn -4.84298e-013 0.608761 0.793353
v 729.286 187.437 -745.145
vt 28.712 23.7134
vt 28.7107 23.6947
vt 28.8584 23.6947
vt 28.8641 23.776
f 340/782/190 344/783/190 345/784/191 346/785/191 336/786/185 335/787/185 338/788/191 

v 735.73 192.755 -748.144
vt 28.9658 18.2829
vn -3.38884e-013 0.258819 0.965926
v 726.562 192.755 -748.144
vt 28.6048 18.2829
v 726.925 192.501 -748.039
vt 28.6191 18.272
vn -4.22552e-013 0.382683 0.92388
v 728.15 191.041 -747.434
vt 28.6673 18.2098
vt 28.6921 18.1523
vt 28.8783 18.1523
vt 28.8897 18.1864
v 734.892 192.052 -747.853
vt 28.9328 18.2529
f 347/789/192 348/790/192 349/791/193 350/792/193 344/793/190 340/794/190 341/795/193 351/796/193 

v 707.261 192.755 -748.144
vt 27.8449 11.3684
vn 1.52598e-012 0.258819 0.965926
v 717.449 192.755 -748.144
vt 28.246 11.3684
v 718.071 193.277 -748.213
vt 28.2705 11.3892
vn -2.49418e-013 0.130526 0.991445
v 719.798 194.082 -748.319
vt 28.3385 11.4211
v 721.675 194.413 -748.362
vt 28.4124 11.4343
v 723.573 194.246 -748.34
vt 28.4871 11.4277
v 725.364 193.594 -748.255
vt 28.5576 11.4018
vt 28.6048 11.3684
vt 28.9658 11.3684
v 736.352 193.277 -748.213
vt 28.9902 11.3892
v 738.079 194.082 -748.319
vt 29.0582 11.4211
v 739.956 194.413 -748.362
vt 29.1321 11.4343
v 741.854 194.246 -748.34
vt 29.2069 11.4277
v 743.645 193.594 -748.255
vt 29.2774 11.4018
v 744.844 192.755 -748.144
vt 29.3245 11.3684
vn -3.08743e-013 0.258819 0.965926
v 754.344 192.755 -748.144
vt 29.6986 11.3684
v 754.966 193.277 -748.213
vt 29.7231 11.3892
v 756.693 194.082 -748.319
vt 29.7911 11.4211
v 758.57 194.413 -748.362
vt 29.865 11.4343
v 760.468 194.246 -748.34
vt 29.9397 11.4277
v 762.259 193.594 -748.255
vt 30.0102 11.4018
v 763.457 192.755 -748.144
vt 30.0574 11.3684
vn -3.17928e-013 0.258819 0.965926
v 781.118 192.755 -748.144
vt 30.7527 11.3684
v 781.739 193.277 -748.213
vt 30.7771 11.3892
v 783.466 194.082 -748.319
vt 30.8451 11.4211
v 785.343 194.413 -748.362
vt 30.919 11.4343
v 787.242 194.246 -748.34
vt 30.9938 11.4277
v 789.032 193.594 -748.255
vt 31.0643 11.4018
v 790.231 192.755 -748.144
vt 31.1114 11.3684
vn -3.13463e-013 0.258819 0.965926
v 811.061 192.755 -748.144
vt 31.9316 11.3684
v 811.061 196.042 -748.577
vt 31.9316 11.499
vn -2.15274e-013 4.68008e-013 1
v 707.261 196.042 -748.577
vt 27.8449 11.499
f 352/797/194 353/798/194 354/799/195 355/800/195 356/801/195 357/802/195 358/803/195 348/804/192 347/805/192 359/806/195 360/807/195 361/808/195 362/809/195 363/810/195 364/811/196 365/812/196 366/813/195 367/814/195 368/815/195 369/816/195 370/817/195 371/818/197 372/819/197 373/820/195 374/821/195 375/822/195 376/823/195 377/824/195 378/825/198 379/826/198 380/827/199 381/828/199 

v 707.261 189.692 -746.875
vt 27.8449 18.1523
vn 4.89855e-012 0.5 0.866025
v 715.227 189.692 -746.875
vt 28.1585 18.1523
v 715.518 190.491 -747.206
vt 28.17 18.1864
vn 3.27527e-012 0.382683 0.92388
v 716.611 192.052 -747.853
vt 28.213 18.2529
vt 28.246 18.2829
vt 27.8449 18.2829
f 382/829/200 383/830/200 384/831/201 385/832/201 353/833/194 352/834/194 

v 707.261 187.062 -744.857
vt 27.8449 23.6947
vn 7.58374e-012 0.707107 0.707107
v 714.722 187.062 -744.857
vt 28.1387 23.6947
v 714.866 188.7 -746.114
vt 28.1443 23.776
vn 6.43801e-012 0.608761 0.793353
vt 28.1585 23.8253
vt 27.8449 23.8253
f 386/835/202 387/836/202 388/837/203 383/838/200 382/839/200 

v 707.261 185.044 -742.227
vt 27.8449 27.6179
vn 9.15867e-012 0.866025 0.5
v 715.009 185.044 -742.227
vt 28.15 27.6179
v 714.699 186.802 -744.518
vt 28.1378 27.7316
vn 8.59972e-012 0.793353 0.608761
vt 28.1387 27.7485
vt 27.8449 27.7485
f 389/840/204 390/841/204 391/842/205 387/843/202 386/844/202 

v 707.261 183.775 -739.164
vt 27.8449 29.6546
vn 9.75776e-012 0.965926 0.258819
v 715.566 183.775 -739.164
vt 28.1719 29.6546
v 715.03 184.925 -741.94
vt 28.1508 29.7729
vn 9.56091e-012 0.92388 0.382683
vt 28.15 29.7851
vt 27.8449 29.7851
f 392/845/206 393/846/206 394/847/207 390/848/204 389/849/204 

v 707.261 183.342 -735.877
vt 27.8449 29.6658
vn 9.90571e-012 1 -2.36558e-015
v 715.768 183.342 -735.877
vt 28.1798 29.6658
vt 28.1719 29.7964
vt 27.8449 29.7964
f 395/850/208 396/851/208 393/852/206 392/853/206 

v 707.261 183.775 -732.59
vt -27.8449 -27.651
vn 9.87889e-012 0.965926 -0.258819
v 715.566 183.775 -732.59
vt -28.1719 -27.651
vt -28.1798 -27.7815
vt -27.8449 -27.7815
f 397/854/209 398/855/209 396/856/208 395/857/208 

v 707.261 185.044 -729.527
vt -27.8449 -23.7473
vn 9.3899e-012 0.866025 -0.5
v 715.009 185.044 -729.527
vt -28.15 -23.7473
v 715.03 184.925 -729.813
vt -28.1508 -23.7595
vn 9.73446e-012 0.92388 -0.382683
vt -28.1719 -23.8778
vt -27.8449 -23.8778
f 399/858/210 400/859/210 401/860/211 398/861/209 397/862/209 

vt -27.8449 -18.2209
vt -28.1387 -18.2209
vt -28.1378 -18.2377
vn 8.88467e-012 0.793353 -0.608761
vt -28.15 -18.3514
vt -27.8449 -18.3514
f 248/863/114 245/864/114 246/865/212 400/866/210 399/867/210 

usemtl Color_005
vt -28.2049 2.35896
vt -28.6313 2.35896
vt -28.7215 2.28868
vn -0.984822 -0.173568 2.44201e-013
vt -28.7328 2.28394
vn -0.953742 -0.300628 4.26618e-013
vt -28.2392 2.28394
vt -28.2313 2.2944
f 172/868/111 246/869/111 400/870/213 401/871/214 178/872/214 171/873/213 

vt -28.2392 -5.29632
vt -28.7328 -5.29632
vt -28.8421 -5.34628
vn -0.906342 -0.422544 6.01734e-013
vt -28.9715 -5.36508
vt -29.1009 -5.34628
vt -29.2103 -5.29632
vn -0.953742 -0.300628 4.31296e-013
v 715.03 184.925 -754.478
vt -29.7039 -5.29632
v 715.835 183.198 -753.153
vt -29.6517 -5.37135
vn -0.843435 -0.537231 7.65073e-013
vt -28.2914 -5.37135
f 178/874/214 401/875/214 398/876/215 396/877/215 393/878/215 394/879/216 402/880/216 403/881/217 177/882/217 

vt -29.7039 2.28394
vt -29.2103 2.28394
vt -29.2215 2.28868
vn -0.984822 -0.173568 2.53479e-013
vt -29.3117 2.35896
vn -0.999052 -0.0435377 6.62546e-014
v 714.699 186.802 -755.348
vt -29.7381 2.35896
v 714.984 185.187 -754.679
vt -29.7118 2.2944
f 402/883/216 394/884/216 390/885/218 391/886/219 404/887/219 405/888/218 

vt -29.3746 9.85605
vn -0.976278 0.216519 -3.02463e-013
v 714.866 188.7 -756.134
vt -29.7691 9.85605
vt -29.7381 9.78102
vt -29.3117 9.78102
vt -29.3251 9.7913
vn -0.996188 0.0872372 -1.22103e-013
f 388/889/220 406/890/220 404/891/219 391/892/219 387/893/221 

vt -29.7691 16.609
vt -29.3746 16.609
vt -29.4045 16.6505
vn -0.939665 0.342097 -4.77647e-013
vt -29.4176 16.684
vn -0.886973 0.461821 -6.43483e-013
v 715.518 190.491 -756.857
vt -29.7975 16.684
v 715.493 190.423 -756.848
vt -29.7972 16.6812
f 406/894/220 388/895/220 383/896/222 384/897/223 407/898/223 408/899/222 

vt -29.443 22.3775
vn -0.737222 0.67565 -9.51141e-013
v 716.611 192.052 -757.062
vt -29.8056 22.3775
vt -29.7975 22.3025
vt -29.4176 22.3025
f 385/900/224 409/901/224 407/902/223 384/903/223 

vt -29.8056 26.4736
vt -29.443 26.4736
vt -29.4545 26.5167
vn -0.642725 0.766097 -1.0877e-012
vt -29.4572 26.5486
vn -0.537231 0.843435 -1.19984e-012
v 718.071 193.277 -757.224
vt -29.812 26.5486
f 409/904/224 385/905/224 353/906/225 354/907/226 410/908/226 

vt -29.4614 28.913
vn -0.300628 0.953742 -1.35805e-012
v 719.798 194.082 -757.33
vt -29.8161 28.913
vt -29.812 28.838
vt -29.4572 28.838
f 355/909/227 411/910/227 410/911/226 354/912/226 

vt -29.4631 29.3096
vn -0.0435377 0.999052 -1.42386e-012
v 721.675 194.413 -757.373
vt -29.8178 29.3096
vt -29.8161 29.2346
vt -29.4614 29.2346
f 356/913/228 412/914/228 411/915/227 355/916/227 

vt 29.4622 -27.7114
vn 0.216519 0.976278 -1.39426e-012
v 723.573 194.246 -757.351
vt 29.817 -27.7114
vt 29.8178 -27.6364
vt 29.4631 -27.6364
f 357/917/229 413/918/229 412/919/228 356/920/228 

vt 29.4588 -24.2272
vn 0.461821 0.886973 -1.26571e-012
v 725.364 193.594 -757.265
vt 29.8136 -24.2272
vt 29.817 -24.1522
vt 29.4622 -24.1522
f 358/921/230 414/922/230 413/923/229 357/924/229 

vt 29.8136 -19.0195
vt 29.4588 -19.0195
vt 29.4545 -19.0771
vn 0.573643 0.819105 -1.16703e-012
vt 29.4504 -19.0945
vn 0.67565 0.737222 -1.0513e-012
v 726.925 192.501 -757.121
vt 29.8079 -19.0945
f 414/925/230 358/926/230 348/927/231 349/928/232 415/929/232 

vt 29.4265 -12.6631
vn 0.843435 0.537231 -7.66316e-013
v 728.15 191.041 -756.929
vt 29.8004 -12.6631
vt 29.8079 -12.5881
vt 29.4504 -12.5881
f 350/930/233 416/931/233 415/932/232 349/933/232 

vt 29.8004 -5.29632
vt 29.4265 -5.29632
vt 29.4045 -5.35493
vn 0.906342 0.422544 -6.01937e-013
vt 29.3931 -5.37135
vn 0.953742 0.300628 -4.25595e-013
v 728.955 189.314 -756.389
vt 29.7791 -5.37135
v 728.438 190.423 -756.848
vt 29.7972 -5.32318
f 416/934/233 350/935/233 344/936/234 345/937/235 417/938/235 418/939/234 

vt 29.3364 2.28394
vn 0.999052 0.0435377 -5.85603e-014
v 729.286 187.437 -755.611
vt 29.7485 2.28394
vt 29.7791 2.35896
vt 29.3931 2.35896
f 346/940/236 419/941/236 417/942/235 345/943/235 

vt 29.2469 9.78102
vn 0.976278 -0.216519 3.11577e-013
v 729.119 185.539 -754.825
vt 29.7175 9.78102
vt 29.7485 9.85605
vt 29.3364 9.85605
vt 29.3251 9.84121
vn 0.996188 -0.0872372 1.25852e-013
f 337/944/237 420/945/237 419/946/236 346/947/236 336/948/238 

vt 29.093 16.609
vn 0.886973 -0.461821 6.59389e-013
v 728.467 183.748 -753.575
vt 29.6683 16.609
v 728.991 185.187 -754.679
vt 29.7118 16.6693
vn 0.939665 -0.342097 4.9197e-013
vt 29.7175 16.684
vt 29.2469 16.684
vt 29.2215 16.6633
vt 29.1009 16.6101
f 329/949/239 421/950/239 422/951/240 420/952/237 337/953/237 331/954/240 328/955/240 

vt 28.3219 22.3025
vn 0.737222 -0.67565 9.59909e-013
v 727.374 182.187 -752.377
vt 29.6212 22.3025
vt 29.6683 22.3775
vt 29.093 22.3775
vt 28.9715 22.358
vn 0.819105 -0.573643 8.15526e-013
vt 28.8501 22.3775
vn 0.886973 -0.461821 6.53635e-013
vt 28.2747 22.3775
f 211/956/241 423/957/241 421/958/239 329/959/239 326/960/242 327/961/243 210/962/243 

vt 28.3589 26.4736
vn 0.537231 -0.843435 1.19938e-012
v 725.914 180.962 -751.438
vt 29.5842 26.4736
vt 29.6212 26.5486
vt 28.3219 26.5486
f 212/963/244 424/964/244 423/965/241 211/966/241 

vt 29.5842 28.913
vt 28.3589 28.913
vt 28.3671 28.8877
vn 0.422544 -0.906342 1.29037e-012
vt 28.3945 28.838
vn 0.300628 -0.953742 1.35725e-012
v 724.187 180.157 -750.534
vt 29.5486 28.838
v 725.33 180.69 -751.229
vt 29.5759 28.8877
f 424/967/244 212/968/244 180/969/245 181/970/246 425/971/246 426/972/245 

vt 28.4114 29.2346
vn 0.0435377 -0.999052 1.42192e-012
v 722.31 179.826 -750.103
vt 29.5316 29.2346
vt 29.5486 29.3096
vt 28.3945 29.3096
f 182/973/247 427/974/247 425/975/246 181/976/246 

vt -28.4029 -27.6364
vn -0.216519 -0.976278 1.39069e-012
v 720.412 179.993 -750.32
vt -29.5401 -27.6364
vt -29.5316 -27.7114
vt -28.4114 -27.7114
f 183/977/248 428/978/248 427/979/247 182/980/247 

vt -28.3695 -24.1522
vn -0.461821 -0.886973 1.26457e-012
v 718.621 180.645 -751.169
vt -29.5736 -24.1522
vt -29.5401 -24.2272
vt -28.4029 -24.2272
f 184/981/249 429/982/249 428/983/248 183/984/248 

vt -28.3355 -19.0195
vn -0.67565 -0.737222 1.05091e-012
v 717.06 181.738 -752.033
vt -29.6076 -19.0195
v 718.556 180.69 -751.229
vt -29.5759 -19.0914
vn -0.573643 -0.819105 1.16852e-012
vt -29.5736 -19.0945
vt -28.3695 -19.0945
vt -28.3671 -19.0914
f 176/985/250 430/986/250 431/987/251 429/988/249 184/989/249 175/990/251 

vt -28.2914 -12.5881
vt -29.6517 -12.5881
vt -29.6076 -12.6631
vt -28.3355 -12.6631
f 177/991/217 403/992/217 430/993/250 176/994/250 

v 699.261 185.187 -754.679
vt -27.53 23.8716
vn -2.58688e-012 -0.5 -0.866025
vt -28.149 23.8716
vt -28.1508 23.8586
vn -3.26527e-012 -0.608761 -0.793353
vt -28.1825 23.7729
vt -28.2307 23.7004
vt -28.2896 23.6484
vn -1.56289e-012 -0.707107 -0.707107
v 699.261 180.69 -751.229
vt -27.53 23.6484
f 432/995/252 405/996/252 402/997/253 403/998/253 430/999/253 431/1000/254 433/1001/254 

v 699.261 190.423 -756.848
vt -27.53 18.3292
vn -8.14044e-013 -0.258819 -0.965926
vt -28.169 18.3292
vt -28.1443 18.2558
vn -1.86422e-012 -0.382683 -0.92388
vt -28.1378 18.1749
vt -28.149 18.106
vt -27.53 18.106
f 434/1002/255 408/1003/255 406/1004/256 404/1005/256 405/1006/252 432/1007/252 

v 779.161 190.423 -756.848
vt -30.6756 11.3221
vn 3.09106e-013 -0.258819 -0.965926
v 765.333 190.423 -756.848
vt -30.1312 11.3221
v 765.045 191.041 -756.929
vt -30.1199 11.3467
vn 2.50065e-013 -0.130526 -0.991445
v 763.82 192.501 -757.121
vt -30.0716 11.4047
v 762.259 193.594 -757.265
vt -30.0102 11.4481
v 760.468 194.246 -757.351
vt -29.9397 11.474
v 758.57 194.413 -757.373
vt -29.865 11.4806
v 756.693 194.082 -757.33
vt -29.7911 11.4674
v 754.966 193.277 -757.224
vt -29.7231 11.4355
v 753.506 192.052 -757.062
vt -29.6656 11.3868
v 752.413 190.491 -756.857
vt -29.6225 11.3248
v 752.388 190.423 -756.848
vt -29.6216 11.3221
vn 3.1128e-013 -0.258819 -0.965926
v 746.719 190.423 -756.848
vt -29.3984 11.3221
v 746.431 191.041 -756.929
vt -29.387 11.3467
v 745.206 192.501 -757.121
vt -29.3388 11.4047
v 743.645 193.594 -757.265
vt -29.2774 11.4481
v 741.854 194.246 -757.351
vt -29.2069 11.474
v 739.956 194.413 -757.373
vt -29.1321 11.4806
v 738.079 194.082 -757.33
vt -29.0582 11.4674
v 736.352 193.277 -757.224
vt -28.9902 11.4355
v 734.892 192.052 -757.062
vt -28.9328 11.3868
vt -28.8897 11.3248
vt -28.8887 11.3221
vn 3.12241e-013 -0.258819 -0.965926
vt -28.6787 11.3221
vt -28.6673 11.3467
vt -28.6191 11.4047
vt -28.5576 11.4481
vt -28.4871 11.474
vt -28.4124 11.4806
vt -28.3385 11.4674
vt -28.2705 11.4355
vt -28.213 11.3868
vt -28.17 11.3248
vt -28.169 11.3221
vt -27.53 11.3221
v 699.261 196.042 -757.588
vt -27.53 11.5453
vn 2.13676e-013 -1.79238e-013 -1
v 811.061 196.042 -757.588
vt -31.9316 11.5453
v 811.061 190.423 -756.848
vt -31.9316 11.3221
vn 3.13255e-013 -0.258819 -0.965926
v 792.106 190.423 -756.848
vt -31.1853 11.3221
v 791.818 191.041 -756.929
vt -31.1739 11.3467
v 790.593 192.501 -757.121
vt -31.1257 11.4047
v 789.032 193.594 -757.265
vt -31.0643 11.4481
v 787.242 194.246 -757.351
vt -30.9938 11.474
v 785.343 194.413 -757.373
vt -30.919 11.4806
v 783.466 194.082 -757.33
vt -30.8451 11.4674
v 781.739 193.277 -757.224
vt -30.7771 11.4355
v 780.279 192.052 -757.062
vt -30.7197 11.3868
v 779.186 190.491 -756.857
vt -30.6766 11.3248
f 435/1008/257 436/1009/257 437/1010/258 438/1011/258 439/1012/258 440/1013/258 441/1014/258 442/1015/258 443/1016/258 444/1017/258 445/1018/258 446/1019/259 447/1020/259 448/1021/258 449/1022/258 450/1023/258 451/1024/258 452/1025/258 453/1026/258 454/1027/258 455/1028/258 342/1029/258 343/1030/260 418/1031/260 416/1032/258 415/1033/258 414/1034/258 413/1035/258 412/1036/258 411/1037/258 410/1038/258 409/1039/258 407/1040/258 408/1041/255 434/1042/255 456/1043/261 457/1044/261 458/1045/262 459/1046/262 460/1047/258 461/1048/258 462/1049/258 463/1050/258 464/1051/258 465/1052/258 466/1053/258 467/1054/258 468/1055/258 

vt -30.1312 18.3292
vt -30.6756 18.3292
v 778.534 188.7 -756.134
vt -30.651 18.2558
vn 3.62858e-013 -0.382683 -0.92388
v 778.368 186.802 -755.348
vt -30.6444 18.1749
v 778.653 185.187 -754.679
vt -30.6556 18.106
vn 5.47463e-013 -0.5 -0.866025
v 765.886 185.187 -754.679
vt -30.153 18.106
v 766.014 185.539 -754.825
vt -30.1581 18.121
v 766.181 187.437 -755.611
vt -30.1646 18.2019
v 765.85 189.314 -756.389
vt -30.1516 18.2819
f 436/1056/257 435/1057/257 469/1058/263 470/1059/263 471/1060/264 472/1061/264 473/1062/263 474/1063/263 475/1064/263 

vt -29.7691 17.4665
vn -0.976278 0.216519 -3.1343e-013
v 778.534 188.7 -746.114
vt -29.3746 17.4665
v 778.895 189.692 -746.875
vt -29.4045 17.5081
vn -0.939665 0.342097 -4.90493e-013
v 779.186 190.491 -747.206
vt -29.4176 17.5415
vn -0.886973 0.461821 -6.54525e-013
vt -29.7975 17.5415
vt -29.7972 17.5387
f 469/1065/265 476/1066/265 477/1067/266 478/1068/267 468/1069/267 435/1070/266 

vt -29.3746 10.0747
vt -29.7691 10.0747
vt -29.7381 9.99969
vn -0.999052 -0.0435377 5.23162e-014
v 778.368 186.802 -744.518
vt -29.3117 9.99969
v 778.391 187.062 -744.857
vt -29.3251 10.01
vn -0.996188 0.0872372 -1.31004e-013
f 476/1071/265 469/1072/265 470/1073/268 479/1074/268 480/1075/269 

v 778.699 184.925 -754.478
vt -29.7039 1.84887
vn -0.953742 -0.300628 4.21918e-013
v 778.699 184.925 -741.94
vt -29.2103 1.84887
v 778.678 185.044 -742.227
vt -29.2215 1.85361
vn -0.984822 -0.173568 2.34741e-013
vt -29.3117 1.92389
vt -29.7381 1.92389
vt -29.7118 1.85933
f 481/1076/270 482/1077/270 483/1078/271 479/1079/268 470/1080/268 471/1081/271 

v 778.699 184.925 -717.275
vt -28.2392 -6.35548
vn -0.953742 -0.300628 4.30349e-013
v 778.699 184.925 -729.813
vt -28.7328 -6.35548
v 779.235 183.775 -732.59
vt -28.8421 -6.40544
vn -0.906342 -0.422544 6.01876e-013
v 779.437 183.342 -735.877
vt -28.9715 -6.42424
v 779.235 183.775 -739.164
vt -29.1009 -6.40544
vt -29.2103 -6.35548
vt -29.7039 -6.35548
v 779.504 183.198 -753.153
vt -29.6517 -6.43051
vn -0.843435 -0.537231 7.67253e-013
v 779.504 183.198 -718.601
vt -28.2914 -6.43051
f 484/1082/272 485/1083/272 486/1084/273 487/1085/273 488/1086/273 482/1087/270 481/1088/270 489/1089/274 490/1090/274 

v 778.368 186.802 -716.406
vt -28.2049 1.92389
vn -0.999052 -0.0435377 6.02468e-014
v 778.368 186.802 -727.236
vt -28.6313 1.92389
v 778.678 185.044 -729.527
vt -28.7215 1.85361
vn -0.984822 -0.173568 2.51458e-013
vt -28.7328 1.84887
vt -28.2392 1.84887
v 778.653 185.187 -717.075
vt -28.2313 1.85933
f 491/1091/275 492/1092/275 493/1093/276 485/1094/272 484/1095/272 494/1096/276 

v 778.534 188.7 -715.619
vt -28.174 10.0747
vn -0.976278 0.216519 -4.57056e-013
v 778.534 188.7 -725.639
vt -28.5685 10.0747
v 778.391 187.062 -726.897
vt -28.618 10.01
vn -0.996188 0.0872372 -1.31995e-013
vt -28.6313 9.99969
vt -28.2049 9.99969
f 495/1097/277 496/1098/277 497/1099/278 492/1100/275 491/1101/275 

vt -28.5685 17.4665
vt -28.174 17.4665
vt -28.1459 17.5387
vn -0.939665 0.342097 -7.74296e-013
vt -28.1455 17.5415
vn -0.886973 0.461821 -8.01437e-013
v 779.186 190.491 -724.547
vt -28.5255 17.5415
v 778.895 189.692 -724.878
vt -28.5385 17.5081
f 496/1102/277 495/1103/277 158/1104/279 159/1105/280 498/1106/280 499/1107/279 

v 765.886 185.187 -717.075
vt 30.153 -4.06781
vn 1.14213e-013 -0.5 0.866025
vt 30.6556 -4.06781
vt 30.6444 -3.99899
vn 1.45877e-013 -0.382683 0.92388
vt 30.651 -3.91809
vt 30.6756 -3.84468
vt 30.1312 -3.84468
v 765.85 189.314 -715.365
vt 30.1516 -3.89193
v 766.181 187.437 -716.142
vt 30.1646 -3.9719
v 766.014 185.539 -716.929
vt 30.1581 -4.0528
f 500/1108/281 494/1109/281 491/1110/282 495/1111/282 158/1112/72 157/1113/72 501/1114/282 502/1115/282 503/1116/282 

vt 30.6556 -11.4019
vt 30.153 -11.4019
v 765.363 183.748 -718.178
vt 30.1324 -11.4733
vn 8.05938e-014 -0.608761 0.793353
v 764.269 182.187 -719.376
vt 30.0893 -11.5508
v 762.809 180.962 -720.316
vt 30.0319 -11.6116
vt 30.0089 -11.6251
vt 30.7962 -11.6251
v 780.729 181.738 -719.721
vt 30.7374 -11.5731
vt 30.6891 -11.5006
vt 30.6574 -11.4149
f 494/1117/281 500/1118/281 504/1119/283 505/1120/283 506/1121/283 194/1122/81 193/1123/81 507/1124/283 490/1125/283 484/1126/283 

v 766.014 185.539 -728.881
vt 28.6961 17.1809
vn 0.976278 -0.216519 3.1636e-013
vt 28.2255 17.1809
vt 28.2313 17.1662
vn 0.939665 -0.342097 4.94755e-013
vt 28.2747 17.1059
vn 0.886973 -0.461821 6.62606e-013
v 765.363 183.748 -732.792
vt 28.8501 17.1059
v 765.372 183.775 -732.59
vt 28.8421 17.107
v 765.834 185.044 -729.527
vt 28.7215 17.1602
f 508/1127/284 503/1128/284 500/1129/285 504/1130/286 509/1131/286 510/1132/285 511/1133/285 

vt 28.2255 9.90774
vt 28.6961 9.90774
v 766.148 187.062 -726.897
vt 28.618 9.96792
vn 0.996188 -0.0872372 1.32552e-013
v 766.181 187.437 -726.608
vt 28.6066 9.98276
vn 0.999052 0.0435377 -5.72425e-014
vt 28.1946 9.98276
f 503/1134/284 508/1135/284 512/1136/287 513/1137/288 502/1138/288 

usemtl Color_006
vt -30.6566 -18.3514
vn -2.40094e-013 0.866025 -0.5
vt -30.151 -18.3514
vt -30.1581 -18.3193
vn -1.76394e-013 0.793353 -0.608761
vt -30.1633 -18.2209
vn -1.18481e-013 0.707107 -0.707107
vt -30.6453 -18.2209
vt -30.6444 -18.2377
f 493/1139/289 511/1140/289 508/1141/290 512/1142/291 497/1143/291 492/1144/290 

vt -30.151 -23.7473
vt -30.6566 -23.7473
vt -30.6574 -23.7595
vn -2.99685e-013 0.92388 -0.382683
vt -30.6785 -23.8778
vn 2.35882e-013 0.965926 -0.258819
vt -30.1328 -23.8778
f 511/1145/289 493/1146/289 485/1147/292 486/1148/293 510/1149/293 

vt -30.6865 -27.7815
vn 7.4302e-013 1 -1.76929e-014
v 765.078 183.342 -735.877
vt -30.1212 -27.7815
vt -30.1324 -27.659
vn 7.67413e-013 0.991445 -0.130526
vt -30.1328 -27.651
vt -30.6785 -27.651
f 487/1150/294 514/1151/294 509/1152/295 510/1153/293 486/1154/293 

vt 30.6785 29.7964
vn 1.15589e-013 0.965926 0.258819
v 765.372 183.775 -739.164
vt 30.1328 29.7964
v 765.363 183.748 -738.962
vt 30.1324 29.7883
vn 7.05913e-013 0.991445 0.130526
vt 30.1212 29.6658
vt 30.6865 29.6658
f 488/1155/296 515/1156/296 516/1157/297 514/1158/294 487/1159/294 

vt 30.1328 29.6546
vt 30.6785 29.6546
vt 30.6574 29.7729
vn -4.76714e-013 0.92388 0.382683
vt 30.6566 29.7851
vn -4.80728e-013 0.866025 0.5
v 765.834 185.044 -742.227
vt 30.151 29.7851
f 515/1160/296 488/1161/296 482/1162/298 483/1163/299 517/1164/299 

vt 30.6453 27.7485
vn -4.5438e-013 0.707107 0.707107
v 766.148 187.062 -744.857
vt 30.1633 27.7485
v 766.014 185.539 -742.872
vt 30.1581 27.65
vn -4.76516e-013 0.793353 0.608761
vt 30.151 27.6179
vt 30.6566 27.6179
vt 30.6444 27.7316
f 480/1165/300 518/1166/300 519/1167/301 517/1168/299 483/1169/299 479/1170/301 

vt 30.1633 23.6947
vt 30.6453 23.6947
vt 30.651 23.776
vn -4.2447e-013 0.608761 0.793353
vt 30.6652 23.8253
vn -4.06209e-013 0.5 0.866025
v 765.674 189.692 -746.875
vt 30.1446 23.8253
v 765.85 189.314 -746.585
vt 30.1516 23.8065
v 766.181 187.437 -745.145
vt 30.1646 23.7134
f 518/1171/300 480/1172/300 476/1173/302 477/1174/303 520/1175/303 521/1176/302 522/1177/302 

vt 30.1446 18.1523
vt 30.6652 18.1523
vt 30.6766 18.1864
vn -3.80998e-013 0.382683 0.92388
v 780.279 192.052 -747.853
vt 30.7197 18.2529
vt 30.7527 18.2829
vt 30.0574 18.2829
v 763.82 192.501 -748.039
vt 30.0716 18.272
v 765.045 191.041 -747.434
vt 30.1199 18.2098
f 520/1178/303 477/1179/303 478/1180/304 523/1181/304 372/1182/197 371/1183/197 524/1184/304 525/1185/304 

usemtl Color_005
vt -29.443 23.8155
vn -0.737222 0.67565 -9.55079e-013
vt -29.8056 23.8155
vt -29.7975 23.7404
vt -29.4176 23.7404
f 523/1186/305 467/1187/305 468/1188/267 478/1189/267 

vt -29.8056 28.3939
vt -29.443 28.3939
vt -29.4545 28.437
vn -0.642725 0.766097 -1.08646e-012
vt -29.4572 28.469
vn -0.537231 0.843435 -1.20181e-012
vt -29.812 28.469
f 467/1190/305 523/1191/305 372/1192/306 373/1193/307 466/1194/307 

vt -29.4614 31.1849
vn -0.300628 0.953742 -1.36565e-012
vt -29.8161 31.1849
vt -29.812 31.1099
vt -29.4572 31.1099
f 374/1195/308 465/1196/308 466/1197/307 373/1198/307 

vt -29.4631 31.7782
vn -0.0435377 0.999052 -1.42679e-012
vt -29.8178 31.7782
vt -29.8161 31.7032
vt -29.4614 31.7032
f 375/1199/309 464/1200/309 465/1201/308 374/1202/308 

vt 29.4622 -30.2085
vn 0.216519 0.976278 -1.39539e-012
vt 29.817 -30.2085
vt 29.8178 -30.1334
vt 29.4631 -30.1334
f 376/1203/310 463/1204/310 464/1205/309 375/1206/309 

vt 29.4588 -26.5826
vn 0.461821 0.886973 -1.27573e-012
vt 29.8136 -26.5826
vt 29.817 -26.5076
vt 29.4622 -26.5076
f 377/1207/311 462/1208/311 463/1209/310 376/1210/310 

vt 29.8136 -21.0727
vt 29.4588 -21.0727
vt 29.4545 -21.1303
vn 0.573643 0.819105 -1.18053e-012
v 790.593 192.501 -748.039
vt 29.4504 -21.1477
vn 0.67565 0.737222 -1.06526e-012
vt 29.8079 -21.1477
f 462/1211/311 377/1212/311 378/1213/312 526/1214/313 461/1215/313 

usemtl Color_006
vt 31.9316 18.2829
vt 31.1114 18.2829
vt 31.1257 18.272
vn -3.72143e-013 0.382683 0.92388
v 791.818 191.041 -747.434
vt 31.1739 18.2098
v 792.447 189.692 -746.875
vt 31.1987 18.1523
vn -4.0674e-013 0.5 0.866025
v 811.061 189.692 -746.875
vt 31.9316 18.1523
f 379/1216/198 378/1217/198 526/1218/314 527/1219/314 528/1220/315 529/1221/315 

usemtl Color_005
vt 29.4265 -14.2742
vn 0.843435 0.537231 -7.83315e-013
vt 29.8004 -14.2742
vt 29.8079 -14.1992
vt 29.4504 -14.1992
f 527/1222/316 460/1223/316 461/1224/313 526/1225/313 

vt 29.8004 -6.35548
vt 29.4265 -6.35548
vt 29.4045 -6.41409
vn 0.906342 0.422544 -6.21467e-013
v 792.623 189.314 -746.585
vt 29.3931 -6.43051
vn 0.953742 0.300628 -4.38007e-013
v 792.623 189.314 -756.389
vt 29.7791 -6.43051
vt 29.7972 -6.38235
f 460/1226/316 527/1227/316 528/1228/317 530/1229/318 531/1230/318 459/1231/317 

usemtl Color_006
vt 31.9316 23.8253
vt 31.1987 23.8253
vt 31.2056 23.8065
vn -4.34377e-013 0.608761 0.793353
v 792.954 187.437 -745.145
vt 31.2187 23.7134
v 792.921 187.062 -744.857
vt 31.2174 23.6947
vn -4.57018e-013 0.707107 0.707107
v 811.061 187.062 -744.857
vt 31.9316 23.6947
f 529/1232/315 528/1233/315 530/1234/319 532/1235/319 533/1236/320 534/1237/320 

usemtl Color_005
vt 29.3364 1.84887
vn 0.999052 0.0435377 -5.83507e-014
v 792.954 187.437 -755.611
vt 29.7485 1.84887
vt 29.7791 1.92389
vt 29.3931 1.92389
f 532/1238/321 535/1239/321 531/1240/318 530/1241/318 

v 792.788 185.539 -742.872
vt 29.2469 9.99969
vn 0.976278 -0.216519 3.15863e-013
v 792.788 185.539 -754.825
vt 29.7175 9.99969
vt 29.7485 10.0747
vt 29.3364 10.0747
vt 29.3251 10.0599
vn 0.996188 -0.0872372 1.31349e-013
f 536/1242/322 537/1243/322 535/1244/321 532/1245/321 533/1246/323 

v 792.136 183.748 -738.962
vt 29.093 17.4665
vn 0.886973 -0.461821 6.62278e-013
v 792.136 183.748 -753.575
vt 29.6683 17.4665
v 792.66 185.187 -754.679
vt 29.7118 17.5268
vn 0.939665 -0.342097 4.94973e-013
vt 29.7175 17.5415
vt 29.2469 17.5415
v 792.607 185.044 -742.227
vt 29.2215 17.5208
v 792.146 183.775 -739.164
vt 29.1009 17.4676
f 538/1247/324 539/1248/324 540/1249/325 537/1250/322 536/1251/322 541/1252/325 542/1253/325 

v 791.043 182.187 -719.376
vt 28.3219 23.7404
vn 0.737222 -0.67565 9.61808e-013
v 791.043 182.187 -752.377
vt 29.6212 23.7404
vt 29.6683 23.8155
vt 29.093 23.8155
v 791.851 183.342 -735.877
vt 28.9715 23.7959
vn 0.819105 -0.573643 8.18252e-013
vt 28.8501 23.8155
vt 28.2747 23.8155
f 543/1254/326 544/1255/326 539/1256/324 538/1257/324 545/1258/327 118/1259/64 117/1260/64 

v 789.583 180.962 -720.316
vt 28.3589 28.3939
vn 0.537231 -0.843435 1.19958e-012
v 789.583 180.962 -751.438
vt 29.5842 28.3939
vt 29.6212 28.469
vt 28.3219 28.469
f 546/1261/328 547/1262/328 544/1263/326 543/1264/326 

vt 29.5842 31.1849
vt 28.3589 31.1849
vt 28.3671 31.1596
vn 0.422544 -0.906342 1.28972e-012
vt 28.3945 31.1099
vn 0.300628 -0.953742 1.35774e-012
v 787.856 180.157 -750.534
vt 29.5486 31.1099
v 788.999 180.69 -751.229
vt 29.5759 31.1596
f 547/1265/328 546/1266/328 188/1267/329 189/1268/330 548/1269/330 549/1270/329 

vt 31.9316 -11.4019
vt 31.2071 -11.4019
vt 31.1865 -11.4733
vn 7.69698e-014 -0.608761 0.793353
vt 31.1434 -11.5508
vt 31.0859 -11.6116
vt 31.0629 -11.6251
vt 31.9316 -11.6251
f 123/1271/67 116/1272/67 117/1273/331 543/1274/331 546/1275/331 188/1276/80 187/1277/80 

v 811.061 206.897 -717.075
vt 28.2313 8.14557
vn 1 -4.18123e-013 2.277e-013
vt 28.2313 7.29081
vt 28.3671 7.11379
f 550/1278/332 123/1279/332 187/1280/332

v 811.061 201.661 -714.906
vt 28.1459 7.93942
f 551/1281/332 123/1279/332 550/1278/332

vt 28.1459 7.49696
f 551/1281/332 121/1282/332 123/1279/332

vt 28.1168 7.71819
f 121/1282/332 551/1281/332 168/1283/332

v 733.774 201.661 -714.906
vt 28.8887 11.5453
vn -3.2602e-013 0.258819 0.965926
v 728.438 201.661 -714.906
vt 28.6787 11.5453
v 728.15 201.043 -714.824
vt 28.6673 11.5207
vn -2.82094e-013 0.130526 0.991445
v 726.925 199.583 -714.632
vt 28.6191 11.4627
v 725.364 198.49 -714.488
vt 28.5576 11.4193
v 723.573 197.838 -714.402
vt 28.4871 11.3934
v 721.675 197.672 -714.38
vt 28.4124 11.3868
v 719.798 198.002 -714.424
vt 28.3385 11.4
v 718.071 198.808 -714.53
vt 28.2705 11.432
v 716.611 200.032 -714.691
vt 28.213 11.4806
v 715.518 201.593 -714.897
vt 28.17 11.5426
v 715.493 201.661 -714.906
vt 28.169 11.5453
vn 7.90301e-013 0.258819 0.965926
v 699.261 201.661 -714.906
vt 27.53 11.5453
vt 27.53 11.3221
vt 31.9316 11.3221
vt 31.9316 11.5453
vn -3.2268e-013 0.258819 0.965926
v 792.106 201.661 -714.906
vt 31.1853 11.5453
v 791.818 201.043 -714.824
vt 31.1739 11.5207
v 790.593 199.583 -714.632
vt 31.1257 11.4627
v 789.032 198.49 -714.488
vt 31.0643 11.4193
v 787.242 197.838 -714.402
vt 30.9938 11.3934
v 785.343 197.672 -714.38
vt 30.919 11.3868
v 783.466 198.002 -714.424
vt 30.8451 11.4
v 781.739 198.808 -714.53
vt 30.7771 11.432
v 780.279 200.032 -714.691
vt 30.7197 11.4806
v 779.186 201.593 -714.897
vt 30.6766 11.5426
v 779.161 201.661 -714.906
vt 30.6756 11.5453
vn -3.26143e-013 0.258819 0.965926
v 765.333 201.661 -714.906
vt 30.1312 11.5453
v 765.045 201.043 -714.824
vt 30.1199 11.5207
v 763.82 199.583 -714.632
vt 30.0716 11.4627
v 762.259 198.49 -714.488
vt 30.0102 11.4193
v 760.468 197.838 -714.402
vt 29.9397 11.3934
v 758.57 197.672 -714.38
vt 29.865 11.3868
v 756.693 198.002 -714.424
vt 29.7911 11.4
v 754.966 198.808 -714.53
vt 29.7231 11.432
v 753.506 200.032 -714.691
vt 29.6656 11.4806
v 752.413 201.593 -714.897
vt 29.6225 11.5426
v 752.388 201.661 -714.906
vt 29.6216 11.5453
vn -3.36975e-013 0.258819 0.965926
v 746.719 201.661 -714.906
vt 29.3984 11.5453
v 746.431 201.043 -714.824
vt 29.387 11.5207
v 745.206 199.583 -714.632
vt 29.3388 11.4627
v 743.645 198.49 -714.488
vt 29.2774 11.4193
v 741.854 197.838 -714.402
vt 29.2069 11.3934
v 739.956 197.672 -714.38
vt 29.1321 11.3868
v 738.079 198.002 -714.424
vt 29.0582 11.4
v 736.352 198.808 -714.53
vt 28.9902 11.432
v 734.892 200.032 -714.691
vt 28.9328 11.4806
v 733.799 201.593 -714.897
vt 28.8897 11.5426
f 552/1284/333 553/1285/333 554/1286/334 555/1287/334 556/1288/334 557/1289/334 558/1290/334 559/1291/334 560/1292/334 561/1293/334 562/1294/334 563/1295/335 564/1296/335 169/1297/73 168/1298/73 551/1299/336 565/1300/336 566/1301/334 567/1302/334 568/1303/334 569/1304/334 570/1305/334 571/1306/334 572/1307/334 573/1308/334 574/1309/334 575/1310/337 576/1311/337 577/1312/334 578/1313/334 579/1314/334 580/1315/334 581/1316/334 582/1317/334 583/1318/334 584/1319/334 585/1320/334 586/1321/338 587/1322/338 588/1323/334 589/1324/334 590/1325/334 591/1326/334 592/1327/334 593/1328/334 594/1329/334 595/1330/334 596/1331/334 

vt 28.6787 18.106
vt 28.8887 18.106
v 733.147 203.384 -715.619
vt 28.8641 18.1794
vn -3.64368e-013 0.382683 0.92388
v 732.981 205.282 -716.406
vt 28.8575 18.2603
v 733.265 206.897 -717.075
vt 28.8687 18.3292
vn -3.87905e-013 0.5 0.866025
v 728.991 206.897 -717.075
vt 28.7004 18.3292
v 729.119 206.545 -716.929
vt 28.7055 18.3142
v 729.286 204.647 -716.142
vt 28.712 18.2333
v 728.955 202.77 -715.365
vt 28.699 18.1533
f 553/1332/333 552/1333/333 597/1334/339 598/1335/339 599/1336/340 600/1337/340 601/1338/339 602/1339/339 603/1340/339 

vt -28.174 -2.35018
vn -0.976278 -0.216519 -1.97366e-013
v 733.147 203.384 -725.639
vt -28.5685 -2.35018
v 733.508 202.392 -724.878
vt -28.5385 -2.39174
vn -0.939665 -0.342097 -2.88861e-013
v 733.799 201.593 -724.547
vt -28.5255 -2.4252
vn -0.886973 -0.461821 -5.52958e-013
vt -28.1455 -2.4252
vt -28.1459 -2.42236
f 597/1341/341 604/1342/341 605/1343/342 606/1344/343 596/1345/343 552/1346/342 

vt -28.5685 5.4587
vt -28.174 5.4587
vt -28.2049 5.53373
vn -0.999052 0.0435377 3.30601e-013
v 732.981 205.282 -727.236
vt -28.6313 5.53373
v 733.003 205.022 -726.897
vt -28.618 5.52345
vn -0.996188 -0.0872372 -1.02494e-013
f 604/1347/341 597/1348/341 598/1349/344 607/1350/344 608/1351/345 

v 733.311 207.159 -717.275
vt -28.2392 13.0431
vn -0.953742 0.300628 6.52419e-013
v 733.311 207.159 -729.813
vt -28.7328 13.0431
v 733.291 207.041 -729.527
vt -28.7215 13.0383
vn -0.984822 0.173568 7.5804e-013
vt -28.6313 12.968
vt -28.2049 12.968
vt -28.2313 13.0326
f 609/1352/346 610/1353/346 611/1354/347 607/1355/344 598/1356/344 599/1357/347 

vt -28.7328 19.5911
vt -28.2392 19.5911
v 734.117 208.886 -718.601
vt -28.2914 19.6661
vn -0.843435 0.537231 7.77944e-013
v 734.117 208.886 -753.153
vt -29.6517 19.6661
v 733.311 207.159 -754.478
vt -29.7039 19.5911
vn -0.953742 0.300628 3.89976e-013
v 733.311 207.159 -741.94
vt -29.2103 19.5911
v 733.848 208.309 -739.164
vt -29.1009 19.641
vn -0.906342 0.422544 5.35634e-013
v 734.049 208.742 -735.877
vt -28.9715 19.6598
v 733.848 208.309 -732.59
vt -28.8421 19.641
f 610/1358/346 609/1359/346 612/1360/348 613/1361/348 614/1362/349 615/1363/349 616/1364/350 617/1365/350 618/1366/350 

v 736.837 211.394 -720.525
vt 29.0093 23.8716
vn -2.87398e-013 0.707107 0.707107
v 725.33 211.394 -720.525
vt 28.5563 23.8716
v 725.914 211.122 -720.316
vt 28.5793 23.8581
vn -4.04805e-013 0.608761 0.793353
v 727.374 209.897 -719.376
vt 28.6368 23.7973
v 728.467 208.336 -718.178
vt 28.6798 23.7198
vt 28.7004 23.6484
vt 28.8687 23.6484
vt 28.8705 23.6614
vt 28.9022 23.7471
v 735.341 210.346 -719.721
vt 28.9505 23.8196
f 619/1367/351 620/1368/351 621/1369/352 622/1370/352 623/1371/352 600/1372/340 599/1373/340 609/1374/352 612/1375/352 624/1376/352 

vt 28.5563 27.5716
vt 29.0093 27.5716
v 736.902 211.44 -720.584
vt 29.0119 27.5746
vn -1.65074e-013 0.793353 0.608761
v 738.693 212.091 -721.434
vt 29.0824 27.6167
v 740.592 212.258 -721.651
vt 29.1571 27.6275
v 742.468 211.927 -721.22
vt 29.231 27.6061
v 743.612 211.394 -720.525
vt 29.276 27.5716
vn -3.01581e-013 0.707107 0.707107
v 755.451 211.394 -720.525
vt 29.7422 27.5716
v 755.516 211.44 -720.584
vt 29.7447 27.5746
v 757.307 212.091 -721.434
vt 29.8152 27.6167
v 759.205 212.258 -721.651
vt 29.89 27.6275
v 761.082 211.927 -721.22
vt 29.9639 27.6061
v 762.225 211.394 -720.525
vt 30.0089 27.5716
vn -2.99683e-013 0.707107 0.707107
v 782.225 211.394 -720.525
vt 30.7962 27.5716
v 782.29 211.44 -720.584
vt 30.7988 27.5746
v 784.08 212.091 -721.434
vt 30.8693 27.6167
v 785.979 212.258 -721.651
vt 30.944 27.6275
v 787.856 211.927 -721.22
vt 31.0179 27.6061
v 788.999 211.394 -720.525
vt 31.0629 27.5716
vn -3.04373e-013 0.707107 0.707107
v 811.061 211.394 -720.525
vt 31.9316 27.5716
v 811.061 214.844 -725.021
vt 31.9316 27.7948
v 699.261 214.844 -725.021
vt 27.53 27.7948
v 699.261 211.394 -720.525
vt 27.53 27.5716
vn 1.34212e-012 0.707107 0.707107
v 718.556 211.394 -720.525
vt 28.2896 27.5716
v 718.621 211.44 -720.584
vt 28.2922 27.5746
v 720.412 212.091 -721.434
vt 28.3627 27.6167
v 722.31 212.258 -721.651
vt 28.4374 27.6275
v 724.187 211.927 -721.22
vt 28.5113 27.6061
f 620/1377/351 619/1378/351 625/1379/353 626/1380/353 627/1381/353 628/1382/353 629/1383/354 630/1384/354 631/1385/353 632/1386/353 633/1387/353 634/1388/353 635/1389/355 636/1390/355 637/1391/353 638/1392/353 639/1393/353 640/1394/353 641/1395/356 642/1396/356 643/1397/353 644/1398/353 645/1399/357 646/1400/357 647/1401/353 648/1402/353 649/1403/353 650/1404/353 

v 735.341 210.346 -752.033
vt -29.6076 28.464
vn -0.67565 0.737222 1.0958e-012
vt -28.3355 28.464
vt -28.3671 28.5359
vn -0.573643 0.819105 1.16591e-012
vt -28.3695 28.539
vn -0.461821 0.886973 1.36948e-012
v 736.902 211.44 -751.169
vt -29.5736 28.539
v 736.837 211.394 -751.229
vt -29.5759 28.5359
f 651/1405/358 624/1406/358 619/1407/359 625/1408/360 652/1409/360 653/1410/359 

vt -29.6517 24.8765
vt -28.2914 24.8765
vt -28.3355 24.9515
vt -29.6076 24.9515
f 613/1411/348 612/1412/348 624/1413/358 651/1414/358 

v 725.33 211.394 -751.229
vt -28.5563 -11.4019
vn -8.20416e-013 0.707107 -0.707107
vt -29.0093 -11.4019
vt -28.9505 -11.4539
vn -1.76061e-012 0.608761 -0.793353
vt -28.9022 -11.5264
vt -28.8705 -11.6121
v 733.265 206.897 -754.679
vt -28.8687 -11.6251
vn -8.73645e-013 0.5 -0.866025
v 728.991 206.897 -754.679
vt -28.7004 -11.6251
v 728.467 208.336 -753.575
vt -28.6798 -11.5537
v 727.374 209.897 -752.377
vt -28.6368 -11.4762
v 725.914 211.122 -751.438
vt -28.5793 -11.4154
f 654/1415/361 653/1416/361 651/1417/362 613/1418/362 614/1419/362 655/1420/363 656/1421/363 657/1422/362 658/1423/362 659/1424/362 

v 782.225 211.394 -751.229
vt -30.7962 -18.3977
vn -1.07616e-013 0.707107 -0.707107
v 762.225 211.394 -751.229
vt -30.0089 -18.3977
v 761.082 211.927 -750.534
vt -29.9639 -18.3632
vn 1.33812e-013 0.793353 -0.608761
v 759.205 212.258 -750.103
vt -29.89 -18.3418
v 757.307 212.091 -750.32
vt -29.8152 -18.3526
v 755.516 211.44 -751.169
vt -29.7447 -18.3947
v 755.451 211.394 -751.229
vt -29.7422 -18.3977
vn -5.69191e-013 0.707107 -0.707107
v 743.612 211.394 -751.229
vt -29.276 -18.3977
v 742.468 211.927 -750.534
vt -29.231 -18.3632
v 740.592 212.258 -750.103
vt -29.1571 -18.3418
v 738.693 212.091 -750.32
vt -29.0824 -18.3526
vt -29.0119 -18.3947
vt -29.0093 -18.3977
vt -28.5563 -18.3977
v 724.187 211.927 -750.534
vt -28.5113 -18.3632
v 722.31 212.258 -750.103
vt -28.4374 -18.3418
v 720.412 212.091 -750.32
vt -28.3627 -18.3526
v 718.621 211.44 -751.169
vt -28.2922 -18.3947
v 718.556 211.394 -751.229
vt -28.2896 -18.3977
vn 1.02679e-012 0.707107 -0.707107
v 699.261 211.394 -751.229
vt -27.53 -18.3977
v 699.261 214.844 -746.732
vt -27.53 -18.1746
v 811.061 214.844 -746.732
vt -31.9316 -18.1746
v 811.061 211.394 -751.229
vt -31.9316 -18.3977
vn 2.85876e-014 0.707107 -0.707107
v 788.999 211.394 -751.229
vt -31.0629 -18.3977
v 787.856 211.927 -750.534
vt -31.0179 -18.3632
v 785.979 212.258 -750.103
vt -30.944 -18.3418
v 784.08 212.091 -750.32
vt -30.8693 -18.3526
v 782.29 211.44 -751.169
vt -30.7988 -18.3947
f 660/1425/364 661/1426/364 662/1427/365 663/1428/365 664/1429/365 665/1430/365 666/1431/366 667/1432/366 668/1433/365 669/1434/365 670/1435/365 652/1436/365 653/1437/361 654/1438/361 671/1439/365 672/1440/365 673/1441/365 674/1442/365 675/1443/367 676/1444/367 677/1445/365 678/1446/365 679/1447/368 680/1448/368 681/1449/365 682/1450/365 683/1451/365 684/1452/365 

vt -30.0089 -11.4019
vt -30.7962 -11.4019
v 780.729 210.346 -752.033
vt -30.7374 -11.4539
vn -3.47204e-013 0.608761 -0.793353
v 779.504 208.886 -753.153
vt -30.6891 -11.5264
v 778.699 207.159 -754.478
vt -30.6574 -11.6121
v 778.653 206.897 -754.679
vt -30.6556 -11.6251
vn -1.48624e-013 0.5 -0.866025
v 765.886 206.897 -754.679
vt -30.153 -11.6251
v 765.363 208.336 -753.575
vt -30.1324 -11.5537
v 764.269 209.897 -752.377
vt -30.0893 -11.4762
v 762.809 211.122 -751.438
vt -30.0319 -11.4154
f 661/1453/364 660/1454/364 685/1455/369 686/1456/369 687/1457/369 688/1458/370 689/1459/370 690/1460/369 691/1461/369 692/1462/369 

vt -29.6076 29.9277
vn -0.67565 0.737222 1.08106e-012
v 780.729 210.346 -719.721
vt -28.3355 29.9277
vt -28.3671 29.9996
vn -0.573643 0.819105 1.22367e-012
vt -28.3695 30.0027
vn -0.461821 0.886973 1.29273e-012
vt -29.5736 30.0027
vt -29.5759 29.9996
f 685/1463/371 693/1464/371 636/1465/372 637/1466/373 684/1467/373 660/1468/372 

vt -29.6517 26.025
vn -0.843435 0.537231 7.68462e-013
v 779.504 208.886 -718.601
vt -28.2914 26.025
vt -28.3355 26.1
vt -29.6076 26.1
f 686/1469/374 694/1470/374 693/1471/371 685/1472/371 

v 778.699 207.159 -729.813
vt -28.7328 20.3461
vn -0.953742 0.300628 5.19972e-013
v 778.699 207.159 -717.275
vt -28.2392 20.3461
vt -28.2914 20.4212
vt -29.6517 20.4212
vt -29.7039 20.3461
vn -0.953742 0.300628 4.30477e-013
v 778.699 207.159 -741.94
vt -29.2103 20.3461
v 779.235 208.309 -739.164
vt -29.1009 20.3961
vn -0.906342 0.422544 6.03821e-013
v 779.437 208.742 -735.877
vt -28.9715 20.4149
v 779.235 208.309 -732.59
vt -28.8421 20.3961
f 695/1473/375 696/1474/375 694/1475/374 686/1476/374 687/1477/376 697/1478/376 698/1479/377 699/1480/377 700/1481/377 

v 778.368 205.282 -727.236
vt -28.6313 13.2782
vn -0.999052 0.0435377 2.10212e-013
v 778.368 205.282 -716.406
vt -28.2049 13.2782
v 778.653 206.897 -717.075
vt -28.2313 13.3428
vn -0.984822 0.173568 4.27226e-013
vt -28.2392 13.3532
vt -28.7328 13.3532
v 778.678 207.041 -729.527
vt -28.7215 13.3485
f 701/1482/378 702/1483/378 703/1484/379 696/1485/375 695/1486/375 704/1487/379 

v 778.534 203.384 -725.639
vt -28.5685 5.30282
vn -0.976278 -0.216519 -2.14139e-013
v 778.534 203.384 -715.619
vt -28.174 5.30282
vt -28.2049 5.37784
vt -28.6313 5.37784
v 778.391 205.022 -726.897
vt -28.618 5.36756
vn -0.996188 -0.0872372 -1.03983e-014
f 705/1488/380 706/1489/380 702/1490/378 701/1491/378 707/1492/381 

vt -28.174 -2.96147
vt -28.5685 -2.96147
v 778.895 202.392 -724.878
vt -28.5385 -3.00303
vn -0.939665 -0.342097 -4.14215e-013
v 779.186 201.593 -724.547
vt -28.5255 -3.0365
vn -0.886973 -0.461821 -6.2962e-013
vt -28.1455 -3.0365
vt -28.1459 -3.03365
f 706/1493/380 705/1494/380 708/1495/382 709/1496/383 574/1497/383 575/1498/382 

usemtl Color_006
vt -30.6652 23.6947
vn 4.00305e-013 -0.5 -0.866025
v 765.674 202.392 -724.878
vt -30.1446 23.6947
v 765.85 202.77 -725.168
vt -30.1516 23.7135
vn 4.35545e-013 -0.608761 -0.793353
v 766.181 204.647 -726.608
vt -30.1646 23.8066
v 766.148 205.022 -726.897
vt -30.1633 23.8253
vn 4.63305e-013 -0.707107 -0.707107
vt -30.6453 23.8253
vt -30.651 23.744
f 708/1499/384 710/1500/384 711/1501/385 712/1502/385 713/1503/386 707/1504/386 705/1505/385 

v 781.118 199.329 -723.61
vt -30.7527 18.1523
vn 3.26385e-013 -0.258819 -0.965926
v 763.457 199.329 -723.61
vt -30.0574 18.1523
v 763.82 199.583 -723.715
vt -30.0716 18.1632
vn 3.58216e-013 -0.382683 -0.92388
v 765.045 201.043 -724.319
vt -30.1199 18.2254
vt -30.1446 18.2829
vt -30.6652 18.2829
vt -30.6766 18.2488
v 780.279 200.032 -723.901
vt -30.7197 18.1823
f 714/1506/387 715/1507/387 716/1508/388 717/1509/388 710/1510/384 708/1511/384 709/1512/388 718/1513/388 

v 744.844 199.329 -723.61
vt -29.3245 11.499
vn 3.30187e-013 -0.258819 -0.965926
v 754.344 199.329 -723.61
vt -29.6986 11.499
v 754.966 198.808 -723.541
vt -29.7231 11.4783
vn 2.88969e-013 -0.130526 -0.991445
v 756.693 198.002 -723.435
vt -29.7911 11.4463
v 758.57 197.672 -723.391
vt -29.865 11.4331
v 760.468 197.838 -723.413
vt -29.9397 11.4397
v 762.259 198.49 -723.499
vt -30.0102 11.4656
vt -30.0574 11.499
vt -30.7527 11.499
v 781.739 198.808 -723.541
vt -30.7771 11.4783
v 783.466 198.002 -723.435
vt -30.8451 11.4463
v 785.343 197.672 -723.391
vt -30.919 11.4331
v 787.242 197.838 -723.413
vt -30.9938 11.4397
v 789.032 198.49 -723.499
vt -31.0643 11.4656
v 790.231 199.329 -723.61
vt -31.1114 11.499
vn 3.30532e-013 -0.258819 -0.965926
vt -31.9316 11.499
vt -31.9316 11.3684
vt -27.8449 11.3684
v 707.261 199.329 -723.61
vt -27.8449 11.499
vn -8.18723e-013 -0.258819 -0.965926
v 717.449 199.329 -723.61
vt -28.246 11.499
v 718.071 198.808 -723.541
vt -28.2705 11.4783
v 719.798 198.002 -723.435
vt -28.3385 11.4463
v 721.675 197.672 -723.391
vt -28.4124 11.4331
v 723.573 197.838 -723.413
vt -28.4871 11.4397
v 725.364 198.49 -723.499
vt -28.5576 11.4656
v 726.562 199.329 -723.61
vt -28.6048 11.499
vn 3.312e-013 -0.258819 -0.965926
v 735.73 199.329 -723.61
vt -28.9658 11.499
v 736.352 198.808 -723.541
vt -28.9902 11.4783
v 738.079 198.002 -723.435
vt -29.0582 11.4463
v 739.956 197.672 -723.391
vt -29.1321 11.4331
v 741.854 197.838 -723.413
vt -29.2069 11.4397
v 743.645 198.49 -723.499
vt -29.2774 11.4656
f 719/1514/389 720/1515/389 721/1516/390 722/1517/390 723/1518/390 724/1519/390 725/1520/390 715/1521/387 714/1522/387 726/1523/390 727/1524/390 728/1525/390 729/1526/390 730/1527/390 731/1528/391 22/1529/391 259/1530/120 258/1531/120 732/1532/392 733/1533/392 734/1534/390 735/1535/390 736/1536/390 737/1537/390 738/1538/390 739/1539/393 740/1540/393 741/1541/390 742/1542/390 743/1543/390 744/1544/390 745/1545/390 

vt -29.6986 18.1523
vt -29.3245 18.1523
v 745.206 199.583 -723.715
vt -29.3388 18.1632
vn 3.65754e-013 -0.382683 -0.92388
v 746.431 201.043 -724.319
vt -29.387 18.2254
v 747.06 202.392 -724.878
vt -29.4118 18.2829
vn 3.92734e-013 -0.5 -0.866025
v 752.122 202.392 -724.878
vt -29.6111 18.2829
v 752.413 201.593 -724.547
vt -29.6225 18.2488
v 753.506 200.032 -723.901
vt -29.6656 18.1823
f 720/1546/389 719/1547/389 746/1548/394 747/1549/394 748/1550/395 749/1551/395 750/1552/394 751/1553/394 

usemtl Color_005
vt 28.1295 28.464
vn 0.461821 -0.886973 -1.26377e-012
vt 28.4842 28.464
vt 28.4886 28.5216
vn 0.573643 -0.819105 -1.16219e-012
vt 28.4927 28.539
vn 0.67565 -0.737222 -1.08462e-012
vt 28.1351 28.539
f 590/1554/396 745/1555/396 719/1556/397 746/1557/398 589/1558/398 

vt 28.1261 30.1092
vn 0.216519 -0.976278 -1.39077e-012
vt 28.4808 30.1092
vt 28.4842 30.1842
vt 28.1295 30.1842
f 591/1559/399 744/1560/399 745/1561/396 590/1562/396 

vt 28.1252 29.7
vn -0.0435377 -0.999052 -1.4207e-012
vt 28.48 29.7
vt 28.4808 29.775
vt 28.1261 29.775
f 592/1563/400 743/1564/400 744/1565/399 591/1566/399 

vt -28.1269 -27.2642
vn -0.300628 -0.953742 -1.35813e-012
vt -28.4817 -27.2642
vt -28.48 -27.3392
vt -28.1252 -27.3392
f 593/1567/401 742/1568/401 743/1569/400 592/1570/400 

vt -28.1311 -22.9678
vn -0.537231 -0.843435 -1.15334e-012
vt -28.4859 -22.9678
vt -28.4817 -23.0428
vt -28.1269 -23.0428
f 594/1571/402 741/1572/402 742/1573/401 593/1574/401 

vt -28.1375 -17.1037
vn -0.737222 -0.67565 -9.10088e-013
v 734.892 200.032 -723.901
vt -28.5 -17.1037
vt -28.4886 -17.1467
vn -0.642725 -0.766097 -9.9701e-013
vt -28.4859 -17.1787
vt -28.1311 -17.1787
f 595/1575/403 752/1576/403 740/1577/404 741/1578/402 594/1579/402 

vt -28.1455 -10.0714
vt -28.5255 -10.0714
vt -28.5 -10.1464
vt -28.1375 -10.1464
f 596/1580/343 606/1581/343 752/1582/403 595/1583/403 

usemtl Color_006
v 728.779 202.392 -724.878
vt -28.6921 18.2829
vn 4.06152e-013 -0.5 -0.866025
vt -28.8783 18.2829
vt -28.8897 18.2488
vn 3.67764e-013 -0.382683 -0.92388
vt -28.9328 18.1823
vt -28.9658 18.1523
vt -28.6048 18.1523
v 726.925 199.583 -723.715
vt -28.6191 18.1632
v 728.15 201.043 -724.319
vt -28.6673 18.2254
f 753/1584/405 605/1585/405 606/1586/406 752/1587/406 740/1588/393 739/1589/393 754/1590/406 755/1591/406 

v 729.253 205.022 -726.897
vt -28.7107 23.8253
vn 4.55684e-013 -0.707107 -0.707107
vt -28.8584 23.8253
vt -28.8641 23.744
vn 4.37589e-013 -0.608761 -0.793353
vt -28.8783 23.6947
vt -28.6921 23.6947
v 728.955 202.77 -725.168
vt -28.699 23.7135
v 729.286 204.647 -726.608
vt -28.712 23.8066
f 756/1592/407 608/1593/407 604/1594/408 605/1595/405 753/1596/405 757/1597/408 758/1598/408 

v 728.939 207.041 -729.527
vt -28.6984 27.7485
vn 4.8078e-013 -0.866025 -0.5
vt -28.8697 27.7485
vt -28.8575 27.6348
vn 4.65982e-013 -0.793353 -0.608761
vt -28.8584 27.6179
vt -28.7107 27.6179
v 729.119 206.545 -728.881
vt -28.7055 27.7164
f 759/1599/409 611/1600/409 607/1601/410 608/1602/407 756/1603/407 760/1604/410 

v 728.477 208.309 -732.59
vt -28.6802 29.7851
vn 4.67369e-013 -0.965926 -0.258819
vt -28.8916 29.7851
vt -28.8705 29.6668
vn 4.87351e-013 -0.92388 -0.382683
vt -28.8697 29.6546
vt -28.6984 29.6546
f 761/1605/411 618/1606/411 610/1607/412 611/1608/409 759/1609/409 

v 728.183 208.742 -735.877
vt -28.6686 29.7964
vn 4.11023e-013 -1 4.33924e-016
vt -28.8996 29.7964
vt -28.8916 29.6658
vt -28.6802 29.6658
v 728.467 208.336 -732.792
vt -28.6798 29.6739
vn 4.39389e-013 -0.991445 -0.130526
f 762/1610/413 617/1611/413 618/1612/411 761/1613/411 763/1614/414 

v 728.477 208.309 -739.164
vt 28.6802 -27.7815
vn 3.45054e-013 -0.965926 0.258819
vt 28.8916 -27.7815
vt 28.8996 -27.651
vt 28.6686 -27.651
v 728.467 208.336 -738.962
vt 28.6798 -27.7735
vn 3.75624e-013 -0.991445 0.130526
f 764/1615/415 616/1616/415 617/1617/413 762/1618/413 765/1619/416 

vt 28.8916 -23.7473
vt 28.6802 -23.7473
v 728.939 207.041 -742.227
vt 28.6984 -23.8778
vn 2.4961e-013 -0.866025 0.5
v 733.291 207.041 -742.227
vt 28.8697 -23.8778
vt 28.8705 -23.8656
vn 3.0858e-013 -0.92388 0.382683
f 616/1620/415 764/1621/415 766/1622/417 767/1623/417 615/1624/418 

usemtl Color_005
vt 29.6683 -2.10396
vn 0.886973 0.461821 6.10612e-013
vt 29.093 -2.10396
vt 29.1009 -2.10507
vn 0.939665 0.342097 4.9217e-013
vt 29.2215 -2.15823
v 729.119 206.545 -742.872
vt 29.2469 -2.17899
vn 0.976278 0.216519 3.36577e-014
v 729.119 206.545 -754.825
vt 29.7175 -2.17899
vt 29.7118 -2.16423
f 657/1625/419 765/1626/419 764/1627/420 766/1628/420 768/1629/421 769/1630/421 656/1631/420 

vt 29.6212 -9.6585
vn 0.737222 0.67565 8.62204e-013
vt 28.3219 -9.6585
vt 28.2747 -9.73352
vn 0.886973 0.461821 3.74183e-013
vt 28.8501 -9.73352
vt 28.9715 -9.714
vn 0.819105 0.573643 7.18606e-013
vt 29.093 -9.73352
vt 29.6683 -9.73352
f 658/1632/422 622/1633/422 623/1634/423 763/1635/423 762/1636/424 765/1637/419 657/1638/419 

vt 29.5842 -16.5523
vn 0.537231 0.843435 1.09123e-012
vt 28.3589 -16.5523
vt 28.3219 -16.6273
vt 29.6212 -16.6273
f 659/1639/425 621/1640/425 622/1641/422 658/1642/422 

vt 28.3589 -22.3905
vt 29.5842 -22.3905
vt 29.5759 -22.3651
vn 0.422544 0.906342 1.17273e-012
vt 29.5486 -22.3155
vn 0.300628 0.953742 1.29916e-012
vt 28.3945 -22.3155
vt 28.3671 -22.3651
f 621/1643/425 659/1644/425 654/1645/426 671/1646/427 650/1647/427 620/1648/426 

vt 29.5316 -26.5554
vn 0.0435377 0.999052 1.46038e-012
vt 28.4114 -26.5554
vt 28.3945 -26.6304
vt 29.5486 -26.6304
f 672/1649/428 649/1650/428 650/1651/427 671/1652/427 

vt -29.5401 28.983
vn -0.216519 0.976278 1.42818e-012
vt -28.4029 28.983
vt -28.4114 29.058
vt -29.5316 29.058
f 673/1653/429 648/1654/429 649/1655/428 672/1656/428 

vt -29.5736 29.4329
vn -0.461821 0.886973 1.35511e-012
vt -28.3695 29.4329
vt -28.4029 29.5079
vt -29.5401 29.5079
f 674/1657/430 647/1658/430 648/1659/429 673/1660/429 

v 717.06 210.346 -752.033
vt -29.6076 27.8745
vn -0.67565 0.737222 1.19819e-012
v 717.06 210.346 -719.721
vt -28.3355 27.8745
vt -28.3671 27.9464
vn -0.573643 0.819105 1.34753e-012
vt -28.3695 27.9495
vt -29.5736 27.9495
vt -29.5759 27.9464
f 770/1661/431 771/1662/431 646/1663/432 647/1664/430 674/1665/430 675/1666/432 

v 715.835 208.886 -753.153
vt -29.6517 24.4139
vn -0.843435 0.537231 8.20635e-013
v 715.835 208.886 -718.601
vt -28.2914 24.4139
vt -28.3355 24.4889
vt -29.6076 24.4889
f 772/1667/433 773/1668/433 771/1669/431 770/1670/431 

v 715.03 207.159 -729.813
vt -28.7328 19.287
vn -0.953742 0.300628 7.37134e-013
v 715.03 207.159 -717.275
vt -28.2392 19.287
vt -28.2914 19.362
vt -29.6517 19.362
v 715.03 207.159 -754.478
vt -29.7039 19.287
vn -0.953742 0.300628 5.3549e-013
v 715.03 207.159 -741.94
vt -29.2103 19.287
v 715.566 208.309 -739.164
vt -29.1009 19.3369
vn -0.906342 0.422544 5.98879e-013
v 715.768 208.742 -735.877
vt -28.9715 19.3557
v 715.566 208.309 -732.59
vt -28.8421 19.3369
f 774/1671/434 775/1672/434 773/1673/433 772/1674/433 776/1675/435 777/1676/435 778/1677/436 779/1678/436 780/1679/436 

v 714.699 205.282 -727.236
vt -28.6313 12.8431
vn -0.999052 0.0435377 3.70606e-013
v 714.699 205.282 -716.406
vt -28.2049 12.8431
v 714.984 206.897 -717.075
vt -28.2313 12.9077
vn -0.984822 0.173568 8.62777e-013
vt -28.2392 12.9182
vt -28.7328 12.9182
v 715.009 207.041 -729.527
vt -28.7215 12.9134
f 781/1680/437 782/1681/437 783/1682/438 775/1683/434 774/1684/434 784/1685/438 

v 714.866 203.384 -725.639
vt -28.5685 5.52149
vn -0.976278 -0.216519 -1.92911e-013
v 714.866 203.384 -715.619
vt -28.174 5.52149
vt -28.2049 5.59652
vt -28.6313 5.59652
v 714.722 205.022 -726.897
vt -28.618 5.58623
vn -0.996188 -0.0872372 -1.27907e-013
f 785/1686/439 786/1687/439 782/1688/437 781/1689/437 787/1690/440 

vt -28.174 -2.10396
vt -28.5685 -2.10396
v 715.227 202.392 -724.878
vt -28.5385 -2.14552
vn -0.939665 -0.342097 -2.54615e-013
v 715.518 201.593 -724.547
vt -28.5255 -2.17899
vn -0.886973 -0.461821 -5.40005e-013
vt -28.1455 -2.17899
vt -28.1459 -2.17614
f 786/1691/439 785/1692/439 788/1693/441 789/1694/442 562/1695/442 563/1696/441 

usemtl Color_006
vt -28.1585 23.6947
vn -3.4781e-012 -0.5 -0.866025
v 707.261 202.392 -724.878
vt -27.8449 23.6947
v 707.261 205.022 -726.897
vt -27.8449 23.8253
vn -6.85176e-012 -0.707107 -0.707107
vt -28.1387 23.8253
vt -28.1443 23.744
vn -4.98427e-012 -0.608761 -0.793353
f 788/1697/443 790/1698/443 791/1699/444 787/1700/444 785/1701/445 

vt -28.246 18.1523
vt -27.8449 18.1523
vt -27.8449 18.2829
vt -28.1585 18.2829
vt -28.17 18.2488
vn -1.91241e-012 -0.382683 -0.92388
v 716.611 200.032 -723.901
vt -28.213 18.1823
f 733/1702/392 732/1703/392 790/1704/443 788/1705/443 789/1706/446 792/1707/446 

usemtl Color_003
v 699.261 201.418 -715.815
vt -39.3815 7.33714
vn -0.710138 -0.182225 -0.680072
v 699.261 206.427 -717.89
vt -39.4415 7.54199
vn -0.710138 -0.352031 -0.609736
vt -39.8573 7.377
vt -39.8207 7.25174
f 793/1708/447 794/1709/448 790/1710/448 732/1711/447 

usemtl Color_005
vt -28.1817 7.92982
vn -1 -1.3081e-013 -1.63741e-013
v 699.261 206.897 -717.075
vt -28.2313 8.14557
vt -28.2634 8.12703
f 793/1712/449 795/1713/449 794/1714/449

vt -28.1459 7.93942
f 793/1712/449 564/1715/449 795/1713/449

v 699.261 196.042 -715.108
vt -28.1538 7.71819
f 796/1716/449 564/1715/449 793/1712/449

vt -28.1459 7.49696
f 124/1717/449 564/1715/449 796/1716/449

vt -28.1168 7.71819
f 564/1715/449 124/1717/449 169/1718/449

v 699.261 190.667 -715.815
vt -28.1817 7.50656
f 797/1719/449 124/1717/449 796/1716/449

vt -28.2313 7.29081
f 124/1717/449 797/1719/449 170/1720/449

v 699.261 185.658 -717.89
vt -28.2634 7.30935
f 170/1720/449 797/1719/449 798/1721/449

usemtl Color_003
vt -39.4415 7.3185
vn -0.710138 0.352031 -0.609736
vt -39.3815 7.52335
vn -0.710138 0.182225 -0.680072
vt -39.8207 7.60876
vt -39.8573 7.48349
f 798/1722/450 797/1723/451 249/1724/451 247/1725/450 

vt -39.3957 7.44761
vt -39.3759 7.66014
vn -0.710138 -1.23146e-012 -0.704063
vt -39.8233 7.66014
vt -39.8354 7.53018
f 797/1726/451 796/1727/452 258/1728/452 249/1729/451 

vt -39.3759 7.71035
vt -39.3957 7.92289
vt -39.8354 7.84032
vt -39.8233 7.71035
f 796/1730/452 793/1731/447 732/1732/447 258/1733/452 

v 699.261 181.356 -721.191
vt -39.3537 8.13211
vn -0.710138 0.497847 -0.497847
vt -39.2519 8.31973
vt -39.6632 8.49571
vt -39.7254 8.38098
f 799/1734/453 798/1735/450 247/1736/450 248/1737/453 

usemtl Color_005
vt -28.3671 7.11379
vt -28.3933 7.14001
f 174/1738/449 798/1721/449 799/1739/449

f 170/1720/449 798/1721/449 174/1738/449

vt -28.5441 6.97795
f 174/1738/449 799/1739/449 185/1740/449

v 699.261 178.056 -725.492
vt -28.5627 7.01006
f 185/1740/449 799/1739/449 800/1741/449

usemtl Color_003
vt -38.7128 10.663
vn -0.710138 0.609736 -0.352031
vt -38.5681 10.82
vt -38.9237 11.0913
vt -39.0122 10.9953
f 800/1742/454 799/1743/453 248/1744/453 399/1745/454 

v 699.261 175.981 -730.501
vt -36.6997 15.3274
vn -0.710138 0.680072 -0.182225
vt -36.5155 15.4353
vt -36.7764 15.7987
vt -36.889 15.7327
f 801/1746/455 800/1747/454 399/1748/454 397/1749/455 

usemtl Color_005
v 699.261 175.071 -730.258
vt -28.7503 6.89256
vt -28.7599 6.92838
f 802/1750/449 800/1741/449 801/1751/449

f 185/1740/449 800/1741/449 802/1750/449

v 811.061 175.071 -730.258
vt 31.9316 -23.9241
vn -4.75897e-013 -0.92388 0.382683
vt 31.9316 -23.701
vt 27.53 -23.701
vt 27.53 -23.9241
f 803/1752/456 186/1753/456 185/1754/456 802/1755/456 

v 811.061 187.062 -726.897
vt 28.618 7.36464
vt 28.5441 6.97795
vt 28.7503 6.89256
f 804/1756/332 186/1757/332 803/1758/332

v 811.061 189.692 -724.878
vt 28.5385 7.46819
f 805/1759/332 186/1757/332 804/1756/332

vt 28.4886 7.58878
f 260/1760/332 186/1757/332 805/1759/332

vt 28.4715 7.71819
f 259/1761/332 186/1757/332 260/1760/332

vt 28.3671 8.3226
f 642/1762/332 186/1757/332 259/1761/332

f 642/1762/332 187/1280/332 186/1757/332

f 550/1278/332 187/1280/332 642/1762/332

v 792.66 206.897 -717.075
vt 31.2071 23.6484
vn -4.01539e-013 0.5 0.866025
vt 31.9316 23.6484
vt 31.9316 23.8716
vt 31.0629 23.8716
v 789.583 211.122 -720.316
vt 31.0859 23.8581
vn -4.38464e-013 0.608761 0.793353
v 791.043 209.897 -719.376
vt 31.1434 23.7973
v 792.136 208.336 -718.178
vt 31.1865 23.7198
f 806/1763/457 550/1764/457 642/1765/356 641/1766/356 807/1767/458 808/1768/458 809/1769/458 

vt 31.1853 18.106
vt 31.9316 18.106
vt 31.9316 18.3292
vt 31.2071 18.3292
v 792.788 206.545 -716.929
vt 31.2121 18.3142
vn -3.57744e-013 0.382683 0.92388
v 792.954 204.647 -716.142
vt 31.2187 18.2333
v 792.623 202.77 -715.365
vt 31.2056 18.1533
f 565/1770/336 551/1771/336 550/1772/457 806/1773/457 810/1774/459 811/1775/459 812/1776/459 

vt 28.2255 -3.0365
vn 0.976278 0.216519 2.84887e-013
v 792.788 206.545 -728.881
vt 28.6961 -3.0365
v 792.607 207.041 -729.527
vt 28.7215 -3.01574
vn 0.939665 0.342097 4.88263e-013
v 792.146 208.309 -732.59
vt 28.8421 -2.96259
v 792.136 208.336 -732.792
vt 28.8501 -2.96147
vn 0.886973 0.461821 6.45195e-013
vt 28.2747 -2.96147
vt 28.2313 -3.02174
f 810/1777/460 813/1778/460 814/1779/461 815/1780/461 816/1781/462 809/1782/462 806/1783/461 

vt 28.6961 5.37784
vt 28.2255 5.37784
vt 28.1946 5.30282
vn 0.999052 -0.0435377 -8.01655e-014
v 792.954 204.647 -726.608
vt 28.6066 5.30282
v 792.921 205.022 -726.897
vt 28.618 5.31766
vn 0.996188 0.0872372 7.66372e-014
f 813/1784/460 810/1785/460 811/1786/463 817/1787/463 818/1788/464 

vt 28.6066 13.3532
vt 28.1946 13.3532
vt 28.164 13.2782
vn 0.953742 -0.300628 -4.29444e-013
v 792.623 202.77 -725.168
vt 28.5499 13.2782
f 817/1789/463 811/1790/463 812/1791/465 819/1792/465 

vt 28.1427 20.3461
vn 0.843435 -0.537231 -7.77584e-013
v 791.818 201.043 -724.319
vt 28.5165 20.3461
v 792.447 202.392 -724.878
vt 28.5385 20.4047
vn 0.906342 -0.422544 -6.15944e-013
vt 28.5499 20.4212
vt 28.164 20.4212
vt 28.1459 20.373
f 566/1793/466 820/1794/466 821/1795/467 819/1796/465 812/1797/465 565/1798/467 

vt 28.1351 26.025
vn 0.67565 -0.737222 -1.05543e-012
v 790.593 199.583 -723.715
vt 28.4927 26.025
vt 28.5165 26.1
vt 28.1427 26.1
f 567/1799/468 822/1800/468 820/1801/466 566/1802/466 

vt 28.1295 29.9277
vn 0.461821 -0.886973 -1.26129e-012
vt 28.4842 29.9277
vt 28.4886 29.9853
vn 0.573643 -0.819105 -1.16687e-012
vt 28.4927 30.0027
vt 28.1351 30.0027
f 568/1803/469 730/1804/469 731/1805/470 822/1806/468 567/1807/468 

vt 28.1261 31.7883
vn 0.216519 -0.976278 -1.38389e-012
vt 28.4808 31.7883
vt 28.4842 31.8633
vt 28.1295 31.8633
f 569/1808/471 729/1809/471 730/1810/469 568/1811/469 

vt 28.1252 31.4801
vn -0.0435377 -0.999052 -1.4191e-012
vt 28.48 31.4801
vt 28.4808 31.5551
vt 28.1261 31.5551
f 570/1812/472 728/1813/472 729/1814/471 569/1815/471 

vt -28.1269 -29.0239
vn -0.300628 -0.953742 -1.36089e-012
vt -28.4817 -29.0239
vt -28.48 -29.099
vt -28.1252 -29.099
f 571/1816/473 727/1817/473 728/1818/472 570/1819/472 

vt -28.1311 -24.5873
vn -0.537231 -0.843435 -1.19063e-012
vt -28.4859 -24.5873
vt -28.4817 -24.6624
vt -28.1269 -24.6624
f 572/1820/474 726/1821/474 727/1822/473 571/1823/473 

vt -28.1375 -18.4726
vn -0.737222 -0.67565 -9.58496e-013
vt -28.5 -18.4726
vt -28.4886 -18.5157
vn -0.642725 -0.766097 -1.06634e-012
vt -28.4859 -18.5476
vt -28.1311 -18.5476
f 573/1824/475 718/1825/475 714/1826/476 726/1827/474 572/1828/474 

vt -28.1455 -11.0964
vt -28.5255 -11.0964
vt -28.5 -11.1714
vt -28.1375 -11.1714
f 574/1829/383 709/1830/383 718/1831/475 573/1832/475 

usemtl Color_006
vt -31.1987 18.2829
vn 4.05051e-013 -0.5 -0.866025
v 811.061 202.392 -724.878
vt -31.9316 18.2829
vt -31.9316 18.1523
vt -31.1114 18.1523
vt -31.1257 18.1632
vn 3.6644e-013 -0.382683 -0.92388
vt -31.1739 18.2254
f 821/1833/477 823/1834/477 22/1835/391 731/1836/391 822/1837/478 820/1838/478 

vt -31.2174 23.8253
vn 4.5662e-013 -0.707107 -0.707107
v 811.061 205.022 -726.897
vt -31.9316 23.8253
vt -31.9316 23.6947
vt -31.1987 23.6947
vt -31.2056 23.7135
vn 4.36731e-013 -0.608761 -0.793353
vt -31.2187 23.8066
f 818/1839/479 824/1840/479 823/1841/477 821/1842/477 819/1843/480 817/1844/480 

vt -31.205 27.7485
vn 4.73691e-013 -0.866025 -0.5
v 811.061 207.041 -729.527
vt -31.9316 27.7485
vt -31.9316 27.6179
vt -31.2174 27.6179
vt -31.2121 27.7164
vn 4.68696e-013 -0.793353 -0.608761
f 814/1845/481 825/1846/481 824/1847/479 818/1848/479 813/1849/482 

vt -31.1868 29.7851
vn 4.60626e-013 -0.965926 -0.258819
v 811.061 208.309 -732.59
vt -31.9316 29.7851
vt -31.9316 29.6546
vt -31.205 29.6546
f 815/1850/483 826/1851/483 825/1852/481 814/1853/481 

v 791.851 208.742 -735.877
vt -31.1753 29.7964
vn 4.17456e-013 -1 4.26925e-015
v 811.061 208.742 -735.877
vt -31.9316 29.7964
vt -31.9316 29.6658
vt -31.1868 29.6658
vt -31.1865 29.6739
vn 4.42789e-013 -0.991445 -0.130526
f 827/1854/484 828/1855/484 826/1856/483 815/1857/483 816/1858/485 

v 792.146 208.309 -739.164
vt 31.1868 -27.7815
vn 3.4417e-013 -0.965926 0.258819
v 811.061 208.309 -739.164
vt 31.9316 -27.7815
vt 31.9316 -27.651
vt 31.1753 -27.651
v 792.136 208.336 -738.962
vt 31.1865 -27.7735
vn 3.84981e-013 -0.991445 0.130526
f 829/1859/486 830/1860/486 828/1861/484 827/1862/484 831/1863/487 

v 792.607 207.041 -742.227
vt 31.205 -23.8778
vn 2.41895e-013 -0.866025 0.5
v 811.061 207.041 -742.227
vt 31.9316 -23.8778
vt 31.9316 -23.7473
vt 31.1868 -23.7473
f 832/1864/488 833/1865/488 830/1866/486 829/1867/486 

v 792.921 205.022 -744.857
vt 31.2174 -18.3514
vn 1.24732e-013 -0.707107 0.707107
v 811.061 205.022 -744.857
vt 31.9316 -18.3514
vt 31.9316 -18.2209
vt 31.205 -18.2209
v 792.788 206.545 -742.872
vt 31.2121 -18.2529
vn 1.82181e-013 -0.793353 0.608761
f 834/1868/489 835/1869/489 833/1870/488 832/1871/488 836/1872/490 

v 792.447 202.392 -746.875
vt 31.1987 -11.5788
vn -8.06329e-016 -0.5 0.866025
v 811.061 202.392 -746.875
vt 31.9316 -11.5788
vt 31.9316 -11.4482
vt 31.2174 -11.4482
v 792.954 204.647 -745.145
vt 31.2187 -11.4669
vn 6.51498e-014 -0.608761 0.793353
v 792.623 202.77 -746.585
vt 31.2056 -11.56
f 837/1873/491 838/1874/491 835/1875/489 834/1876/489 839/1877/492 840/1878/492 

v 790.231 199.329 -748.144
vt 31.1114 -4.02151
vn -1.23151e-013 -0.258819 0.965926
vt 31.9316 -4.02151
vt 31.9316 -3.89098
vt 31.1987 -3.89098
v 791.818 201.043 -747.434
vt 31.1739 -3.94848
vn -6.67487e-014 -0.382683 0.92388
v 790.593 199.583 -748.039
vt 31.1257 -4.01069
f 841/1879/493 85/1880/493 838/1881/491 837/1882/491 842/1883/494 843/1884/494 

v 735.73 199.329 -748.144
vt 28.9658 3.93588
vn -1.28686e-013 -0.258819 0.965926
v 726.562 199.329 -748.144
vt 28.6048 3.93588
v 725.364 198.49 -748.255
vt 28.5576 3.90255
vn -1.77447e-013 -0.130526 0.991445
v 723.573 197.838 -748.34
vt 28.4871 3.87666
v 721.675 197.672 -748.362
vt 28.4124 3.87006
v 719.798 198.002 -748.319
vt 28.3385 3.8832
v 718.071 198.808 -748.213
vt 28.2705 3.91517
v 717.449 199.329 -748.144
vt 28.246 3.93588
vn -1.27813e-012 -0.258819 0.965926
v 707.261 199.329 -748.144
vt 27.8449 3.93588
vt 27.8449 3.80536
vt 31.9316 3.80536
vt 31.9316 3.93588
vt 31.1114 3.93588
v 789.032 198.49 -748.255
vt 31.0643 3.90255
v 787.242 197.838 -748.34
vt 30.9938 3.87666
v 785.343 197.672 -748.362
vt 30.919 3.87006
v 783.466 198.002 -748.319
vt 30.8451 3.8832
v 781.739 198.808 -748.213
vt 30.7771 3.91517
v 781.118 199.329 -748.144
vt 30.7527 3.93588
vn -1.24425e-013 -0.258819 0.965926
v 763.457 199.329 -748.144
vt 30.0574 3.93588
v 762.259 198.49 -748.255
vt 30.0102 3.90255
v 760.468 197.838 -748.34
vt 29.9397 3.87666
v 758.57 197.672 -748.362
vt 29.865 3.87006
v 756.693 198.002 -748.319
vt 29.7911 3.8832
v 754.966 198.808 -748.213
vt 29.7231 3.91517
v 754.344 199.329 -748.144
vt 29.6986 3.93588
vn -1.21572e-013 -0.258819 0.965926
v 744.844 199.329 -748.144
vt 29.3245 3.93588
v 743.645 198.49 -748.255
vt 29.2774 3.90255
v 741.854 197.838 -748.34
vt 29.2069 3.87666
v 739.956 197.672 -748.362
vt 29.1321 3.87006
v 738.079 198.002 -748.319
vt 29.0582 3.8832
v 736.352 198.808 -748.213
vt 28.9902 3.91517
f 844/1885/495 845/1886/495 846/1887/496 847/1888/496 848/1889/496 849/1890/496 850/1891/496 851/1892/497 852/1893/497 381/1894/199 380/1895/199 85/1896/493 841/1897/493 853/1898/496 854/1899/496 855/1900/496 856/1901/496 857/1902/496 858/1903/498 859/1904/498 860/1905/496 861/1906/496 862/1907/496 863/1908/496 864/1909/496 865/1910/499 866/1911/499 867/1912/496 868/1913/496 869/1914/496 870/1915/496 871/1916/496 

vt 28.6048 -4.02151
vt 28.9658 -4.02151
v 734.892 200.032 -747.853
vt 28.9328 -3.99154
vn -7.77241e-014 -0.382683 0.92388
v 733.799 201.593 -747.206
vt 28.8897 -3.92502
v 733.508 202.392 -746.875
vt 28.8783 -3.89098
vn -3.966e-015 -0.5 0.866025
v 728.779 202.392 -746.875
vt 28.6921 -3.89098
v 728.15 201.043 -747.434
vt 28.6673 -3.94848
v 726.925 199.583 -748.039
vt 28.6191 -4.01069
f 845/1917/495 844/1918/495 872/1919/500 873/1920/500 874/1921/501 875/1922/501 876/1923/500 877/1924/500 

usemtl Color_005
vt -29.443 -17.1037
vn -0.737222 -0.67565 -9.49805e-013
v 734.892 200.032 -757.062
vt -29.8056 -17.1037
v 736.352 198.808 -757.224
vt -29.812 -17.1787
vn -0.537231 -0.843435 -1.18838e-012
vt -29.4572 -17.1787
vt -29.4545 -17.1467
vn -0.642725 -0.766097 -1.07271e-012
f 872/1925/502 878/1926/502 879/1927/503 871/1928/503 844/1929/504 

vt -29.8056 -10.1464
vt -29.443 -10.1464
vt -29.4176 -10.0714
vn -0.886973 -0.461821 -5.56828e-013
v 733.799 201.593 -756.857
vt -29.7975 -10.0714
f 878/1930/502 872/1931/502 873/1932/505 880/1933/505 

v 733.147 203.384 -746.114
vt -29.3746 -2.35018
vn -0.976278 -0.216519 -1.45283e-013
v 733.147 203.384 -756.134
vt -29.7691 -2.35018
v 733.774 201.661 -756.848
vt -29.7972 -2.42236
vn -0.939665 -0.342097 -2.93478e-013
vt -29.7975 -2.4252
vt -29.4176 -2.4252
vt -29.4045 -2.39174
f 881/1934/506 882/1935/506 883/1936/507 880/1937/505 873/1938/505 874/1939/507 

vt -29.7691 5.4587
vt -29.3746 5.4587
v 733.003 205.022 -744.857
vt -29.3251 5.52345
vn -0.996188 -0.0872372 5.39815e-015
v 732.981 205.282 -744.518
vt -29.3117 5.53373
vn -0.999052 0.0435377 1.22571e-013
v 732.981 205.282 -755.348
vt -29.7381 5.53373
f 882/1940/506 881/1941/506 884/1942/508 885/1943/509 886/1944/509 

usemtl Color_006
vt 28.6921 -11.5788
vt 28.8783 -11.5788
vt 28.8641 -11.5295
vn 6.98599e-014 -0.608761 0.793353
vt 28.8584 -11.4482
vn 1.2922e-013 -0.707107 0.707107
v 729.253 205.022 -744.857
vt 28.7107 -11.4482
v 729.286 204.647 -745.145
vt 28.712 -11.4669
v 728.955 202.77 -746.585
vt 28.699 -11.56
f 875/1945/501 874/1946/501 881/1947/510 884/1948/511 887/1949/511 888/1950/510 889/1951/510 

vt 28.8697 -18.2209
vt 28.6984 -18.2209
vt 28.7055 -18.2529
vn 1.86369e-013 -0.793353 0.608761
vt 28.7107 -18.3514
vt 28.8584 -18.3514
vt 28.8575 -18.3346
f 767/1952/417 766/1953/417 768/1954/512 887/1955/511 884/1956/511 885/1957/512 

usemtl Color_005
vt 29.7175 5.59652
vt 29.2469 5.59652
vt 29.3251 5.53633
vn 0.996188 0.0872372 -4.2543e-013
vt 29.3364 5.52149
vn 0.999052 -0.0435377 -3.34132e-013
v 729.286 204.647 -755.611
vt 29.7485 5.52149
f 769/1958/421 768/1959/421 887/1960/513 888/1961/514 890/1962/514 

vt 29.7485 12.9182
vt 29.3364 12.9182
vt 29.3931 12.8431
vn 0.953742 -0.300628 -5.2048e-013
v 728.955 202.77 -756.389
vt 29.7791 12.8431
f 890/1963/514 888/1964/514 889/1965/515 891/1966/515 

vt 29.4265 19.287
vn 0.843435 -0.537231 -9.39792e-013
v 728.15 201.043 -756.929
vt 29.8004 19.287
v 728.438 201.661 -756.848
vt 29.7972 19.3138
vn 0.906342 -0.422544 -7.94937e-013
vt 29.7791 19.362
vt 29.3931 19.362
vt 29.4045 19.3456
f 876/1967/516 892/1968/516 893/1969/517 891/1970/515 889/1971/515 875/1972/517 

vt 29.8004 24.4889
vt 29.4265 24.4889
vt 29.4504 24.4139
vn 0.67565 -0.737222 -1.12868e-012
v 726.925 199.583 -757.121
vt 29.8079 24.4139
f 892/1973/516 876/1974/516 877/1975/518 894/1976/518 

vt 29.4588 27.8745
vn 0.461821 -0.886973 -1.27254e-012
v 725.364 198.49 -757.265
vt 29.8136 27.8745
vt 29.8079 27.9495
vt 29.4504 27.9495
vt 29.4545 27.9321
vn 0.573643 -0.819105 -1.16949e-012
f 846/1977/519 895/1978/519 894/1979/518 877/1980/518 845/1981/520 

vt 29.8136 29.5079
vt 29.4588 29.5079
vt 29.4622 29.4329
vn 0.216519 -0.976278 -1.39932e-012
v 723.573 197.838 -757.351
vt 29.817 29.4329
f 895/1982/519 846/1983/519 847/1984/521 896/1985/521 

vt 29.817 29.058
vt 29.4622 29.058
vt 29.4631 28.983
vn -0.0435377 -0.999052 -1.42348e-012
v 721.675 197.672 -757.373
vt 29.8178 28.983
f 896/1986/521 847/1987/521 848/1988/522 897/1989/522 

vt -29.8178 -26.6304
vt -29.4631 -26.6304
vt -29.4614 -26.5554
vn -0.300628 -0.953742 -1.34516e-012
v 719.798 198.002 -757.33
vt -29.8161 -26.5554
f 897/1990/522 848/1991/522 849/1992/523 898/1993/523 

vt -29.8161 -22.3905
vt -29.4614 -22.3905
vt -29.4572 -22.3155
vn -0.537231 -0.843435 -1.18519e-012
v 718.071 198.808 -757.224
vt -29.812 -22.3155
f 898/1994/523 849/1995/523 850/1996/524 899/1997/524 

v 716.611 200.032 -747.853
vt -29.443 -16.5523
vn -0.737222 -0.67565 -8.8967e-013
v 716.611 200.032 -757.062
vt -29.8056 -16.5523
vt -29.812 -16.6273
vt -29.4572 -16.6273
vt -29.4545 -16.5953
vn -0.642725 -0.766097 -1.08453e-012
f 900/1998/525 901/1999/525 899/2000/524 850/2001/524 851/2002/526 

vt -29.8056 -9.73352
vt -29.443 -9.73352
v 715.518 201.593 -747.206
vt -29.4176 -9.6585
vn -0.886973 -0.461821 -5.86522e-013
v 715.518 201.593 -756.857
vt -29.7975 -9.6585
f 901/2003/525 900/2004/525 902/2005/527 903/2006/527 

usemtl Color_006
v 715.227 202.392 -746.875
vt 28.1585 -3.89098
vn -4.63214e-012 -0.5 0.866025
v 707.261 202.392 -746.875
vt 27.8449 -3.89098
vt 27.8449 -4.02151
vt 28.246 -4.02151
vt 28.213 -3.99154
vn -2.35695e-012 -0.382683 0.92388
vt 28.17 -3.92502
f 904/2007/528 905/2008/528 852/2009/497 851/2010/497 900/2011/529 902/2012/529 

v 714.722 205.022 -744.857
vt 28.1387 -11.4482
vn -7.93183e-012 -0.707107 0.707107
v 707.261 205.022 -744.857
vt 27.8449 -11.4482
vt 27.8449 -11.5788
vt 28.1585 -11.5788
v 714.866 203.384 -746.114
vt 28.1443 -11.5295
vn -6.82807e-012 -0.608761 0.793353
f 906/2013/530 907/2014/530 905/2015/528 904/2016/528 908/2017/531 

v 715.009 207.041 -742.227
vt 28.15 -18.2209
vn -8.9749e-012 -0.866025 0.5
v 707.261 207.041 -742.227
vt 27.8449 -18.2209
vt 27.8449 -18.3514
vt 28.1387 -18.3514
v 714.699 205.282 -744.518
vt 28.1378 -18.3346
vn -8.89988e-012 -0.793353 0.608761
f 909/2018/532 910/2019/532 907/2020/530 906/2021/530 911/2022/533 

vt 28.1719 -23.7473
vn -9.45586e-012 -0.965926 0.258819
v 707.261 208.309 -739.164
vt 27.8449 -23.7473
vt 27.8449 -23.8778
vt 28.15 -23.8778
vt 28.1508 -23.8656
vn -8.89636e-012 -0.92388 0.382683
f 778/2023/534 912/2024/534 910/2025/532 909/2026/532 777/2027/535 

vt 28.1798 -27.651
vn -9.60741e-012 -1 -5.28855e-013
v 707.261 208.742 -735.877
vt 27.8449 -27.651
vt 27.8449 -27.7815
vt 28.1719 -27.7815
f 779/2028/536 913/2029/536 912/2030/534 778/2031/534 

vt -28.1719 29.6658
vn -9.45296e-012 -0.965926 -0.258819
v 707.261 208.309 -732.59
vt -27.8449 29.6658
vt -27.8449 29.7964
vt -28.1798 29.7964
f 780/2032/537 914/2033/537 913/2034/536 779/2035/536 

vt -28.15 29.6546
vn -9.15297e-012 -0.866025 -0.5
v 707.261 207.041 -729.527
vt -27.8449 29.6546
vt -27.8449 29.7851
vt -28.1719 29.7851
vt -28.1508 29.6668
vn -9.54731e-012 -0.92388 -0.382683
f 784/2036/538 915/2037/538 914/2038/537 780/2039/537 774/2040/539 

vt -28.1387 27.6179
vt -27.8449 27.6179
vt -27.8449 27.7485
vt -28.15 27.7485
vt -28.1378 27.6348
vn -8.60201e-012 -0.793353 -0.608761
f 787/2041/444 791/2042/444 915/2043/538 784/2044/538 781/2045/540 

usemtl Color_003
v 699.261 210.728 -721.191
vt -38.5681 1.95867
vn -0.710138 -0.497847 -0.497847
v 699.261 214.029 -725.492
vt -38.7128 2.11564
vn -0.710138 -0.609736 -0.352031
vt -39.0122 1.7833
vt -38.9237 1.68731
f 916/2046/541 917/2047/542 915/2048/542 791/2049/541 

usemtl Color_005
vt -28.3933 8.29638
vt -28.5441 8.45843
vt -28.5627 8.42632
f 916/2050/449 644/2051/449 917/2052/449

vt -28.3671 8.3226
f 916/2050/449 645/2053/449 644/2051/449

f 794/1714/449 645/2053/449 916/2050/449

f 794/1714/449 795/1713/449 645/2053/449

vt 28.2896 23.8716
vt 27.53 23.8716
vt 27.53 23.6484
vn 2.35794e-012 0.5 0.866025
vt 28.149 23.6484
vt 28.1508 23.6614
vn 2.82636e-012 0.608761 0.793353
vt 28.1825 23.7471
vt 28.2307 23.8196
f 646/2054/357 645/2055/357 795/2056/543 783/2057/543 775/2058/544 773/2059/544 771/2060/544 

vt 28.149 18.3292
vt 27.53 18.3292
vt 27.53 18.106
vt 28.169 18.106
vt 28.1443 18.1794
vn 1.84917e-012 0.382683 0.92388
vt 28.1378 18.2603
f 783/2061/543 795/2062/543 564/2063/335 563/2064/335 786/2065/545 782/2066/545 

usemtl Color_003
vt -39.2519 5.6133
vt -39.3537 5.80092
vt -39.7254 5.55205
vt -39.6632 5.43733
f 794/2067/448 916/2068/541 791/2069/541 790/2070/448 

usemtl Color_005
v 699.261 217.013 -730.258
vt -28.7503 8.54382
f 917/2052/449 644/2051/449 918/2071/449

vt 31.9316 29.6083
vn 2.30948e-013 0.92388 0.382683
v 811.061 217.013 -730.258
vt 31.9316 29.8314
vt 27.53 29.8314
vt 27.53 29.6083
f 643/2072/546 919/2073/546 918/2074/546 644/2075/546 

vt 28.5441 8.45843
vt 28.618 8.07175
vt 28.7503 8.54382
f 643/2076/332 824/2077/332 919/2078/332

vt 28.5385 7.96819
f 643/2076/332 823/2079/332 824/2077/332

vt 28.4886 7.8476
f 643/2076/332 22/2080/332 823/2079/332

f 643/2076/332 259/1761/332 22/2080/332

f 259/1761/332 643/2076/332 642/1762/332

vt 28.7215 8.1512
f 919/2078/332 824/2077/332 825/2081/332

vt 28.8421 8.20116
f 919/2078/332 825/2081/332 826/2082/332

v 811.061 217.753 -735.877
vt 28.9715 8.57295
f 919/2078/332 826/2082/332 920/2083/332

vt 28.9715 8.21819
f 920/2083/332 826/2082/332 828/2084/332

vt 29.1009 8.20116
f 920/2083/332 828/2084/332 830/2085/332

v 811.061 217.013 -741.496
vt 29.1928 8.54382
f 920/2083/332 830/2085/332 921/2086/332

vt 29.2215 8.1512
f 921/2086/332 830/2085/332 833/2087/332

vt 29.3989 8.45843
f 921/2086/332 833/2087/332 678/2088/332

vt 29.3251 8.07175
f 678/2088/332 833/2087/332 835/2089/332

vt 29.4045 7.96819
f 678/2088/332 835/2089/332 838/2090/332

vt 29.5759 8.3226
f 678/2088/332 838/2090/332 679/2091/332

vt 29.4545 7.8476
f 679/2091/332 838/2090/332 85/2092/332

vt 29.4715 7.71819
f 679/2091/332 85/2092/332 380/2093/332

v 811.061 180.69 -751.229
vt 29.5759 7.11379
f 380/2093/332 922/2094/332 679/2091/332

vt 29.4545 7.58878
f 379/2095/332 922/2094/332 380/2093/332

vt 29.4045 7.46819
f 529/2096/332 922/2094/332 379/2095/332

v 811.061 177.24 -746.732
vt 29.3989 6.97795
f 529/2096/332 923/2097/332 922/2094/332

vt 29.3251 7.36464
f 534/2098/332 923/2097/332 529/2096/332

v 811.061 185.044 -742.227
vt 29.2215 7.28518
f 924/2099/332 923/2097/332 534/2098/332

v 811.061 175.071 -741.496
vt 29.1928 6.89256
f 924/2099/332 925/2100/332 923/2097/332

v 811.061 183.775 -739.164
vt 29.1009 7.23523
f 926/2101/332 925/2100/332 924/2099/332

v 811.061 183.342 -735.877
vt 28.9715 7.21819
f 927/2102/332 925/2100/332 926/2101/332

v 811.061 174.331 -735.877
vt 28.9715 6.86343
f 927/2102/332 928/2103/332 925/2100/332

v 811.061 183.775 -732.59
vt 28.8421 7.23523
f 929/2104/332 928/2103/332 927/2102/332

f 929/2104/332 803/1758/332 928/2103/332

v 811.061 185.044 -729.527
vt 28.7215 7.28518
f 930/2105/332 803/1758/332 929/2104/332

f 804/1756/332 803/1758/332 930/2105/332

usemtl Color_006
vt -31.9316 -18.3514
vn -2.41667e-013 0.866025 -0.5
vt -31.205 -18.3514
vt -31.2121 -18.3193
vn -1.89176e-013 0.793353 -0.608761
vt -31.2174 -18.2209
vn -1.28266e-013 0.707107 -0.707107
vt -31.9316 -18.2209
f 930/2106/547 120/2107/547 114/2108/548 115/2109/549 804/2110/549 

vt -31.9316 -23.8778
vn -1.62108e-013 0.965926 -0.258819
vt -31.1868 -23.8778
vt -31.205 -23.7473
vt -31.9316 -23.7473
f 929/2111/550 119/2112/550 120/2113/547 930/2114/547 

vt -31.9316 -27.7815
vn -6.24184e-014 1 4.46521e-015
vt -31.1753 -27.7815
vt -31.1865 -27.659
vn -3.1417e-014 0.991445 -0.130526
vt -31.1868 -27.651
vt -31.9316 -27.651
f 927/2115/551 545/2116/551 118/2117/552 119/2118/550 929/2119/550 

vt 31.9316 29.7964
vn -2.89135e-013 0.965926 0.258819
vt 31.1868 29.7964
vt 31.1865 29.7883
vn -9.23519e-014 0.991445 0.130526
vt 31.1753 29.6658
vt 31.9316 29.6658
f 926/2120/553 542/2121/553 538/2122/554 545/2123/551 927/2124/551 

vt 31.9316 29.7851
vn -4.80516e-013 0.866025 0.5
vt 31.205 29.7851
vt 31.1868 29.6546
vt 31.9316 29.6546
f 924/2125/555 541/2126/555 542/2127/553 926/2128/553 

vt 31.9316 27.7485
vt 31.2174 27.7485
vt 31.2121 27.65
vn -4.71839e-013 0.793353 0.608761
vt 31.205 27.6179
vt 31.9316 27.6179
f 534/2129/320 533/2130/320 536/2131/556 541/2132/555 924/2133/555 

vt -31.9316 -11.5788
vt -31.2174 -11.5788
vt -31.2187 -11.5601
vn -6.51618e-014 0.608761 -0.793353
vt -31.2056 -11.467
v 792.447 189.692 -724.878
vt -31.1987 -11.4482
vn -6.33343e-015 0.5 -0.866025
vt -31.9316 -11.4482
f 804/2134/549 115/2135/549 110/2136/557 111/2137/557 931/2138/558 805/2139/558 

usemtl Color_005
v 791.818 191.041 -724.319
vt 28.5165 -6.35548
vn 0.843435 0.537231 -7.65249e-013
vt 28.1427 -6.35548
vt 28.1459 -6.38235
vn 0.906342 0.422544 -6.01572e-013
vt 28.164 -6.43051
vt 28.5499 -6.43051
vt 28.5385 -6.41409
f 932/2140/559 167/2141/559 122/2142/560 112/2143/60 111/2144/60 931/2145/560 

v 790.593 192.501 -723.715
vt 28.4927 -14.1992
vn 0.67565 0.737222 -1.05197e-012
vt 28.1351 -14.1992
vt 28.1427 -14.2742
vt 28.5165 -14.2742
f 933/2146/561 166/2147/561 167/2148/559 932/2149/559 

vt 28.4842 -21.0727
vn 0.461821 0.886973 -1.26755e-012
vt 28.1295 -21.0727
vt 28.1351 -21.1477
vt 28.4927 -21.1477
vt 28.4886 -21.1303
vn 0.573643 0.819105 -1.1701e-012
f 262/2150/562 165/2151/562 166/2152/561 933/2153/561 261/2154/563 

vt 28.4808 -26.5076
vn 0.216519 0.976278 -1.39459e-012
vt 28.1261 -26.5076
vt 28.1295 -26.5826
vt 28.4842 -26.5826
f 263/2155/564 164/2156/564 165/2157/562 262/2158/562 

vt 28.48 -30.1334
vn -0.0435377 0.999052 -1.42652e-012
vt 28.1252 -30.1334
vt 28.1261 -30.2085
vt 28.4808 -30.2085
f 264/2159/565 163/2160/565 164/2161/564 263/2162/564 

vt -28.4817 31.7032
vn -0.300628 0.953742 -1.36091e-012
vt -28.1269 31.7032
vt -28.1252 31.7782
vt -28.48 31.7782
f 265/2163/566 162/2164/566 163/2165/565 264/2166/565 

vt -28.4859 31.1099
vn -0.537231 0.843435 -1.19921e-012
vt -28.1311 31.1099
vt -28.1269 31.1849
vt -28.4817 31.1849
f 266/2167/567 161/2168/567 162/2169/566 265/2170/566 

v 780.279 192.052 -723.901
vt -28.5 28.3939
vn -0.737222 0.67565 -9.58631e-013
vt -28.1375 28.3939
vt -28.1311 28.469
vt -28.4859 28.469
vt -28.4886 28.437
vn -0.642725 0.766097 -1.08599e-012
f 934/2171/568 160/2172/568 161/2173/567 266/2174/567 267/2175/569 

vt -28.5255 23.7404
vt -28.1455 23.7404
vt -28.1375 23.8155
vt -28.5 23.8155
f 498/2176/280 159/2177/280 160/2178/568 934/2179/568 

usemtl Color_006
vt -30.6652 -4.02151
vn -5.70561e-015 0.5 -0.866025
v 765.674 189.692 -724.878
vt -30.1446 -4.02151
v 765.045 191.041 -724.319
vt -30.1199 -3.96401
vn 4.7226e-014 0.382683 -0.92388
v 763.82 192.501 -723.715
vt -30.0716 -3.9018
vt -30.0574 -3.89098
vt -30.7527 -3.89098
vt -30.7197 -3.92095
vt -30.6766 -3.98747
f 499/2180/570 935/2181/570 936/2182/571 937/2183/571 268/2184/122 267/2185/122 934/2186/571 498/2187/571 

vt -30.1446 -11.4482
vt -30.6652 -11.4482
vt -30.651 -11.4975
vn -5.85396e-014 0.608761 -0.793353
vt -30.6453 -11.5788
vt -30.1633 -11.5788
vt -30.1646 -11.5601
v 765.85 189.314 -725.168
vt -30.1516 -11.467
f 935/2188/570 499/2189/570 496/2190/572 497/2191/291 512/2192/291 513/2193/572 938/2194/572 

usemtl Color_005
vt 28.1946 2.03182
vt 28.6066 2.03182
vt 28.5499 2.10685
vn 0.953742 0.300628 -4.24487e-013
vt 28.164 2.10685
f 502/2195/288 513/2196/288 938/2197/573 501/2198/573 

vt 28.5165 -5.91009
vn 0.843435 0.537231 -7.56115e-013
vt 28.1427 -5.91009
vt 28.1459 -5.93696
vn 0.906342 0.422544 -5.95653e-013
vt 28.164 -5.98512
vt 28.5499 -5.98512
vt 28.5385 -5.9687
f 936/2199/574 156/2200/574 157/2201/575 501/2202/573 938/2203/573 935/2204/575 

vt 28.4927 -13.5217
vn 0.67565 0.737222 -1.04101e-012
vt 28.1351 -13.5217
vt 28.1427 -13.5967
vt 28.5165 -13.5967
f 937/2205/576 155/2206/576 156/2207/574 936/2208/574 

vt 28.4842 -20.2093
vn 0.461821 0.886973 -1.25854e-012
vt 28.1295 -20.2093
vt 28.1351 -20.2843
vt 28.4927 -20.2843
vt 28.4886 -20.2669
vn 0.573643 0.819105 -1.16057e-012
f 269/2209/577 154/2210/577 155/2211/576 937/2212/576 268/2213/578 

vt 28.4808 -25.5171
vn 0.216519 0.976278 -1.38432e-012
vt 28.1261 -25.5171
vt 28.1295 -25.5921
vt 28.4842 -25.5921
f 270/2214/579 153/2215/579 154/2216/577 269/2217/577 

vt 28.48 -29.0834
vn -0.0435377 0.999052 -1.41917e-012
vt 28.1252 -29.0834
vt 28.1261 -29.1584
vt 28.4808 -29.1584
f 271/2218/580 152/2219/580 153/2220/579 270/2221/579 

vt -28.4817 30.6651
vn -0.300628 0.953742 -1.35935e-012
vt -28.1269 30.6651
vt -28.1252 30.7402
vt -28.48 30.7402
f 272/2222/581 151/2223/581 152/2224/580 271/2225/580 

vt -28.4859 30.1545
vt -28.1311 30.1545
vt -28.1269 30.2296
vt -28.4817 30.2296
f 273/2226/126 150/2227/126 151/2228/581 272/2229/581 

usemtl Color_006
vt -31.9316 -4.02151
vt -31.1987 -4.02151
vt -31.1739 -3.96401
vn 5.26033e-014 0.382683 -0.92388
vt -31.1257 -3.9018
vt -31.1114 -3.89098
vt -31.9316 -3.89098
f 805/2230/558 931/2231/558 932/2232/582 933/2233/582 261/2234/121 260/2235/121 

usemtl Color_005
vt 31.9316 -27.8278
vn -4.45128e-013 -0.991445 0.130526
vt 31.9316 -27.6047
vt 27.53 -27.6047
v 699.261 174.331 -735.877
vt 27.53 -27.8278
f 928/2236/583 803/2237/583 802/2238/583 939/2239/583 

vt -28.9715 6.86343
f 802/1750/449 801/1751/449 939/2240/449

v 699.261 175.273 -735.877
vt -28.9715 6.90051
f 939/2240/449 801/1751/449 940/2241/449

usemtl Color_003
vt -32.291 21.4298
vn -0.710138 0.704063 3.51331e-013
vt -32.0811 21.4688
vt -32.2034 21.8991
vt -32.3318 21.8753
f 940/2242/584 801/2243/455 397/2244/455 395/2245/584 

v 699.261 175.981 -741.252
vt -25.3745 26.7264
vn -0.710138 0.680072 0.182225
vt -25.1647 26.6873
vt -25.1239 27.1328
vt -25.2522 27.1567
f 941/2246/585 940/2247/584 395/2248/584 392/2249/585 

usemtl Color_005
v 699.261 175.071 -741.496
vt -29.1928 6.89256
vt -29.1832 6.92838
f 942/2250/449 940/2241/449 941/2251/449

f 939/2240/449 940/2241/449 942/2250/449

vt -31.9316 29.8427
vn -3.84017e-013 -0.991445 -0.130526
vt -31.9316 29.6195
vt -27.53 29.6195
vt -27.53 29.8427
f 925/2252/586 928/2253/586 939/2254/586 942/2255/586 

vt -31.9316 29.8314
vn -3.10648e-013 -0.92388 -0.382683
vt -31.9316 29.6083
vt -27.53 29.6083
v 699.261 177.24 -746.732
vt -27.53 29.8314
f 923/2256/587 925/2257/587 942/2258/587 943/2259/587 

v 699.261 178.056 -746.261
vt -29.3804 7.01006
vt -29.3989 6.97795
f 942/2250/449 944/2260/449 943/2261/449

f 942/2250/449 941/2251/449 944/2260/449

usemtl Color_003
vt -17.6004 28.9643
vn -0.710138 0.609736 0.352031
vt -17.4162 28.8564
vt -17.2268 29.2617
vt -17.3394 29.3276
f 944/2262/588 941/2263/585 392/2264/585 389/2265/588 

v 699.261 181.356 -750.563
vt -10.9253 27.7223
vn -0.710138 0.497847 0.497847
vt -10.7807 27.5653
vt -10.4812 27.8977
vt -10.5697 27.9936
f 945/2266/589 944/2267/588 389/2268/588 386/2269/589 

usemtl Color_005
vt -29.5497 7.14001
f 943/2261/449 944/2260/449 945/2270/449

vt -29.5759 7.11379
f 943/2261/449 945/2270/449 433/2271/449

v 699.261 185.658 -753.863
vt -29.6797 7.30935
f 433/2271/449 945/2270/449 946/2272/449

usemtl Color_003
vt -6.14082 23.8216
vn -0.710138 0.352031 0.609736
vt -6.03902 23.634
vt -5.66729 23.8829
vt -5.72954 23.9976
f 946/2273/590 945/2274/589 386/2275/589 382/2276/590 

v 699.261 190.667 -755.938
vt -3.17819 18.1633
vn -0.710138 0.182225 0.680072
vt -3.1182 17.9584
vt -2.70239 18.1234
vt -2.73908 18.2487
f 947/2277/591 946/2278/590 382/2279/590 352/2280/591 

usemtl Color_005
vt -29.7118 7.29081
vt -29.7613 7.50656
f 432/2281/449 946/2272/449 947/2282/449

f 433/2271/449 946/2272/449 432/2281/449

vt -29.7972 7.49696
f 432/2281/449 947/2282/449 434/2283/449

v 699.261 196.042 -756.646
vt -29.7892 7.71819
f 434/2283/449 947/2282/449 948/2284/449

usemtl Color_003
vt -1.77162 11.4254
vn -0.710138 -1.19471e-012 0.704063
vt -1.75183 11.2129
vt -1.31217 11.2954
vt -1.32427 11.4254
f 948/2285/592 947/2286/591 352/2287/591 381/2288/592 

v 699.261 201.418 -755.938
vt -1.75183 4.15763
vn -0.710138 -0.182225 0.680072
vt -1.77162 3.94509
vt -1.32427 3.94509
vt -1.31217 4.07505
f 949/2289/593 948/2290/592 381/2291/592 852/2292/593 

usemtl Color_005
vt -29.7613 7.92982
v 699.261 201.661 -756.848
vt -29.7972 7.93942
f 949/2293/449 950/2294/449 948/2284/449

v 699.261 206.897 -754.679
vt -29.7118 8.14557
f 949/2293/449 951/2295/449 950/2294/449

v 699.261 206.427 -753.863
vt -29.6797 8.12703
f 952/2296/449 951/2295/449 949/2293/449

vt -29.5759 8.3226
f 952/2296/449 676/2297/449 951/2295/449

v 699.261 210.728 -750.563
vt -29.5497 8.29638
f 953/2298/449 676/2297/449 952/2296/449

vt -29.3989 8.45843
f 953/2298/449 677/2299/449 676/2297/449

v 699.261 214.029 -746.261
vt -29.3804 8.42632
f 954/2300/449 677/2299/449 953/2298/449

v 699.261 217.013 -741.496
vt -29.1928 8.54382
f 954/2300/449 955/2301/449 677/2299/449

v 699.261 216.103 -741.252
vt -29.1832 8.50801
f 956/2302/449 955/2301/449 954/2300/449

v 699.261 217.753 -735.877
vt -28.9715 8.57295
f 956/2302/449 957/2303/449 955/2301/449

v 699.261 216.811 -735.877
vt -28.9715 8.53587
f 958/2304/449 957/2303/449 956/2302/449

v 699.261 216.103 -730.501
vt -28.7599 8.50801
f 959/2305/449 957/2303/449 958/2304/449

f 959/2305/449 918/2071/449 957/2303/449

f 917/2052/449 918/2071/449 959/2305/449

usemtl Color_003
vt -36.5155 -3.74819
vt -36.6997 -3.6403
vn -0.710138 -0.680072 -0.182225
vt -36.889 -4.04559
vt -36.7764 -4.11156
f 917/2306/542 959/2307/594 914/2308/594 915/2309/542 

vt -32.0811 -10.4611
vt -32.291 -10.422
vn -0.710138 -0.704063 -3.68432e-013
vt -32.3318 -10.8675
vt -32.2034 -10.8914
f 959/2310/594 958/2311/595 913/2312/595 914/2313/594 

vt -25.1647 -15.6796
vt -25.3745 -15.7186
vn -0.710138 -0.680072 0.182225
vt -25.2522 -16.1489
vt -25.1239 -16.1251
f 958/2314/595 956/2315/596 912/2316/596 913/2317/595 

vt -17.4162 -17.1693
vt -17.6004 -17.2771
vn -0.710138 -0.609736 0.352031
vt -17.3394 -17.6405
vt -17.2268 -17.5746
f 956/2318/596 954/2319/597 910/2320/597 912/2321/596 

vt -10.7807 -14.7867
vt -10.9253 -14.9437
vn -0.710138 -0.497847 0.497847
vt -10.5697 -15.215
vt -10.4812 -15.119
f 954/2322/597 953/2323/598 907/2324/598 910/2325/597 

vt -6.03902 -9.70098
vt -6.14082 -9.8886
vn -0.710138 -0.352031 0.609736
vt -5.72954 -10.0646
vt -5.66729 -9.94985
f 953/2326/598 952/2327/599 905/2328/599 907/2329/598 

vt -3.1182 -3.09794
vt -3.17819 -3.30279
vt -2.73908 -3.3882
vt -2.70239 -3.26293
f 952/2330/599 949/2331/593 852/2332/593 905/2333/599 

usemtl Color_005
vt 31.9316 29.6195
vn 3.69911e-013 0.991445 0.130526
vt 31.9316 29.8427
vt 27.53 29.8427
vt 27.53 29.6195
f 919/2334/600 920/2335/600 957/2336/600 918/2337/600 

vt -31.9316 -27.6047
vn 4.45134e-013 0.991445 -0.130526
vt -31.9316 -27.8278
vt -27.53 -27.8278
vt -27.53 -27.6047
f 920/2338/601 921/2339/601 955/2340/601 957/2341/601 

vt -31.9316 -23.701
vn 4.10106e-013 0.92388 -0.382683
vt -31.9316 -23.9241
vt -27.53 -23.9241
vt -27.53 -23.701
f 921/2342/602 678/2343/602 677/2344/602 955/2345/602 

v 714.984 206.897 -754.679
vt -28.149 -11.6251
vn 1.76386e-012 0.5 -0.866025
vt -27.53 -11.6251
vt -27.53 -11.4019
vt -28.2896 -11.4019
vt -28.2307 -11.4539
vn 1.90221e-012 0.608761 -0.793353
vt -28.1825 -11.5264
vt -28.1508 -11.6121
f 960/2346/603 951/2347/603 676/2348/367 675/2349/367 770/2350/604 772/2351/604 776/2352/604 

v 715.493 201.661 -756.848
vt -28.169 -4.06781
vn 8.92109e-013 0.258819 -0.965926
vt -27.53 -4.06781
vt -27.53 -3.84468
vt -28.149 -3.84468
v 714.699 205.282 -755.348
vt -28.1378 -3.9135
vn 1.59532e-012 0.382683 -0.92388
v 714.866 203.384 -756.134
vt -28.1443 -3.9944
f 961/2353/605 950/2354/605 951/2355/603 960/2356/603 962/2357/606 963/2358/606 

v 765.333 201.661 -756.848
vt -30.1312 3.98219
vn 1.1404e-013 0.258819 -0.965926
v 779.161 201.661 -756.848
vt -30.6756 3.98219
v 779.186 201.593 -756.857
vt -30.6766 3.97949
vn 1.73631e-013 0.130526 -0.991445
v 780.279 200.032 -757.062
vt -30.7197 3.9175
v 781.739 198.808 -757.224
vt -30.7771 3.86887
v 783.466 198.002 -757.33
vt -30.8451 3.83689
v 785.343 197.672 -757.373
vt -30.919 3.82376
v 787.242 197.838 -757.351
vt -30.9938 3.83036
v 789.032 198.49 -757.265
vt -31.0643 3.85625
v 790.593 199.583 -757.121
vt -31.1257 3.89966
v 791.818 201.043 -756.929
vt -31.1739 3.95763
v 792.106 201.661 -756.848
vt -31.1853 3.98219
vn 1.11946e-013 0.258819 -0.965926
v 811.061 201.661 -756.848
vt -31.9316 3.98219
vt -31.9316 3.75905
vt -27.53 3.75905
vt -27.53 3.98219
vt -28.169 3.98219
vt -28.17 3.97949
vt -28.213 3.9175
vt -28.2705 3.86887
vt -28.3385 3.83689
vt -28.4124 3.82376
vt -28.4871 3.83036
vt -28.5576 3.85625
vt -28.6191 3.89966
vt -28.6673 3.95763
vt -28.6787 3.98219
vn 1.0182e-013 0.258819 -0.965926
vt -28.8887 3.98219
vt -28.8897 3.97949
vt -28.9328 3.9175
vt -28.9902 3.86887
v 738.079 198.002 -757.33
vt -29.0582 3.83689
v 739.956 197.672 -757.373
vt -29.1321 3.82376
v 741.854 197.838 -757.351
vt -29.2069 3.83036
v 743.645 198.49 -757.265
vt -29.2774 3.85625
v 745.206 199.583 -757.121
vt -29.3388 3.89966
v 746.431 201.043 -756.929
vt -29.387 3.95763
v 746.719 201.661 -756.848
vt -29.3984 3.98219
vn 1.16094e-013 0.258819 -0.965926
v 752.388 201.661 -756.848
vt -29.6216 3.98219
v 752.413 201.593 -756.857
vt -29.6225 3.97949
v 753.506 200.032 -757.062
vt -29.6656 3.9175
v 754.966 198.808 -757.224
vt -29.7231 3.86887
v 756.693 198.002 -757.33
vt -29.7911 3.83689
v 758.57 197.672 -757.373
vt -29.865 3.82376
v 760.468 197.838 -757.351
vt -29.9397 3.83036
v 762.259 198.49 -757.265
vt -30.0102 3.85625
v 763.82 199.583 -757.121
vt -30.0716 3.89966
v 765.045 201.043 -756.929
vt -30.1199 3.95763
f 964/2359/607 965/2360/607 966/2361/608 967/2362/608 968/2363/608 969/2364/608 970/2365/608 971/2366/608 972/2367/608 973/2368/608 974/2369/608 975/2370/609 976/2371/609 457/2372/261 456/2373/261 950/2374/605 961/2375/605 903/2376/608 901/2377/608 899/2378/608 898/2379/608 897/2380/608 896/2381/608 895/2382/608 894/2383/608 892/2384/608 893/2385/610 883/2386/610 880/2387/608 878/2388/608 879/2389/608 977/2390/608 978/2391/608 979/2392/608 980/2393/608 981/2394/608 982/2395/608 983/2396/611 984/2397/611 985/2398/608 986/2399/608 987/2400/608 988/2401/608 989/2402/608 990/2403/608 991/2404/608 992/2405/608 993/2406/608 

vt -30.6756 -4.06781
vt -30.1312 -4.06781
v 765.85 202.77 -756.389
vt -30.1516 -4.02056
vn 5.24983e-014 0.382683 -0.92388
v 766.181 204.647 -755.611
vt -30.1646 -3.94059
v 766.014 206.545 -754.825
vt -30.1581 -3.85969
vt -30.153 -3.84468
vt -30.6556 -3.84468
v 778.368 205.282 -755.348
vt -30.6444 -3.9135
v 778.534 203.384 -756.134
vt -30.651 -3.9944
f 965/2407/607 964/2408/607 994/2409/612 995/2410/612 996/2411/612 689/2412/370 688/2413/370 997/2414/612 998/2415/612 

v 765.045 201.043 -747.434
vt 29.4265 19.9007
vn 0.843435 -0.537231 -8.14056e-013
vt 29.8004 19.9007
vt 29.7972 19.9276
vn 0.906342 -0.422544 -6.115e-013
vt 29.7791 19.9758
vn 0.953742 -0.300628 -5.56938e-013
v 765.85 202.77 -746.585
vt 29.3931 19.9758
v 765.674 202.392 -746.875
vt 29.4045 19.9594
f 999/2416/613 993/2417/613 964/2418/614 994/2419/615 1000/2420/615 1001/2421/614 

vt 29.8004 25.4225
vt 29.4265 25.4225
v 763.82 199.583 -748.039
vt 29.4504 25.3475
vn 0.67565 -0.737222 -1.0939e-012
vt 29.8079 25.3475
f 993/2422/613 999/2423/613 1002/2424/616 992/2425/616 

usemtl Color_006
v 778.895 202.392 -746.875
vt 30.6652 -3.89098
vn -3.34581e-016 -0.5 0.866025
vt 30.1446 -3.89098
vt 30.1199 -3.94848
vn -6.92747e-014 -0.382683 0.92388
vt 30.0716 -4.01069
vt 30.0574 -4.02151
vt 30.7527 -4.02151
v 780.279 200.032 -747.853
vt 30.7197 -3.99154
v 779.186 201.593 -747.206
vt 30.6766 -3.92502
f 1003/2426/617 1001/2427/617 999/2428/618 1002/2429/618 859/2430/498 858/2431/498 1004/2432/618 1005/2433/618 

v 778.391 205.022 -744.857
vt 30.6453 -11.4482
vn 1.3843e-013 -0.707107 0.707107
v 766.148 205.022 -744.857
vt 30.1633 -11.4482
v 766.181 204.647 -745.145
vt 30.1646 -11.4669
vn 6.86113e-014 -0.608761 0.793353
vt 30.1516 -11.56
vt 30.1446 -11.5788
vt 30.6652 -11.5788
v 778.534 203.384 -746.114
vt 30.651 -11.5295
f 1006/2434/619 1007/2435/619 1008/2436/620 1000/2437/620 1001/2438/617 1003/2439/617 1009/2440/620 

vt 30.1633 -18.3514
vt 30.6453 -18.3514
v 778.368 205.282 -744.518
vt 30.6444 -18.3346
vn 2.0588e-013 -0.793353 0.608761
v 778.678 207.041 -742.227
vt 30.6566 -18.2209
vn 2.56709e-013 -0.866025 0.5
v 765.834 207.041 -742.227
vt 30.151 -18.2209
v 766.014 206.545 -742.872
vt 30.1581 -18.2529
f 1007/2441/619 1006/2442/619 1010/2443/621 1011/2444/622 1012/2445/622 1013/2446/621 

usemtl Color_005
vt -29.7691 5.30282
vn -0.976278 -0.216519 -2.64633e-013
vt -29.3746 5.30282
vt -29.3251 5.36756
vn -0.996188 -0.0872372 -7.39418e-014
vt -29.3117 5.37784
vn -0.999052 0.0435377 8.86713e-014
vt -29.7381 5.37784
f 998/2447/623 1009/2448/623 1006/2449/624 1010/2450/625 997/2451/625 

vt -29.3746 -2.96147
vt -29.7691 -2.96147
vt -29.7972 -3.03365
vn -0.939665 -0.342097 -4.50797e-013
vt -29.7975 -3.0365
vn -0.886973 -0.461821 -6.24446e-013
vt -29.4176 -3.0365
vt -29.4045 -3.00303
f 1009/2452/623 998/2453/623 965/2454/626 966/2455/627 1005/2456/627 1003/2457/626 

vt -29.8056 -11.1714
vn -0.737222 -0.67565 -9.54687e-013
vt -29.443 -11.1714
vt -29.4176 -11.0964
vt -29.7975 -11.0964
f 967/2458/628 1004/2459/628 1005/2460/627 966/2461/627 

vt -29.443 -18.4726
vt -29.8056 -18.4726
vt -29.812 -18.5476
vn -0.537231 -0.843435 -1.21063e-012
vt -29.4572 -18.5476
vt -29.4545 -18.5157
vn -0.642725 -0.766097 -1.10563e-012
f 1004/2462/628 967/2463/628 968/2464/629 857/2465/629 858/2466/630 

vt -29.8161 -24.6624
vn -0.300628 -0.953742 -1.36437e-012
vt -29.4614 -24.6624
vt -29.4572 -24.5873
vt -29.812 -24.5873
f 969/2467/631 856/2468/631 857/2469/629 968/2470/629 

vt -29.8178 -29.099
vn -0.0435377 -0.999052 -1.42909e-012
vt -29.4631 -29.099
vt -29.4614 -29.0239
vt -29.8161 -29.0239
f 970/2471/632 855/2472/632 856/2473/631 969/2474/631 

vt 29.817 31.5551
vn 0.216519 -0.976278 -1.39748e-012
vt 29.4622 31.5551
vt 29.4631 31.4801
vt 29.8178 31.4801
f 971/2475/633 854/2476/633 855/2477/632 970/2478/632 

vt 29.8136 31.8633
vn 0.461821 -0.886973 -1.27378e-012
vt 29.4588 31.8633
vt 29.4622 31.7883
vt 29.817 31.7883
f 972/2479/634 853/2480/634 854/2481/633 971/2482/633 

vt 29.4588 29.9277
vt 29.8136 29.9277
vt 29.8079 30.0027
vn 0.67565 -0.737222 -1.07097e-012
vt 29.4504 30.0027
vt 29.4545 29.9853
vn 0.573643 -0.819105 -1.17796e-012
f 853/2483/634 972/2484/634 973/2485/635 843/2486/635 841/2487/636 

vt 29.8004 26.1
vn 0.843435 -0.537231 -7.85279e-013
vt 29.4265 26.1
vt 29.4504 26.025
vt 29.8079 26.025
f 974/2488/637 842/2489/637 843/2490/635 973/2491/635 

vt 29.4265 20.3461
vt 29.8004 20.3461
vt 29.7972 20.373
vn 0.906342 -0.422544 -6.11465e-013
v 792.623 202.77 -756.389
vt 29.7791 20.4212
vn 0.953742 -0.300628 -4.8879e-013
vt 29.3931 20.4212
vt 29.4045 20.4047
f 842/2492/637 974/2493/637 975/2494/638 1014/2495/639 840/2496/639 837/2497/638 

v 792.66 206.897 -754.679
vt -31.2071 -3.84468
vn -1.45146e-014 0.5 -0.866025
v 811.061 206.897 -754.679
vt -31.9316 -3.84468
vt -31.9316 -4.06781
vt -31.1853 -4.06781
vt -31.2056 -4.02056
vn 4.83457e-014 0.382683 -0.92388
v 792.954 204.647 -755.611
vt -31.2187 -3.94059
v 792.788 206.545 -754.825
vt -31.2121 -3.85969
f 1015/2498/640 1016/2499/640 976/2500/609 975/2501/609 1014/2502/641 1017/2503/641 1018/2504/641 

vt -31.0629 -11.4019
vt -31.9316 -11.4019
vt -31.9316 -11.6251
vt -31.2071 -11.6251
v 792.136 208.336 -753.575
vt -31.1865 -11.5537
vn -7.71265e-014 0.608761 -0.793353
v 791.043 209.897 -752.377
vt -31.1434 -11.4762
v 789.583 211.122 -751.438
vt -31.0859 -11.4154
f 680/2505/368 679/2506/368 1016/2507/640 1015/2508/640 1019/2509/642 1020/2510/642 1021/2511/642 

vt 29.7118 8.14557
f 679/2091/332 922/2094/332 1016/2512/332

v 811.061 185.187 -754.679
vt 29.7118 7.29081
f 1016/2512/332 922/2094/332 1022/2513/332

vt -31.9316 23.6484
vn 3.03839e-013 -0.707107 -0.707107
vt -31.0629 23.6484
vt -31.0859 23.6619
vn 4.36245e-013 -0.608761 -0.793353
vt -31.1434 23.7227
vt -31.1865 23.8002
vt -31.2071 23.8716
vn 4.07147e-013 -0.5 -0.866025
vt -31.9316 23.8716
f 922/2514/643 549/2515/643 547/2516/644 544/2517/644 539/2518/644 540/2519/645 1022/2520/645 

vt -27.53 27.7948
vt -28.2896 27.7948
vt -28.2922 27.7918
vn 1.66235e-013 -0.793353 -0.608761
vt -28.3627 27.7497
vt -28.4374 27.7389
vt -28.5113 27.7603
vt -28.5563 27.7948
vn 1.14857e-012 -0.707107 -0.707107
vt -29.0093 27.7948
vt -29.0119 27.7918
v 738.693 179.993 -750.32
vt -29.0824 27.7497
v 740.592 179.826 -750.103
vt -29.1571 27.7389
v 742.468 180.157 -750.534
vt -29.231 27.7603
v 743.612 180.69 -751.229
vt -29.276 27.7948
vn 9.07891e-013 -0.707107 -0.707107
v 755.451 180.69 -751.229
vt -29.7422 27.7948
v 755.516 180.645 -751.169
vt -29.7447 27.7918
v 757.307 179.993 -750.32
vt -29.8152 27.7497
v 759.205 179.826 -750.103
vt -29.89 27.7389
v 761.082 180.157 -750.534
vt -29.9639 27.7603
v 762.225 180.69 -751.229
vt -30.0089 27.7948
vn 4.48303e-013 -0.707107 -0.707107
v 782.225 180.69 -751.229
vt -30.7962 27.7948
v 782.29 180.645 -751.169
vt -30.7988 27.7918
v 784.08 179.993 -750.32
vt -30.8693 27.7497
v 785.979 179.826 -750.103
vt -30.944 27.7389
vt -31.0179 27.7603
vt -31.0629 27.7948
vt -31.9316 27.7948
vt -31.9316 27.5716
vt -27.53 27.5716
f 433/2521/254 431/2522/254 429/2523/646 428/2524/646 427/2525/646 425/2526/646 426/2527/647 214/2528/647 215/2529/646 1023/2530/646 1024/2531/646 1025/2532/646 1026/2533/648 1027/2534/648 1028/2535/646 1029/2536/646 1030/2537/646 1031/2538/646 1032/2539/649 1033/2540/649 1034/2541/646 1035/2542/646 1036/2543/646 548/2544/646 549/2545/643 922/2546/643 923/2547/646 943/2548/646 

vt -29.0093 23.6484
vt -28.5563 23.6484
vt -28.5793 23.6619
vn 2.11124e-012 -0.608761 -0.793353
vt -28.6368 23.7227
vt -28.6798 23.8002
vt -28.7004 23.8716
vn 1.25086e-012 -0.5 -0.866025
vt -28.8687 23.8716
vt -28.8705 23.8586
vt -28.9022 23.7729
vt -28.9505 23.7004
f 214/2549/647 426/2550/647 424/2551/650 423/2552/650 421/2553/650 422/2554/651 334/2555/651 222/2556/650 216/2557/650 213/2558/650 

vt -28.6787 18.3292
vt -28.8887 18.3292
vt -28.8641 18.2558
vn 3.69073e-013 -0.382683 -0.92388
vt -28.8575 18.1749
vt -28.8687 18.106
vt -28.7004 18.106
vt -28.7055 18.121
vt -28.712 18.2019
vt -28.699 18.2819
f 418/2559/260 343/2560/260 339/2561/652 333/2562/652 334/2563/651 422/2564/651 420/2565/652 419/2566/652 417/2567/652 

vt -28.3695 -24.8285
vt -29.5736 -24.8285
vt -29.5401 -24.9035
vn -0.216519 -0.976278 1.39173e-012
vt -28.4029 -24.9035
f 204/2568/87 215/2569/87 1023/2570/653 203/2571/653 

vt -28.4029 -28.3533
vt -29.5401 -28.3533
vt -29.5316 -28.4284
vn 0.0435377 -0.999052 1.4232e-012
vt -28.4114 -28.4284
f 203/2572/653 1023/2573/653 1024/2574/654 202/2575/654 

vt 28.4114 29.9434
vt 29.5316 29.9434
vt 29.5486 30.0184
vn 0.300628 -0.953742 1.35705e-012
vt 28.3945 30.0184
f 202/2576/654 1024/2577/654 1025/2578/655 201/2579/655 

v 744.196 180.962 -751.438
vt 29.5842 29.5654
vn 0.537231 -0.843435 1.2004e-012
vt 28.3589 29.5654
vt 28.3671 29.54
vn 0.422544 -0.906342 1.28916e-012
vt 28.3945 29.4903
vt 29.5486 29.4903
vt 29.5759 29.54
f 1037/2580/656 311/2581/656 200/2582/657 201/2583/655 1025/2584/655 1026/2585/657 

vt 28.3589 27.025
vt 29.5842 27.025
v 745.655 182.187 -752.377
vt 29.6212 27.1
vn 0.737222 -0.67565 9.61666e-013
vt 28.3219 27.1
f 311/2586/656 1037/2587/656 1038/2588/658 310/2589/658 

vt -29.7422 23.6484
vt -29.276 23.6484
vt -29.299 23.6619
vn 1.63401e-012 -0.608761 -0.793353
vt -29.3565 23.7227
v 746.749 183.748 -753.575
vt -29.3996 23.8002
v 747.272 185.187 -754.679
vt -29.4202 23.8716
vn 1.00922e-012 -0.5 -0.866025
v 751.879 185.187 -754.679
vt -29.6015 23.8716
vt -29.6034 23.8586
vt -29.6351 23.7729
v 753.955 181.738 -752.033
vt -29.6833 23.7004
f 1027/2590/648 1026/2591/648 1037/2592/659 1038/2593/659 1039/2594/659 1040/2595/660 1041/2596/660 304/2597/659 305/2598/659 1042/2599/659 

vt 28.3219 22.7154
vt 29.6212 22.7154
vt 29.6683 22.7904
vn 0.886973 -0.461821 6.63874e-013
vt 29.093 22.7904
vt 28.9715 22.7709
vn 0.819105 -0.573643 8.1578e-013
vt 28.8501 22.7904
vn 0.886973 -0.461821 6.50629e-013
vt 28.2747 22.7904
f 310/2600/658 1038/2601/658 1039/2602/661 299/2603/661 295/2604/662 296/2605/663 309/2606/663 

vt 29.093 16.8552
vt 29.6683 16.8552
vt 29.7118 16.9155
vn 0.939665 -0.342097 5.0061e-013
v 747.401 185.539 -754.825
vt 29.7175 16.9302
vn 0.976278 -0.216519 3.16504e-013
v 747.401 185.539 -742.872
vt 29.2469 16.9302
vt 29.2215 16.9095
vt 29.1009 16.8563
f 299/2607/661 1039/2608/661 1040/2609/664 1043/2610/665 1044/2611/665 302/2612/664 298/2613/664 

vt -29.3984 18.3292
vt -29.6216 18.3292
v 751.761 188.7 -756.134
vt -29.5969 18.2558
vn 3.67168e-013 -0.382683 -0.92388
v 751.595 186.802 -755.348
vt -29.5903 18.1749
vt -29.6015 18.106
vt -29.4202 18.106
vt -29.4252 18.121
v 747.567 187.437 -755.611
vt -29.4318 18.2019
v 747.236 189.314 -756.389
vt -29.4187 18.2819
f 447/2614/259 446/2615/259 1045/2616/666 1046/2617/666 1041/2618/660 1040/2619/660 1043/2620/666 1047/2621/666 1048/2622/666 

vt -29.7691 17.1059
vn -0.976278 0.216519 -3.18813e-013
v 751.761 188.7 -746.114
vt -29.3746 17.1059
v 752.122 189.692 -746.875
vt -29.4045 17.1475
vn -0.939665 0.342097 -4.9487e-013
v 752.413 190.491 -747.206
vt -29.4176 17.1809
vn -0.886973 0.461821 -6.67218e-013
vt -29.7975 17.1809
vt -29.7972 17.1781
f 1045/2623/667 1049/2624/667 1050/2625/668 1051/2626/669 445/2627/669 446/2628/668 

vt -29.3746 9.98276
vt -29.7691 9.98276
vt -29.7381 9.90774
vn -0.999052 -0.0435377 5.64863e-014
v 751.595 186.802 -744.518
vt -29.3117 9.90774
v 751.617 187.062 -744.857
vt -29.3251 9.91802
vn -0.996188 0.0872372 -1.37302e-013
f 1049/2629/667 1045/2630/667 1046/2631/670 1052/2632/670 1053/2633/671 

vt -29.7039 2.03182
vt -29.2103 2.03182
vt -29.2215 2.03656
vn -0.984822 -0.173568 2.49308e-013
vt -29.3117 2.10685
vt -29.7381 2.10685
vt -29.7118 2.04228
f 304/2634/147 300/2635/147 301/2636/672 1052/2637/670 1046/2638/670 1041/2639/672 

usemtl Color_006
vt 29.4181 27.6179
vt 29.6025 27.6179
vt 29.5903 27.7316
vn -5.17236e-013 0.793353 0.608761
vt 29.5912 27.7485
vn -4.75825e-013 0.707107 0.707107
v 747.534 187.062 -744.857
vt 29.4305 27.7485
vt 29.4252 27.65
f 302/2640/144 301/2641/144 1052/2642/673 1053/2643/674 1054/2644/674 1044/2645/673 

vt 29.6111 23.8253
vn -3.97933e-013 0.5 0.866025
v 747.06 189.692 -746.875
vt 29.4118 23.8253
v 747.236 189.314 -746.585
vt 29.4187 23.8065
vn -4.26273e-013 0.608761 0.793353
v 747.567 187.437 -745.145
vt 29.4318 23.7134
vt 29.4305 23.6947
vt 29.5912 23.6947
vt 29.5969 23.776
f 1050/2646/675 1055/2647/675 1056/2648/676 1057/2649/676 1054/2650/674 1053/2651/674 1049/2652/676 

vt 29.6986 18.2829
vt 29.3245 18.2829
v 745.206 192.501 -748.039
vt 29.3388 18.272
vn -3.62785e-013 0.382683 0.92388
v 746.431 191.041 -747.434
vt 29.387 18.2098
vt 29.4118 18.1523
vt 29.6111 18.1523
vt 29.6225 18.1864
v 753.506 192.052 -747.853
vt 29.6656 18.2529
f 365/2653/196 364/2654/196 1058/2655/677 1059/2656/677 1055/2657/675 1050/2658/675 1051/2659/677 1060/2660/677 

usemtl Color_005
vt 29.8136 -19.609
vn 0.461821 0.886973 -1.27188e-012
vt 29.4588 -19.609
vt 29.4545 -19.6666
vn 0.573643 0.819105 -1.1806e-012
vt 29.4504 -19.6841
vn 0.67565 0.737222 -1.06145e-012
vt 29.8079 -19.6841
f 450/2661/678 363/2662/678 364/2663/679 1058/2664/680 449/2665/680 

vt 29.4588 -24.9035
vt 29.8136 -24.9035
vt 29.817 -24.8285
vn 0.216519 0.976278 -1.39032e-012
vt 29.4622 -24.8285
f 363/2666/678 450/2667/678 451/2668/681 362/2669/681 

vt 29.4622 -28.4284
vt 29.817 -28.4284
vt 29.8178 -28.3533
vn -0.0435377 0.999052 -1.41733e-012
vt 29.4631 -28.3533
f 362/2670/681 451/2671/681 452/2672/682 361/2673/682 

vt -29.4631 30.0184
vt -29.8178 30.0184
vt -29.8161 29.9434
vn -0.300628 0.953742 -1.35448e-012
vt -29.4614 29.9434
f 361/2674/682 452/2675/682 453/2676/683 360/2677/683 

vt -29.4614 29.5654
vt -29.8161 29.5654
vt -29.812 29.4903
vn -0.537231 0.843435 -1.19922e-012
vt -29.4572 29.4903
f 360/2678/683 453/2679/683 454/2680/684 359/2681/684 

vt -29.8056 27.025
vn -0.737222 0.67565 -9.61956e-013
vt -29.443 27.025
vt -29.4545 27.0681
vn -0.642725 0.766097 -1.08709e-012
vt -29.4572 27.1
vt -29.812 27.1
f 455/2682/685 351/2683/685 347/2684/686 359/2685/684 454/2686/684 

vt -29.443 22.7904
vt -29.8056 22.7904
vt -29.7975 22.7154
vt -29.4176 22.7154
f 351/2687/685 455/2688/685 342/2689/189 341/2690/189 

vt 29.4265 -13.1257
vn 0.843435 0.537231 -7.72246e-013
vt 29.8004 -13.1257
vt 29.8079 -13.0507
vt 29.4504 -13.0507
f 1059/2691/687 448/2692/687 449/2693/680 1058/2694/680 

vt 29.8004 -5.60044
vt 29.4265 -5.60044
vt 29.4045 -5.65905
vn 0.906342 0.422544 -6.07142e-013
vt 29.3931 -5.67547
vn 0.953742 0.300628 -4.33195e-013
vt 29.7791 -5.67547
vt 29.7972 -5.6273
f 448/2695/687 1059/2696/687 1055/2697/688 1056/2698/689 1048/2699/689 447/2700/688 

vt 29.3364 2.15902
vn 0.999052 0.0435377 -6.29653e-014
vt 29.7485 2.15902
vt 29.7791 2.23404
vt 29.3931 2.23404
f 1057/2701/690 1047/2702/690 1048/2703/689 1056/2704/689 

vt 29.7485 9.91883
vt 29.3364 9.91883
vt 29.3251 9.90399
vn 0.996188 -0.0872372 1.26984e-013
vt 29.2469 9.84381
vt 29.7175 9.84381
f 1047/2705/690 1057/2706/690 1054/2707/691 1044/2708/665 1043/2709/665 

vt -29.443 23.2108
vn -0.737222 0.67565 -9.69006e-013
vt -29.8056 23.2108
vt -29.7975 23.1358
vt -29.4176 23.1358
f 1060/2710/692 444/2711/692 445/2712/669 1051/2713/669 

vt -29.8056 27.5864
vt -29.443 27.5864
vt -29.4545 27.6295
vn -0.642725 0.766097 -1.09328e-012
vt -29.4572 27.6614
vn -0.537231 0.843435 -1.20203e-012
vt -29.812 27.6614
f 444/2714/692 1060/2715/692 365/2716/693 366/2717/694 443/2718/694 

vt -29.4614 30.2296
vn -0.300628 0.953742 -1.35399e-012
vt -29.8161 30.2296
vt -29.812 30.1545
vt -29.4572 30.1545
f 367/2719/695 442/2720/695 443/2721/694 366/2722/694 

vt -29.4631 30.7402
vn -0.0435377 0.999052 -1.4169e-012
vt -29.8178 30.7402
vt -29.8161 30.6651
vt -29.4614 30.6651
f 368/2723/696 441/2724/696 442/2725/695 367/2726/695 

vt 29.4622 -29.1584
vn 0.216519 0.976278 -1.38985e-012
vt 29.817 -29.1584
vt 29.8178 -29.0834
vt 29.4631 -29.0834
f 369/2727/697 440/2728/697 441/2729/696 368/2730/696 

vt 29.4588 -25.5921
vn 0.461821 0.886973 -1.26788e-012
vt 29.8136 -25.5921
vt 29.817 -25.5171
vt 29.4622 -25.5171
f 370/2731/698 439/2732/698 440/2733/697 369/2734/697 

vt 29.8136 -20.2093
vt 29.4588 -20.2093
vt 29.4545 -20.2669
vn 0.573643 0.819105 -1.17309e-012
vt 29.4504 -20.2843
vn 0.67565 0.737222 -1.05463e-012
vt 29.8079 -20.2843
f 439/2735/698 370/2736/698 371/2737/699 524/2738/700 438/2739/700 

vt 29.4265 -13.5967
vn 0.843435 0.537231 -7.65004e-013
vt 29.8004 -13.5967
vt 29.8079 -13.5217
vt 29.4504 -13.5217
f 525/2740/701 437/2741/701 438/2742/700 524/2743/700 

vt 29.8004 -5.91009
vt 29.4265 -5.91009
vt 29.4045 -5.9687
vn 0.906342 0.422544 -5.98796e-013
vt 29.3931 -5.98512
vn 0.953742 0.300628 -4.25808e-013
vt 29.7791 -5.98512
vt 29.7972 -5.93696
f 437/2744/701 525/2745/701 520/2746/702 521/2747/703 475/2748/703 436/2749/702 

vt 29.3364 2.03182
vn 0.999052 0.0435377 -5.56345e-014
vt 29.7485 2.03182
vt 29.7791 2.10685
vt 29.3931 2.10685
f 522/2750/704 474/2751/704 475/2752/703 521/2753/703 

vt 29.2469 9.90774
vn 0.976278 -0.216519 3.18724e-013
vt 29.7175 9.90774
vt 29.7485 9.98276
vt 29.3364 9.98276
vt 29.3251 9.96792
vn 0.996188 -0.0872372 1.35216e-013
f 519/2754/705 473/2755/705 474/2756/704 522/2757/704 518/2758/706 

vt 29.093 17.1059
vn 0.886973 -0.461821 6.63627e-013
v 765.363 183.748 -753.575
vt 29.6683 17.1059
vt 29.7118 17.1662
vn 0.939665 -0.342097 4.96778e-013
vt 29.7175 17.1809
vt 29.2469 17.1809
vt 29.2215 17.1602
vt 29.1009 17.107
f 516/2759/707 1061/2760/707 472/2761/708 473/2762/705 519/2763/705 517/2764/708 515/2765/708 

vt 28.3219 23.1358
vn 0.737222 -0.67565 9.61981e-013
v 764.269 182.187 -752.377
vt 29.6212 23.1358
vt 29.6683 23.2108
vt 29.093 23.2108
vt 28.9715 23.1913
vn 0.819105 -0.573643 8.1912e-013
vt 28.8501 23.2108
vt 28.2747 23.2108
f 505/2766/709 1062/2767/709 1061/2768/707 516/2769/707 514/2770/710 509/2771/286 504/2772/286 

vt 28.3589 27.5864
vn 0.537231 -0.843435 1.1988e-012
v 762.809 180.962 -751.438
vt 29.5842 27.5864
vt 29.6212 27.6614
vt 28.3219 27.6614
f 506/2773/711 1063/2774/711 1062/2775/709 505/2776/709 

vt 29.5842 30.2296
vt 28.3589 30.2296
vt 28.3671 30.2042
vn 0.422544 -0.906342 1.28871e-012
vt 28.3945 30.1545
vn 0.300628 -0.953742 1.35749e-012
vt 29.5486 30.1545
vt 29.5759 30.2042
f 1063/2777/711 506/2778/711 194/2779/712 195/2780/713 1031/2781/713 1032/2782/712 

vt 28.4114 30.6651
vn 0.0435377 -0.999052 1.42258e-012
vt 29.5316 30.6651
vt 29.5486 30.7402
vt 28.3945 30.7402
f 196/2783/714 1030/2784/714 1031/2785/713 195/2786/713 

vt -28.4029 -29.0834
vn -0.216519 -0.976278 1.38924e-012
vt -29.5401 -29.0834
vt -29.5316 -29.1584
vt -28.4114 -29.1584
f 197/2787/715 1029/2788/715 1030/2789/714 196/2790/714 

vt -28.3695 -25.5171
vn -0.461821 -0.886973 1.061e-012
vt -29.5736 -25.5171
vt -29.5401 -25.5921
vt -28.4029 -25.5921
f 198/2791/716 1028/2792/716 1029/2793/715 197/2794/715 

vt -28.3355 -20.2093
vn -0.67565 -0.737222 8.47381e-013
vt -29.6076 -20.2093
vt -29.5759 -20.2812
vn -0.573643 -0.819105 7.66923e-013
vt -29.5736 -20.2843
vt -28.3695 -20.2843
vt -28.3671 -20.2812
f 312/2795/717 1042/2796/717 1027/2797/718 1028/2798/716 198/2799/716 199/2800/718 

vt -28.2914 -13.5217
vt -29.6517 -13.5217
vt -29.6076 -13.5967
vt -28.3355 -13.5967
f 306/2801/148 305/2802/148 1042/2803/717 312/2804/717 

vt -30.7962 23.6484
vt -30.0089 23.6484
vt -30.0319 23.6619
vn 7.227e-013 -0.608761 -0.793353
vt -30.0893 23.7227
vt -30.1324 23.8002
vt -30.153 23.8716
vt -30.6556 23.8716
vt -30.6574 23.8586
vt -30.6891 23.7729
v 780.729 181.738 -752.033
vt -30.7374 23.7004
f 1033/2805/649 1032/2806/649 1063/2807/719 1062/2808/719 1061/2809/719 472/2810/264 471/2811/264 481/2812/719 489/2813/719 1064/2814/719 

vt -28.2914 -14.1992
vt -29.6517 -14.1992
vt -29.6076 -14.2742
vn -0.67565 -0.737222 9.49122e-013
vt -28.3355 -14.2742
f 490/2815/274 489/2816/274 1064/2817/720 507/2818/720 

vt -28.3355 -21.0727
vt -29.6076 -21.0727
vt -29.5759 -21.1446
vn -0.573643 -0.819105 9.62501e-013
vt -29.5736 -21.1477
vn -0.461821 -0.886973 1.16121e-012
vt -28.3695 -21.1477
vt -28.3671 -21.1446
f 507/2819/720 1064/2820/720 1033/2821/721 1034/2822/722 192/2823/722 193/2824/721 

vt -28.3695 -26.5076
vt -29.5736 -26.5076
vt -29.5401 -26.5826
vn -0.216519 -0.976278 1.39143e-012
vt -28.4029 -26.5826
f 192/2825/722 1034/2826/722 1035/2827/723 191/2828/723 

vt -28.4029 -30.1334
vt -29.5401 -30.1334
vt -29.5316 -30.2085
vn 0.0435377 -0.999052 1.42294e-012
vt -28.4114 -30.2085
f 191/2829/723 1035/2830/723 1036/2831/724 190/2832/724 

vt 28.4114 31.7032
vt 29.5316 31.7032
vt 29.5486 31.7782
vt 28.3945 31.7782
f 190/2833/724 1036/2834/724 548/2835/330 189/2836/330 

vt 28.6961 16.9302
vn 0.976278 -0.216519 3.03763e-013
vt 28.2255 16.9302
vt 28.2313 16.9155
vn 0.939665 -0.342097 4.74346e-013
vt 28.2747 16.8552
vt 28.8501 16.8552
vt 28.8421 16.8563
vt 28.7215 16.9095
f 290/2837/725 315/2838/725 308/2839/726 309/2840/663 296/2841/663 292/2842/726 289/2843/726 

vt 28.6066 9.91883
vn 0.999052 0.0435377 -5.70834e-014
vt 28.1946 9.91883
vt 28.2255 9.84381
vt 28.6961 9.84381
vt 28.618 9.90399
vn 0.996188 -0.0872372 1.27983e-013
f 286/2844/727 314/2845/727 315/2846/725 290/2847/725 285/2848/728 

vt 28.1946 2.15902
vt 28.6066 2.15902
vt 28.5499 2.23404
vt 28.164 2.23404
f 314/2849/727 286/2850/727 287/2851/155 313/2852/155 

vt -31.9316 18.106
vt -31.2071 18.106
vt -31.2121 18.121
vn 3.71084e-013 -0.382683 -0.92388
vt -31.2187 18.2019
vt -31.2056 18.2819
vt -31.1853 18.3292
vt -31.9316 18.3292
f 1022/2853/645 540/2854/645 537/2855/729 535/2856/729 531/2857/729 459/2858/262 458/2859/262 

vt 29.7972 7.49696
f 1016/2512/332 1022/2513/332 458/2860/332

vt 29.7972 7.93942
f 1016/2512/332 458/2860/332 976/2861/332

vt 29.8263 7.71819
f 976/2861/332 458/2860/332 457/2862/332

vt 29.6683 -2.96147
vn 0.886973 0.461821 6.46276e-013
vt 29.093 -2.96147
vt 29.1009 -2.96259
vn 0.939665 0.342097 4.90406e-013
vt 29.2215 -3.01574
vt 29.2469 -3.0365
vn 0.976278 0.216519 2.6446e-013
vt 29.7175 -3.0365
vt 29.7118 -3.02174
f 1019/2863/730 831/2864/730 829/2865/731 832/2866/731 836/2867/732 1018/2868/732 1015/2869/731 

vt 29.6212 -11.0964
vn 0.737222 0.67565 9.41356e-013
vt 28.3219 -11.0964
vt 28.2747 -11.1714
vt 28.8501 -11.1714
vt 28.9715 -11.1519
vn 0.819105 0.573643 7.91087e-013
vt 29.093 -11.1714
vt 29.6683 -11.1714
f 1020/2870/733 808/2871/733 809/2872/462 816/2873/462 827/2874/734 831/2875/730 1019/2876/730 

vt 29.5842 -18.4726
vn 0.537231 0.843435 1.18435e-012
vt 28.3589 -18.4726
vt 28.3219 -18.5476
vt 29.6212 -18.5476
f 1021/2877/735 807/2878/735 808/2879/733 1020/2880/733 

vt 28.3589 -24.6624
vt 29.5842 -24.6624
vt 29.5759 -24.637
vn 0.422544 0.906342 1.27292e-012
vt 29.5486 -24.5873
vn 0.300628 0.953742 1.34944e-012
vt 28.3945 -24.5873
vt 28.3671 -24.637
f 807/2881/735 1021/2882/735 680/2883/736 681/2884/737 640/2885/737 641/2886/736 

vt 29.5316 -29.0239
vn 0.0435377 0.999052 1.43619e-012
vt 28.4114 -29.0239
vt 28.3945 -29.099
vt 29.5486 -29.099
f 682/2887/738 639/2888/738 640/2889/737 681/2890/737 

vt -29.5401 31.4801
vn -0.216519 0.976278 1.40431e-012
vt -28.4029 31.4801
vt -28.4114 31.5551
vt -29.5316 31.5551
f 683/2891/739 638/2892/739 639/2893/738 682/2894/738 

vt -29.5736 31.7883
vt -28.3695 31.7883
vt -28.4029 31.8633
vt -29.5401 31.8633
f 684/2895/373 637/2896/373 638/2897/739 683/2898/739 

vt 29.7175 5.37784
vt 29.2469 5.37784
vt 29.3251 5.31766
vn 0.996188 0.0872372 3.39882e-014
vt 29.3364 5.30282
vn 0.999052 -0.0435377 -1.63278e-013
vt 29.7485 5.30282
f 1018/2899/732 836/2900/732 834/2901/740 839/2902/741 1017/2903/741 

vt 29.7485 13.3532
vt 29.3364 13.3532
vt 29.3931 13.2782
vt 29.7791 13.2782
f 1017/2904/741 839/2905/741 840/2906/639 1014/2907/639 

vt -29.2103 13.3532
vt -29.7039 13.3532
vt -29.7118 13.3428
vn -0.984822 0.173568 2.49767e-013
vt -29.7381 13.2782
vt -29.3117 13.2782
vt -29.2215 13.3485
f 697/2908/376 687/2909/376 688/2910/742 997/2911/625 1010/2912/625 1011/2913/742 

usemtl Color_006
vt 30.6785 -23.7473
vn 3.45806e-013 -0.965926 0.258819
v 765.372 208.309 -739.164
vt 30.1328 -23.7473
vt 30.151 -23.8778
vt 30.6566 -23.8778
vt 30.6574 -23.8656
vn 3.03145e-013 -0.92388 0.382683
f 698/2914/743 1065/2915/743 1012/2916/622 1011/2917/622 697/2918/744 

vt 30.1328 -27.7815
vt 30.6785 -27.7815
vt 30.6865 -27.651
vn 4.14736e-013 -1 5.96295e-015
v 765.078 208.742 -735.877
vt 30.1212 -27.651
v 765.363 208.336 -738.962
vt 30.1324 -27.7735
vn 3.82549e-013 -0.991445 0.130526
f 1065/2919/743 698/2920/743 699/2921/745 1066/2922/745 1067/2923/746 

vt -30.1212 29.7964
vt -30.6865 29.7964
vt -30.6785 29.6658
vn 4.62527e-013 -0.965926 -0.258819
v 765.372 208.309 -732.59
vt -30.1328 29.6658
v 765.363 208.336 -732.792
vt -30.1324 29.6739
vn 4.39826e-013 -0.991445 -0.130526
f 1066/2924/745 699/2925/745 700/2926/747 1068/2927/747 1069/2928/748 

vt -30.6566 29.6546
vn 4.84369e-013 -0.866025 -0.5
v 765.834 207.041 -729.527
vt -30.151 29.6546
vt -30.1328 29.7851
vt -30.6785 29.7851
vt -30.6574 29.6668
vn 4.77314e-013 -0.92388 -0.382683
f 704/2929/749 1070/2930/749 1068/2931/747 700/2932/747 695/2933/750 

vt -30.151 27.7485
vt -30.6566 27.7485
vt -30.6444 27.6348
vn 4.83137e-013 -0.793353 -0.608761
vt -30.6453 27.6179
vt -30.1633 27.6179
v 766.014 206.545 -728.881
vt -30.1581 27.7164
f 1070/2934/749 704/2935/749 701/2936/751 707/2937/386 713/2938/386 1071/2939/751 

usemtl Color_005
vt 28.6961 5.4698
vn 0.976278 0.216519 1.83111e-013
v 766.014 206.545 -716.929
vt 28.2255 5.4698
v 766.181 204.647 -716.142
vt 28.1946 5.39477
vn 0.999052 -0.0435377 -1.32635e-013
vt 28.6066 5.39477
vt 28.618 5.40961
vn 0.996188 0.0872372 -1.62477e-014
f 1071/2940/752 1072/2941/752 1073/2942/753 712/2943/753 713/2944/754 

vt 28.2255 -2.6759
vt 28.6961 -2.6759
vt 28.7215 -2.65515
vn 0.939665 0.342097 3.79336e-013
vt 28.8421 -2.60199
vt 28.8501 -2.60088
vn 0.886973 0.461821 5.55545e-013
v 765.363 208.336 -718.178
vt 28.2747 -2.60088
v 765.886 206.897 -717.075
vt 28.2313 -2.66114
f 1072/2945/752 1071/2946/752 1070/2947/755 1068/2948/755 1069/2949/756 1074/2950/756 1075/2951/755 

vt 29.6212 -10.4918
vn 0.737222 0.67565 9.14671e-013
v 764.269 209.897 -719.376
vt 28.3219 -10.4918
vt 28.2747 -10.5668
vt 28.8501 -10.5668
vt 28.9715 -10.5473
vn 0.819105 0.573643 7.22249e-013
vt 29.093 -10.5668
vn 0.886973 0.461821 6.15262e-013
vt 29.6683 -10.5668
f 691/2952/757 1076/2953/757 1074/2954/756 1069/2955/756 1066/2956/758 1067/2957/759 690/2958/759 

vt 29.5842 -17.6651
vn 0.537231 0.843435 1.16657e-012
v 762.809 211.122 -720.316
vt 28.3589 -17.6651
vt 28.3219 -17.7401
vt 29.6212 -17.7401
f 692/2959/760 1077/2960/760 1076/2961/757 691/2962/757 

vt 28.3589 -23.707
vt 29.5842 -23.707
vt 29.5759 -23.6817
vn 0.422544 0.906342 1.22174e-012
vt 29.5486 -23.632
vn 0.300628 0.953742 1.33841e-012
vt 28.3945 -23.632
vt 28.3671 -23.6817
f 1077/2963/760 692/2964/760 661/2965/761 662/2966/762 634/2967/762 635/2968/761 

vt 29.5316 -27.9859
vn 0.0435377 0.999052 1.43815e-012
vt 28.4114 -27.9859
vt 28.3945 -28.0609
vt 29.5486 -28.0609
f 663/2969/763 633/2970/763 634/2971/762 662/2972/762 

vt -29.5401 30.43
vn -0.216519 0.976278 1.40483e-012
vt -28.4029 30.43
vt -28.4114 30.505
vt -29.5316 30.505
f 664/2973/764 632/2974/764 633/2975/763 663/2976/763 

vt -29.5736 30.7978
vn -0.461821 0.886973 1.33005e-012
vt -28.3695 30.7978
vt -28.4029 30.8729
vt -29.5401 30.8729
f 665/2977/765 631/2978/765 632/2979/764 664/2980/764 

v 753.955 210.346 -752.033
vt -29.6076 29.0643
vn -0.67565 0.737222 1.10146e-012
v 753.955 210.346 -719.721
vt -28.3355 29.0643
vt -28.3671 29.1362
vn -0.573643 0.819105 1.27122e-012
vt -28.3695 29.1393
vt -29.5736 29.1393
vt -29.5759 29.1362
f 1078/2981/766 1079/2982/766 630/2983/767 631/2984/765 665/2985/765 666/2986/767 

v 752.731 208.886 -753.153
vt -29.6517 25.3475
vn -0.843435 0.537231 7.66e-013
v 752.731 208.886 -718.601
vt -28.2914 25.3475
vt -28.3355 25.4225
vt -29.6076 25.4225
f 1080/2987/768 1081/2988/768 1079/2989/766 1078/2990/766 

v 751.925 207.159 -729.813
vt -28.7328 19.9007
vn -0.953742 0.300628 5.94944e-013
v 751.925 207.159 -717.275
vt -28.2392 19.9007
vt -28.2914 19.9758
vt -29.6517 19.9758
v 751.925 207.159 -754.478
vt -29.7039 19.9007
vn -0.953742 0.300628 4.27878e-013
v 751.925 207.159 -741.94
vt -29.2103 19.9007
v 752.462 208.309 -739.164
vt -29.1009 19.9507
vn -0.906342 0.422544 6.06035e-013
v 752.663 208.742 -735.877
vt -28.9715 19.9695
v 752.462 208.309 -732.59
vt -28.8421 19.9507
f 1082/2991/769 1083/2992/769 1081/2993/768 1080/2994/768 1084/2995/770 1085/2996/770 1086/2997/771 1087/2998/771 1088/2999/771 

v 751.595 205.282 -727.236
vt -28.6313 13.0952
vn -0.999052 0.0435377 3.42273e-013
v 751.595 205.282 -716.406
vt -28.2049 13.0952
v 751.879 206.897 -717.075
vt -28.2313 13.1598
vn -0.984822 0.173568 5.73673e-013
vt -28.2392 13.1703
vt -28.7328 13.1703
v 751.904 207.041 -729.527
vt -28.7215 13.1655
f 1089/3000/772 1090/3001/772 1091/3002/773 1083/3003/769 1082/3004/769 1092/3005/773 

v 751.761 203.384 -725.639
vt -28.5685 5.39477
vn -0.976278 -0.216519 -1.8888e-013
v 751.761 203.384 -715.619
vt -28.174 5.39477
vt -28.2049 5.4698
vt -28.6313 5.4698
v 751.617 205.022 -726.897
vt -28.618 5.45952
vn -0.996188 -0.0872372 1.05016e-013
f 1093/3006/774 1094/3007/774 1090/3008/772 1089/3009/772 1095/3010/775 

vt -28.174 -2.60088
vt -28.5685 -2.60088
vt -28.5385 -2.64244
vn -0.939665 -0.342097 -4.79544e-013
vt -28.5255 -2.6759
vn -0.886973 -0.461821 -6.56015e-013
vt -28.1455 -2.6759
vt -28.1459 -2.67306
f 1094/3011/774 1093/3012/774 749/3013/776 750/3014/777 585/3015/777 586/3016/776 

usemtl Color_006
v 747.534 205.022 -726.897
vt -29.4305 23.8253
vn 4.57326e-013 -0.707107 -0.707107
vt -29.5912 23.8253
vt -29.5969 23.744
vn 4.12993e-013 -0.608761 -0.793353
vt -29.6111 23.6947
vt -29.4118 23.6947
v 747.236 202.77 -725.168
vt -29.4187 23.7135
v 747.567 204.647 -726.608
vt -29.4318 23.8066
f 1096/3017/778 1095/3018/778 1093/3019/779 749/3020/395 748/3021/395 1097/3022/779 1098/3023/779 

v 747.22 207.041 -729.527
vt -29.4181 27.7485
vn 4.97473e-013 -0.866025 -0.5
vt -29.6025 27.7485
vt -29.5903 27.6348
vn 4.93835e-013 -0.793353 -0.608761
vt -29.5912 27.6179
vt -29.4305 27.6179
v 747.401 206.545 -728.881
vt -29.4252 27.7164
f 1099/3024/780 1092/3025/780 1089/3026/781 1095/3027/778 1096/3028/778 1100/3029/781 

v 746.758 208.309 -732.59
vt -29.3999 29.7851
vn 4.72305e-013 -0.965926 -0.258819
vt -29.6245 29.7851
vt -29.6034 29.6668
vn 4.926e-013 -0.92388 -0.382683
vt -29.6025 29.6546
vt -29.4181 29.6546
f 1101/3030/782 1088/3031/782 1082/3032/783 1092/3033/780 1099/3034/780 

v 746.464 208.742 -735.877
vt -29.3884 29.7964
vn 4.12285e-013 -1 1.1604e-014
vt -29.6324 29.7964
vt -29.6245 29.6658
vt -29.3999 29.6658
v 746.749 208.336 -732.792
vt -29.3996 29.6739
vn 4.43929e-013 -0.991445 -0.130526
f 1102/3035/784 1087/3036/784 1088/3037/782 1101/3038/782 1103/3039/785 

v 746.758 208.309 -739.164
vt 29.3999 -27.7815
vn 3.36362e-013 -0.965926 0.258819
vt 29.6245 -27.7815
vt 29.6324 -27.651
vt 29.3884 -27.651
v 746.749 208.336 -738.962
vt 29.3996 -27.7735
vn 3.73586e-013 -0.991445 0.130526
f 1104/3040/786 1086/3041/786 1087/3042/784 1102/3043/784 1105/3044/787 

vt 29.6245 -23.7473
vt 29.3999 -23.7473
v 747.22 207.041 -742.227
vt 29.4181 -23.8778
vn 2.46284e-013 -0.866025 0.5
v 751.904 207.041 -742.227
vt 29.6025 -23.8778
vt 29.6034 -23.8656
vn 2.93384e-013 -0.92388 0.382683
f 1086/3045/786 1104/3046/786 1106/3047/788 1107/3048/788 1085/3049/789 

usemtl Color_005
v 746.749 208.336 -753.575
vt 29.6683 -2.35018
vn 0.886973 0.461821 6.38219e-013
vt 29.093 -2.35018
vt 29.1009 -2.35129
vn 0.939665 0.342097 4.90285e-013
vt 29.2215 -2.40445
v 747.401 206.545 -742.872
vt 29.2469 -2.4252
vn 0.976278 0.216519 1.37387e-013
v 747.401 206.545 -754.825
vt 29.7175 -2.4252
v 747.272 206.897 -754.679
vt 29.7118 -2.41045
f 1108/3050/790 1105/3051/790 1104/3052/791 1106/3053/791 1109/3054/792 1110/3055/792 1111/3056/791 

v 745.655 209.897 -752.377
vt 29.6212 -10.0714
vn 0.737222 0.67565 8.74928e-013
v 745.655 209.897 -719.376
vt 28.3219 -10.0714
v 746.749 208.336 -718.178
vt 28.2747 -10.1464
vn 0.886973 0.461821 5.35655e-013
vt 28.8501 -10.1464
vt 28.9715 -10.1269
vn 0.819105 0.573643 7.75233e-013
vt 29.093 -10.1464
vt 29.6683 -10.1464
f 1112/3057/793 1113/3058/793 1114/3059/794 1103/3060/794 1102/3061/795 1105/3062/790 1108/3063/790 

v 744.196 211.122 -751.438
vt 29.5842 -17.1037
vn 0.537231 0.843435 1.11143e-012
v 744.196 211.122 -720.316
vt 28.3589 -17.1037
vt 28.3219 -17.1787
vt 29.6212 -17.1787
f 1115/3064/796 1116/3065/796 1113/3066/793 1112/3067/793 

vt 28.3589 -23.0428
vt 29.5842 -23.0428
vt 29.5759 -23.0175
vn 0.422544 0.906342 1.24418e-012
vt 29.5486 -22.9678
vn 0.300628 0.953742 1.33514e-012
vt 28.3945 -22.9678
vt 28.3671 -23.0175
f 1116/3068/796 1115/3069/796 667/3070/797 668/3071/798 628/3072/798 629/3073/797 

vt -29.276 -11.4019
vt -29.7422 -11.4019
vt -29.6833 -11.4539
vn -1.26246e-012 0.608761 -0.793353
vt -29.6351 -11.5264
vt -29.6034 -11.6121
v 751.879 206.897 -754.679
vt -29.6015 -11.6251
vn -6.08146e-013 0.5 -0.866025
vt -29.4202 -11.6251
vt -29.3996 -11.5537
vt -29.3565 -11.4762
vt -29.299 -11.4154
f 667/3074/366 666/3075/366 1078/3076/799 1080/3077/799 1084/3078/799 1117/3079/800 1111/3080/800 1108/3081/799 1112/3082/799 1115/3083/799 

vt -29.2103 13.1703
vt -29.7039 13.1703
vt -29.7118 13.1598
vn -0.984822 0.173568 2.42399e-013
v 751.595 205.282 -755.348
vt -29.7381 13.0952
vn -0.999052 0.0435377 1.91235e-013
v 751.595 205.282 -744.518
vt -29.3117 13.0952
vt -29.2215 13.1655
f 1085/3084/770 1084/3085/770 1117/3086/801 1118/3087/802 1119/3088/802 1107/3089/801 

vt -29.6216 -4.06781
vt -29.3984 -4.06781
v 747.236 202.77 -756.389
vt -29.4187 -4.02056
vn 5.65696e-014 0.382683 -0.92388
v 747.567 204.647 -755.611
vt -29.4318 -3.94059
vt -29.4252 -3.85969
vt -29.4202 -3.84468
vt -29.6015 -3.84468
vt -29.5903 -3.9135
v 751.761 203.384 -756.134
vt -29.5969 -3.9944
f 984/3090/611 983/3091/611 1120/3092/803 1121/3093/803 1110/3094/803 1111/3095/800 1117/3096/800 1118/3097/803 1122/3098/803 

v 746.431 201.043 -747.434
vt 29.4265 19.5911
vn 0.843435 -0.537231 -7.72235e-013
vt 29.8004 19.5911
vt 29.7972 19.618
vn 0.906342 -0.422544 -6.04814e-013
vt 29.7791 19.6661
vn 0.953742 -0.300628 -6.07122e-013
v 747.236 202.77 -746.585
vt 29.3931 19.6661
v 747.06 202.392 -746.875
vt 29.4045 19.6497
f 1123/3099/804 982/3100/804 983/3101/805 1120/3102/806 1124/3103/806 1125/3104/805 

vt 29.8004 24.9515
vt 29.4265 24.9515
v 745.206 199.583 -748.039
vt 29.4504 24.8765
vn 0.67565 -0.737222 -1.08807e-012
vt 29.8079 24.8765
f 982/3105/804 1123/3106/804 1126/3107/807 981/3108/807 

usemtl Color_006
vt 29.3245 -4.02151
vt 29.6986 -4.02151
v 753.506 200.032 -747.853
vt 29.6656 -3.99154
vn -6.36181e-014 -0.382683 0.92388
v 752.413 201.593 -747.206
vt 29.6225 -3.92502
v 752.122 202.392 -746.875
vt 29.6111 -3.89098
vn -1.19038e-015 -0.5 0.866025
vt 29.4118 -3.89098
vt 29.387 -3.94848
vt 29.3388 -4.01069
f 866/3109/499 865/3110/499 1127/3111/808 1128/3112/808 1129/3113/809 1125/3114/809 1123/3115/808 1126/3116/808 

usemtl Color_005
vt -29.443 -17.6651
vn -0.737222 -0.67565 -9.5475e-013
vt -29.8056 -17.6651
vt -29.812 -17.7401
vn -0.537231 -0.843435 -1.19554e-012
vt -29.4572 -17.7401
vt -29.4545 -17.7082
vn -0.642725 -0.766097 -1.08649e-012
f 1127/3117/810 986/3118/810 987/3119/811 864/3120/811 865/3121/812 

vt -29.8056 -10.5668
vt -29.443 -10.5668
vt -29.4176 -10.4918
vn -0.886973 -0.461821 -6.52383e-013
vt -29.7975 -10.4918
f 986/3122/810 1127/3123/810 1128/3124/813 985/3125/813 

v 751.761 203.384 -746.114
vt -29.3746 -2.60088
vn -0.976278 -0.216519 -1.76575e-013
vt -29.7691 -2.60088
vt -29.7972 -2.67306
vn -0.939665 -0.342097 -4.86928e-013
vt -29.7975 -2.6759
vt -29.4176 -2.6759
vt -29.4045 -2.64244
f 1130/3126/814 1122/3127/814 984/3128/815 985/3129/813 1128/3130/813 1129/3131/815 

vt -29.7691 5.39477
vt -29.3746 5.39477
v 751.617 205.022 -744.857
vt -29.3251 5.45952
vn -0.996188 -0.0872372 1.36798e-013
vt -29.3117 5.4698
vt -29.7381 5.4698
f 1122/3132/814 1130/3133/814 1131/3134/816 1119/3135/802 1118/3136/802 

usemtl Color_006
vt 29.4118 -11.5788
vt 29.6111 -11.5788
vt 29.5969 -11.5295
vn 6.12577e-014 -0.608761 0.793353
vt 29.5912 -11.4482
vn 1.2922e-013 -0.707107 0.707107
v 747.534 205.022 -744.857
vt 29.4305 -11.4482
v 747.567 204.647 -745.145
vt 29.4318 -11.4669
vt 29.4187 -11.56
f 1125/3137/809 1129/3138/809 1130/3139/817 1131/3140/818 1132/3141/818 1133/3142/817 1124/3143/817 

vt 29.6025 -18.2209
vt 29.4181 -18.2209
vt 29.4252 -18.2529
vn 1.9497e-013 -0.793353 0.608761
vt 29.4305 -18.3514
vt 29.5912 -18.3514
vt 29.5903 -18.3346
f 1107/3144/788 1106/3145/788 1109/3146/819 1132/3147/818 1131/3148/818 1119/3149/819 

usemtl Color_005
vt 29.3364 5.4587
vn 0.999052 -0.0435377 -4.11976e-013
vt 29.7485 5.4587
vt 29.7175 5.53373
vt 29.2469 5.53373
vt 29.3251 5.47354
vn 0.996188 0.0872372 -2.17861e-013
f 1133/3150/820 1121/3151/820 1110/3152/792 1109/3153/792 1132/3154/821 

vt 29.7485 13.0431
vt 29.3364 13.0431
vt 29.3931 12.968
vt 29.7791 12.968
f 1121/3155/820 1133/3156/820 1124/3157/806 1120/3158/806 

vt -29.8161 -23.707
vn -0.300628 -0.953742 -1.35213e-012
vt -29.4614 -23.707
vt -29.4572 -23.632
vt -29.812 -23.632
f 988/3159/822 863/3160/822 864/3161/811 987/3162/811 

vt -29.8178 -28.0609
vn -0.0435377 -0.999052 -1.41511e-012
vt -29.4631 -28.0609
vt -29.4614 -27.9859
vt -29.8161 -27.9859
f 989/3163/823 862/3164/823 863/3165/822 988/3166/822 

vt 29.817 30.505
vn 0.216519 -0.976278 -1.38589e-012
vt 29.4622 30.505
vt 29.4631 30.43
vt 29.8178 30.43
f 990/3167/824 861/3168/824 862/3169/823 989/3170/823 

vt 29.8136 30.8729
vn 0.461821 -0.886973 -1.26353e-012
vt 29.4588 30.8729
vt 29.4622 30.7978
vt 29.817 30.7978
f 991/3171/825 860/3172/825 861/3173/824 990/3174/824 

vt 29.4588 29.0643
vt 29.8136 29.0643
vt 29.8079 29.1393
vt 29.4504 29.1393
vt 29.4545 29.1219
vn 0.573643 -0.819105 -1.16641e-012
f 860/3175/825 991/3176/825 992/3177/616 1002/3178/616 859/3179/826 

vt 29.4588 28.464
vn 0.461821 -0.886973 -1.29507e-012
vt 29.8136 28.464
vt 29.8079 28.539
vt 29.4504 28.539
vt 29.4545 28.5216
vn 0.573643 -0.819105 -1.23108e-012
f 867/3180/827 980/3181/827 981/3182/807 1126/3183/807 866/3184/828 

vt 29.8136 30.1842
vt 29.4588 30.1842
vt 29.4622 30.1092
vn 0.216519 -0.976278 -1.39173e-012
vt 29.817 30.1092
f 980/3185/827 867/3186/827 868/3187/829 979/3188/829 

vt 29.817 29.775
vt 29.4622 29.775
vt 29.4631 29.7
vn -0.0435377 -0.999052 -1.41923e-012
vt 29.8178 29.7
f 979/3189/829 868/3190/829 869/3191/830 978/3192/830 

vt -29.8178 -27.3392
vt -29.4631 -27.3392
vt -29.4614 -27.2642
vn -0.300628 -0.953742 -1.34911e-012
vt -29.8161 -27.2642
f 978/3193/830 869/3194/830 870/3195/831 977/3196/831 

vt -29.8161 -23.0428
vt -29.4614 -23.0428
vt -29.4572 -22.9678
vt -29.812 -22.9678
f 977/3197/831 870/3198/831 871/3199/503 879/3200/503 

vt 29.5316 -27.2642
vn 0.0435377 0.999052 1.38709e-012
vt 28.4114 -27.2642
vt 28.3945 -27.3392
vt 29.5486 -27.3392
f 669/3201/832 627/3202/832 628/3203/798 668/3204/798 

vt -29.5401 29.7
vn -0.216519 0.976278 1.46091e-012
vt -28.4029 29.7
vt -28.4114 29.775
vt -29.5316 29.775
f 670/3205/833 626/3206/833 627/3207/832 669/3208/832 

vt -29.5736 30.1092
vt -28.3695 30.1092
vt -28.4029 30.1842
vt -29.5401 30.1842
f 652/3209/360 625/3210/360 626/3211/833 670/3212/833 

v 747.272 206.897 -717.075
vt 29.4202 23.6484
vn -4.13042e-013 0.5 0.866025
vt 29.6015 23.6484
vt 29.6034 23.6614
vn -4.32927e-013 0.608761 0.793353
vt 29.6351 23.7471
vt 29.6833 23.8196
vt 29.7422 23.8716
vt 29.276 23.8716
vt 29.299 23.8581
vt 29.3565 23.7973
vt 29.3996 23.7198
f 1134/3213/834 1091/3214/834 1083/3215/835 1081/3216/835 1079/3217/835 630/3218/354 629/3219/354 1116/3220/835 1113/3221/835 1114/3222/835 

vt 29.3984 18.106
vt 29.6216 18.106
vt 29.5969 18.1794
vn -3.86089e-013 0.382683 0.92388
vt 29.5903 18.2603
vt 29.6015 18.3292
vt 29.4202 18.3292
v 747.401 206.545 -716.929
vt 29.4252 18.3142
v 747.567 204.647 -716.142
vt 29.4318 18.2333
v 747.236 202.77 -715.365
vt 29.4187 18.1533
f 587/3223/338 586/3224/338 1094/3225/836 1090/3226/836 1091/3227/834 1134/3228/834 1135/3229/836 1136/3230/836 1137/3231/836 

vt 28.2255 -2.4252
vn 0.976278 0.216519 1.47626e-013
vt 28.6961 -2.4252
vt 28.7215 -2.40445
vn 0.939665 0.342097 2.86911e-013
vt 28.8421 -2.35129
vt 28.8501 -2.35018
vt 28.2747 -2.35018
vt 28.2313 -2.41045
f 1135/3232/837 1100/3233/837 1099/3234/838 1101/3235/838 1103/3236/794 1114/3237/794 1134/3238/838 

vt 28.1946 5.4587
vn 0.999052 -0.0435377 -2.358e-013
vt 28.6066 5.4587
vt 28.618 5.47354
vn 0.996188 0.0872372 5.81408e-015
vt 28.6961 5.53373
vt 28.2255 5.53373
f 1136/3239/839 1098/3240/839 1096/3241/840 1100/3242/837 1135/3243/837 

vt 28.6066 13.0431
vt 28.1946 13.0431
vt 28.164 12.968
vn 0.953742 -0.300628 -5.37604e-013
vt 28.5499 12.968
f 1098/3244/839 1136/3245/839 1137/3246/841 1097/3247/841 

vt 28.1427 19.5911
vn 0.843435 -0.537231 -7.97385e-013
vt 28.5165 19.5911
vt 28.5385 19.6497
vn 0.906342 -0.422544 -5.9263e-013
vt 28.5499 19.6661
vt 28.164 19.6661
vt 28.1459 19.618
f 588/3248/842 747/3249/842 748/3250/843 1097/3251/841 1137/3252/841 587/3253/843 

vt 28.1351 24.8765
vt 28.4927 24.8765
vt 28.5165 24.9515
vt 28.1427 24.9515
f 589/3254/398 746/3255/398 747/3256/842 588/3257/842 

vt -28.1455 -10.4918
vt -28.5255 -10.4918
vt -28.5 -10.5668
vn -0.737222 -0.67565 -9.33503e-013
vt -28.1375 -10.5668
f 585/3258/777 750/3259/777 751/3260/844 584/3261/844 

vt -28.1375 -17.6651
vt -28.5 -17.6651
vt -28.4886 -17.7082
vn -0.642725 -0.766097 -1.02977e-012
vt -28.4859 -17.7401
vn -0.537231 -0.843435 -1.17016e-012
vt -28.1311 -17.7401
f 584/3262/844 751/3263/844 720/3264/845 721/3265/846 583/3266/846 

vt -28.1311 -23.632
vt -28.4859 -23.632
vt -28.4817 -23.707
vn -0.300628 -0.953742 -1.35806e-012
vt -28.1269 -23.707
f 583/3267/846 721/3268/846 722/3269/847 582/3270/847 

vt -28.1269 -27.9859
vt -28.4817 -27.9859
vt -28.48 -28.0609
vn -0.0435377 -0.999052 -1.41914e-012
vt -28.1252 -28.0609
f 582/3271/847 722/3272/847 723/3273/848 581/3274/848 

vt 28.1252 30.43
vt 28.48 30.43
vt 28.4808 30.505
vn 0.216519 -0.976278 -1.38819e-012
vt 28.1261 30.505
f 581/3275/848 723/3276/848 724/3277/849 580/3278/849 

vt 28.1261 30.7978
vt 28.4808 30.7978
vt 28.4842 30.8729
vn 0.461821 -0.886973 -1.27287e-012
vt 28.1295 30.8729
f 580/3279/849 724/3280/849 725/3281/850 579/3282/850 

vt 28.1295 29.0643
vt 28.4842 29.0643
vt 28.4886 29.1219
vn 0.573643 -0.819105 -1.18298e-012
vt 28.4927 29.1393
vn 0.67565 -0.737222 -1.05771e-012
vt 28.1351 29.1393
f 579/3283/850 725/3284/850 715/3285/851 716/3286/852 578/3287/852 

vt 28.1351 25.3475
vt 28.4927 25.3475
vt 28.5165 25.4225
vn 0.843435 -0.537231 -8.16439e-013
vt 28.1427 25.4225
f 578/3288/852 716/3289/852 717/3290/853 577/3291/853 

vt 28.1427 19.9007
vt 28.5165 19.9007
vt 28.5385 19.9594
vn 0.906342 -0.422544 -7.04573e-013
vt 28.5499 19.9758
vn 0.953742 -0.300628 -4.79767e-013
v 765.85 202.77 -715.365
vt 28.164 19.9758
vt 28.1459 19.9276
f 577/3292/853 717/3293/853 710/3294/854 711/3295/855 1138/3296/855 576/3297/854 

vt 28.6066 13.1703
vt 28.1946 13.1703
vt 28.164 13.0952
vt 28.5499 13.0952
f 712/3298/753 1073/3299/753 1138/3300/855 711/3301/855 

vt 30.6556 18.3292
vn -4.00313e-013 0.5 0.866025
vt 30.153 18.3292
vt 30.1581 18.3142
vn -3.64612e-013 0.382683 0.92388
vt 30.1646 18.2333
vt 30.1516 18.1533
vt 30.1312 18.106
vt 30.6756 18.106
vt 30.651 18.1794
vt 30.6444 18.2603
f 703/3302/856 1075/3303/856 1072/3304/857 1073/3305/857 1138/3306/857 576/3307/337 575/3308/337 706/3309/857 702/3310/857 

vt 30.153 23.6484
vt 30.6556 23.6484
vt 30.6574 23.6614
vn -4.29165e-013 0.608761 0.793353
vt 30.6891 23.7471
vt 30.7374 23.8196
vt 30.7962 23.8716
vt 30.0089 23.8716
vt 30.0319 23.8581
vt 30.0893 23.7973
vt 30.1324 23.7198
f 1075/3311/856 703/3312/856 696/3313/858 694/3314/858 693/3315/858 636/3316/355 635/3317/355 1077/3318/858 1076/3319/858 1074/3320/858 

vt 29.6683 -2.60088
vt 29.093 -2.60088
vt 29.1009 -2.60199
vn 0.939665 0.342097 4.97747e-013
vt 29.2215 -2.65515
vt 29.2469 -2.6759
vn 0.976278 0.216519 1.98522e-013
vt 29.7175 -2.6759
vt 29.7118 -2.66114
f 690/3321/759 1067/3322/759 1065/3323/859 1012/3324/859 1013/3325/860 996/3326/860 689/3327/859 

vt 29.7175 5.4698
vt 29.2469 5.4698
vt 29.3251 5.40961
vn 0.996188 0.0872372 -1.04101e-013
vt 29.3364 5.39477
vn 0.999052 -0.0435377 -3.0105e-013
vt 29.7485 5.39477
f 996/3328/860 1013/3329/860 1007/3330/861 1008/3331/862 995/3332/862 

vt 29.7485 13.1703
vt 29.3364 13.1703
vt 29.3931 13.0952
vt 29.7791 13.0952
f 995/3333/862 1008/3334/862 1000/3335/615 994/3336/615 

vt -29.8263 7.71819
f 434/2283/449 950/2294/449 456/3337/449

f 948/2284/449 950/2294/449 434/2283/449

vt -29.3746 -2.10396
vn -0.976278 -0.216519 -8.50228e-014
vt -29.7691 -2.10396
vt -29.7972 -2.17614
vn -0.939665 -0.342097 -4.83423e-013
vt -29.7975 -2.17899
vt -29.4176 -2.17899
vt -29.4045 -2.14552
f 908/3338/863 963/3339/863 961/3340/864 903/3341/527 902/3342/527 904/3343/864 

vt -29.7691 5.52149
vt -29.3746 5.52149
vt -29.3251 5.58623
vn -0.996188 -0.0872372 3.14832e-013
vt -29.3117 5.59652
vn -0.999052 0.0435377 3.92241e-013
vt -29.7381 5.59652
f 963/3344/863 908/3345/863 906/3346/865 911/3347/866 962/3348/866 

vt -29.2103 12.9182
vt -29.7039 12.9182
vt -29.7118 12.9077
vn -0.984822 0.173568 4.62939e-013
vt -29.7381 12.8431
vt -29.3117 12.8431
vt -29.2215 12.9134
f 777/3349/435 776/3350/435 960/3351/867 962/3352/866 911/3353/866 909/3354/867 

vt -28.8887 -4.06781
vt -28.6787 -4.06781
vt -28.699 -4.02056
vn 2.82666e-014 0.382683 -0.92388
vt -28.712 -3.94059
vt -28.7055 -3.85969
vt -28.7004 -3.84468
vt -28.8687 -3.84468
vt -28.8575 -3.9135
vt -28.8641 -3.9944
f 883/3355/610 893/3356/610 891/3357/868 890/3358/868 769/3359/868 656/3360/363 655/3361/363 886/3362/868 882/3363/868 

vt -29.2103 13.0431
vt -29.7039 13.0431
vt -29.7118 13.0326
vn -0.984822 0.173568 2.37646e-013
vt -29.7381 12.968
vt -29.3117 12.968
vt -29.2215 13.0383
f 615/3364/349 614/3365/349 655/3366/869 886/3367/509 885/3368/509 767/3369/869 

vt -28.1455 -9.6585
vt -28.5255 -9.6585
vt -28.5 -9.73352
vn -0.737222 -0.67565 -9.05085e-013
vt -28.1375 -9.73352
f 562/3370/442 789/3371/442 792/3372/870 561/3373/870 

vt -28.1375 -16.5523
vt -28.5 -16.5523
vt -28.4886 -16.5953
vn -0.642725 -0.766097 -9.78528e-013
vt -28.4859 -16.6273
vn -0.537231 -0.843435 -1.14327e-012
vt -28.1311 -16.6273
f 561/3374/870 792/3375/870 733/3376/871 734/3377/872 560/3378/872 

vt -28.1311 -22.3155
vt -28.4859 -22.3155
vt -28.4817 -22.3905
vn -0.300628 -0.953742 -1.35975e-012
vt -28.1269 -22.3905
f 560/3379/872 734/3380/872 735/3381/873 559/3382/873 

vt -28.1269 -26.5554
vt -28.4817 -26.5554
vt -28.48 -26.6304
vn -0.0435377 -0.999052 -1.42742e-012
vt -28.1252 -26.6304
f 559/3383/873 735/3384/873 736/3385/874 558/3386/874 

vt 28.1252 28.983
vt 28.48 28.983
vt 28.4808 29.058
vn 0.216519 -0.976278 -1.39124e-012
vt 28.1261 29.058
f 558/3387/874 736/3388/874 737/3389/875 557/3390/875 

vt 28.1261 29.4329
vt 28.4808 29.4329
vt 28.4842 29.5079
vn 0.461821 -0.886973 -1.27355e-012
vt 28.1295 29.5079
f 557/3391/875 737/3392/875 738/3393/876 556/3394/876 

vt 28.1295 27.8745
vt 28.4842 27.8745
vt 28.4886 27.9321
vn 0.573643 -0.819105 -1.18926e-012
vt 28.4927 27.9495
vn 0.67565 -0.737222 -1.05904e-012
vt 28.1351 27.9495
f 556/3395/876 738/3396/876 739/3397/877 754/3398/878 555/3399/878 

vt 28.1351 24.4139
vt 28.4927 24.4139
vt 28.5165 24.4889
vn 0.843435 -0.537231 -8.02768e-013
vt 28.1427 24.4889
f 555/3400/878 754/3401/878 755/3402/879 554/3403/879 

vt 28.1427 19.287
vt 28.5165 19.287
vt 28.5385 19.3456
vn 0.906342 -0.422544 -6.81105e-013
vt 28.5499 19.362
vn 0.953742 -0.300628 -6.75643e-013
vt 28.164 19.362
vt 28.1459 19.3138
f 554/3404/879 755/3405/879 753/3406/880 757/3407/881 603/3408/881 553/3409/880 

vt 28.6066 12.9182
vn 0.999052 -0.0435377 -2.57072e-013
vt 28.1946 12.9182
vt 28.164 12.8431
vt 28.5499 12.8431
f 758/3410/882 602/3411/882 603/3412/881 757/3413/881 

vt 28.6961 5.59652
vn 0.976278 0.216519 8.68601e-014
vt 28.2255 5.59652
vt 28.1946 5.52149
vt 28.6066 5.52149
vt 28.618 5.53633
vn 0.996188 0.0872372 1.48875e-013
f 760/3414/883 601/3415/883 602/3416/882 758/3417/882 756/3418/884 

vt 28.2255 -2.17899
vt 28.6961 -2.17899
vt 28.7215 -2.15823
vn 0.939665 0.342097 2.3359e-014
vt 28.8421 -2.10507
vt 28.8501 -2.10396
vt 28.2747 -2.10396
vt 28.2313 -2.16423
f 601/3419/883 760/3420/883 759/3421/885 761/3422/885 763/3423/423 623/3424/423 600/3425/885 

vt 28.6961 16.684
vn 0.976278 -0.216519 3.09155e-013
vt 28.2255 16.684
vt 28.2313 16.6693
vn 0.939665 -0.342097 4.80561e-013
vt 28.2747 16.609
vt 28.8501 16.609
vt 28.8421 16.6101
vt 28.7215 16.6633
f 324/3426/886 228/3427/886 209/3428/887 210/3429/243 327/3430/243 325/3431/887 323/3432/887 

vt 28.2255 9.78102
vt 28.6961 9.78102
vt 28.618 9.84121
vn 0.996188 -0.0872372 1.3246e-013
vt 28.6066 9.85605
vn 0.999052 0.0435377 -4.91461e-014
vt 28.1946 9.85605
f 228/3433/886 324/3434/886 321/3435/888 322/3436/889 227/3437/889 

vt 28.1946 2.28394
vt 28.6066 2.28394
vt 28.5499 2.35896
vt 28.164 2.35896
f 227/3438/889 322/3439/889 231/3440/97 226/3441/97 

usemtl Color_006
vt -28.8783 -4.02151
vt -28.6921 -4.02151
vt -28.6673 -3.96401
vn 7.25844e-014 0.382683 -0.92388
vt -28.6191 -3.9018
vt -28.6048 -3.89098
vt -28.9658 -3.89098
vt -28.9328 -3.92095
vt -28.8897 -3.98747
f 319/3442/171 232/3443/171 230/3444/890 233/3445/890 235/3446/119 257/3447/119 316/3448/890 317/3449/890 

