o Mesh1 Model
v -10.201649780273438 -3.953519897460938 1.5239999389648415
v -10.26219970703125 -3.874609985351563 1.5239999389648415
v -11.91199951171875 -4.827109985351562 -2.5306329369741813e-15
v -10.201649780273438 -3.953519897460938 1.5239999389648415
v -11.91199951171875 -4.827109985351562 -2.5306329369741813e-15
v -11.548699951171875 -5.300549926757813 -2.5912663573239253e-15
v -7.904849853515625 -3.889834899902344 1.523999938964842
v -8.441099853515626 -3.889834899902344 1.5239999389648418
v -8.493400268554687 -3.882955017089844 1.5239999389648418
v -7.904849853515625 -3.889834899902344 1.523999938964842
v -8.493400268554687 -3.882955017089844 1.5239999389648418
v -8.542100219726562 -3.862774963378907 1.5239999389648418
v -7.904849853515625 -3.889834899902344 1.523999938964842
v -8.542100219726562 -3.862774963378907 1.5239999389648418
v -8.5714501953125 -3.8402648925781255 1.5239999389648418
v -7.904849853515625 -3.889834899902344 1.523999938964842
v -8.5714501953125 -3.8402648925781255 1.5239999389648418
v -8.5839501953125 -3.830669860839844 1.5239999389648418
v -7.904849853515625 -3.889834899902344 1.523999938964842
v -8.5839501953125 -3.830669860839844 1.5239999389648418
v -8.616049804687501 -3.7888351440429693 1.5239999389648418
v -7.904849853515625 -3.889834899902344 1.523999938964842
v -8.616049804687501 -3.7888351440429693 1.5239999389648418
v -8.636199951171875 -3.7401150512695316 1.5239999389648418
v -7.904849853515625 -3.889834899902344 1.523999938964842
v -8.636199951171875 -3.7401150512695316 1.5239999389648418
v -8.643099975585939 -3.6878298950195316 1.5239999389648418
v -7.904849853515625 -3.889834899902344 1.523999938964842
v -8.643099975585939 -3.6878298950195316 1.5239999389648418
v -8.636199951171875 -3.635545043945313 1.5239999389648418
v -7.904849853515625 -3.889834899902344 1.523999938964842
v -8.636199951171875 -3.635545043945313 1.5239999389648418
v -8.616049804687501 -3.5868249511718755 1.5239999389648418
v -7.904849853515625 -3.889834899902344 1.523999938964842
v -8.616049804687501 -3.5868249511718755 1.5239999389648418
v -8.5839501953125 -3.544989929199219 1.5239999389648418
v -7.904849853515625 -3.889834899902344 1.523999938964842
v -8.5839501953125 -3.544989929199219 1.5239999389648418
v -8.5714501953125 -3.535394897460938 1.5239999389648418
v -7.904849853515625 -3.889834899902344 1.523999938964842
v -8.5714501953125 -3.535394897460938 1.5239999389648418
v -8.542100219726562 -3.512885131835938 1.5239999389648418
v -7.904849853515625 -3.889834899902344 1.523999938964842
v -8.542100219726562 -3.512885131835938 1.5239999389648418
v -8.493400268554687 -3.4927050781250006 1.523999938964842
v -7.904849853515625 -3.889834899902344 1.523999938964842
v -8.493400268554687 -3.4927050781250006 1.523999938964842
v -8.441099853515626 -3.4858248901367195 1.523999938964842
v -7.904849853515625 -3.889834899902344 1.523999938964842
v -8.441099853515626 -3.4858248901367195 1.523999938964842
v -7.9038500976562505 -3.4858248901367195 1.5239999389648422
v -7.904849853515625 -3.889834899902344 1.523999938964842
v -7.9038500976562505 -3.4858248901367195 1.5239999389648422
v -7.955650024414063 -3.0924499511718757 1.5239999389648422
v -7.904849853515625 -3.889834899902344 1.523999938964842
v -7.955650024414063 -3.0924499511718757 1.5239999389648422
v -9.932249755859376 -3.0924499511718757 1.523999938964842
v -7.904849853515625 -3.889834899902344 1.523999938964842
v -9.932249755859376 -3.0924499511718757 1.523999938964842
v -10.030850219726563 -3.3160949707031255 1.5239999389648418
v -7.904849853515625 -3.889834899902344 1.523999938964842
v -10.030850219726563 -3.3160949707031255 1.5239999389648418
v -10.122750244140626 -3.354154968261719 1.5239999389648418
v -7.904849853515625 -3.889834899902344 1.523999938964842
v -10.122750244140626 -3.354154968261719 1.5239999389648418
v -10.201649780273438 -3.414704895019532 1.5239999389648418
v -7.904849853515625 -3.889834899902344 1.523999938964842
v -10.201649780273438 -3.414704895019532 1.5239999389648418
v -10.26219970703125 -3.4936099243164067 1.5239999389648418
v -7.904849853515625 -3.889834899902344 1.523999938964842
v -10.26219970703125 -3.4936099243164067 1.5239999389648418
v -10.30030029296875 -3.585499877929688 1.5239999389648415
v -7.904849853515625 -3.889834899902344 1.523999938964842
v -10.30030029296875 -3.585499877929688 1.5239999389648415
v -10.31324951171875 -3.6841101074218754 1.5239999389648415
v -7.904849853515625 -3.889834899902344 1.523999938964842
v -10.31324951171875 -3.6841101074218754 1.5239999389648415
v -10.30030029296875 -3.7827200317382816 1.5239999389648415
v -7.904849853515625 -3.889834899902344 1.523999938964842
v -10.30030029296875 -3.7827200317382816 1.5239999389648415
v -10.26219970703125 -3.874609985351563 1.5239999389648415
v -7.904849853515625 -3.889834899902344 1.523999938964842
v -10.26219970703125 -3.874609985351563 1.5239999389648415
v -10.201649780273438 -3.953519897460938 1.5239999389648415
v -7.904849853515625 -3.889834899902344 1.523999938964842
v -10.201649780273438 -3.953519897460938 1.5239999389648415
v -10.122750244140626 -4.01406494140625 1.5239999389648415
v -7.904849853515625 -3.889834899902344 1.523999938964842
v -10.122750244140626 -4.01406494140625 1.5239999389648415
v -10.030850219726563 -4.052130126953125 1.5239999389648415
v -7.904849853515625 -3.889834899902344 1.523999938964842
v -10.030850219726563 -4.052130126953125 1.5239999389648415
v -9.932249755859376 -4.2757699584960935 1.5239999389648418
v -7.904849853515625 -3.889834899902344 1.523999938964842
v -9.932249755859376 -4.2757699584960935 1.5239999389648418
v -7.955650024414063 -4.2757699584960935 1.523999938964842
v -8.441099853515626 -3.889834899902344 1.5239999389648418
v -7.904849853515625 -3.889834899902344 1.523999938964842
v -7.904849853515625 -3.889834899902344 1.538999938964842
v -8.441099853515626 -3.889834899902344 1.5239999389648418
v -7.904849853515625 -3.889834899902344 1.538999938964842
v -8.441099853515626 -3.889834899902344 1.5389999389648419
v -7.897550048828125 -3.8402648925781255 1.523999938964842
v -7.8983001708984375 -3.8402648925781255 1.523999938964842
v -8.441099853515626 -3.8402648925781255 1.5239999389648418
v -7.897550048828125 -3.8402648925781255 1.523999938964842
v -8.441099853515626 -3.8402648925781255 1.5239999389648418
v -8.480549926757813 -3.835069885253907 1.5239999389648418
v -7.897550048828125 -3.8402648925781255 1.523999938964842
v -8.480549926757813 -3.835069885253907 1.5239999389648418
v -8.5172998046875 -3.8198400878906256 1.5239999389648418
v -7.897550048828125 -3.8402648925781255 1.523999938964842
v -8.5172998046875 -3.8198400878906256 1.5239999389648418
v -8.548900146484375 -3.7956149291992194 1.5239999389648418
v -7.897550048828125 -3.8402648925781255 1.523999938964842
v -8.548900146484375 -3.7956149291992194 1.5239999389648418
v -8.573099975585938 -3.764045104980469 1.5239999389648418
v -7.897550048828125 -3.8402648925781255 1.523999938964842
v -8.573099975585938 -3.764045104980469 1.5239999389648418
v -8.588350219726562 -3.727284851074219 1.5239999389648418
v -7.897550048828125 -3.8402648925781255 1.523999938964842
v -8.588350219726562 -3.727284851074219 1.5239999389648418
v -8.5935498046875 -3.6878298950195316 1.5239999389648418
v -7.897550048828125 -3.8402648925781255 1.523999938964842
v -8.5935498046875 -3.6878298950195316 1.5239999389648418
v -8.588350219726562 -3.648374938964844 1.5239999389648418
v -7.897550048828125 -3.8402648925781255 1.523999938964842
v -8.588350219726562 -3.648374938964844 1.5239999389648418
v -8.573099975585938 -3.6116101074218756 1.5239999389648418
v -7.897550048828125 -3.8402648925781255 1.523999938964842
v -8.573099975585938 -3.6116101074218756 1.5239999389648418
v -8.548900146484375 -3.580039978027344 1.5239999389648418
v -7.897550048828125 -3.8402648925781255 1.523999938964842
v -8.548900146484375 -3.580039978027344 1.5239999389648418
v -8.5172998046875 -3.555815124511719 1.5239999389648418
v -7.897550048828125 -3.8402648925781255 1.523999938964842
v -8.5172998046875 -3.555815124511719 1.5239999389648418
v -8.480549926757813 -3.540589904785157 1.5239999389648418
v -7.897550048828125 -3.8402648925781255 1.523999938964842
v -8.480549926757813 -3.540589904785157 1.5239999389648418
v -8.441099853515626 -3.535394897460938 1.5239999389648418
v -7.897550048828125 -3.8402648925781255 1.523999938964842
v -8.441099853515626 -3.535394897460938 1.5239999389648418
v -7.896799926757812 -3.535394897460938 1.523999938964842
v -7.897550048828125 -3.8402648925781255 1.523999938964842
v -7.896799926757812 -3.535394897460938 1.523999938964842
v -7.882449951171875 -3.5334350585937506 1.523999938964842
v -7.897550048828125 -3.8402648925781255 1.523999938964842
v -7.882449951171875 -3.5334350585937506 1.523999938964842
v -7.889000244140625 -3.483865051269532 1.5239999389648422
v -7.897550048828125 -3.8402648925781255 1.523999938964842
v -7.889000244140625 -3.483865051269532 1.5239999389648422
v -7.9038500976562505 -3.4858248901367195 1.5239999389648422
v -7.897550048828125 -3.8402648925781255 1.523999938964842
v -7.9038500976562505 -3.4858248901367195 1.5239999389648422
v -8.441099853515626 -3.4858248901367195 1.523999938964842
v -7.897550048828125 -3.8402648925781255 1.523999938964842
v -8.441099853515626 -3.4858248901367195 1.523999938964842
v -8.493400268554687 -3.4927050781250006 1.523999938964842
v -7.897550048828125 -3.8402648925781255 1.523999938964842
v -8.493400268554687 -3.4927050781250006 1.523999938964842
v -8.542100219726562 -3.512885131835938 1.5239999389648418
v -7.897550048828125 -3.8402648925781255 1.523999938964842
v -8.542100219726562 -3.512885131835938 1.5239999389648418
v -8.5714501953125 -3.535394897460938 1.5239999389648418
v -7.897550048828125 -3.8402648925781255 1.523999938964842
v -8.5714501953125 -3.535394897460938 1.5239999389648418
v -8.5839501953125 -3.544989929199219 1.5239999389648418
v -7.897550048828125 -3.8402648925781255 1.523999938964842
v -8.5839501953125 -3.544989929199219 1.5239999389648418
v -8.616049804687501 -3.5868249511718755 1.5239999389648418
v -7.897550048828125 -3.8402648925781255 1.523999938964842
v -8.616049804687501 -3.5868249511718755 1.5239999389648418
v -8.636199951171875 -3.635545043945313 1.5239999389648418
v -7.897550048828125 -3.8402648925781255 1.523999938964842
v -8.636199951171875 -3.635545043945313 1.5239999389648418
v -8.643099975585939 -3.6878298950195316 1.5239999389648418
v -7.897550048828125 -3.8402648925781255 1.523999938964842
v -8.643099975585939 -3.6878298950195316 1.5239999389648418
v -8.636199951171875 -3.7401150512695316 1.5239999389648418
v -7.897550048828125 -3.8402648925781255 1.523999938964842
v -8.636199951171875 -3.7401150512695316 1.5239999389648418
v -8.616049804687501 -3.7888351440429693 1.5239999389648418
v -7.897550048828125 -3.8402648925781255 1.523999938964842
v -8.616049804687501 -3.7888351440429693 1.5239999389648418
v -8.5839501953125 -3.830669860839844 1.5239999389648418
v -7.897550048828125 -3.8402648925781255 1.523999938964842
v -8.5839501953125 -3.830669860839844 1.5239999389648418
v -8.5714501953125 -3.8402648925781255 1.5239999389648418
v -7.897550048828125 -3.8402648925781255 1.523999938964842
v -8.5714501953125 -3.8402648925781255 1.5239999389648418
v -8.542100219726562 -3.862774963378907 1.5239999389648418
v -7.897550048828125 -3.8402648925781255 1.523999938964842
v -8.542100219726562 -3.862774963378907 1.5239999389648418
v -8.493400268554687 -3.882955017089844 1.5239999389648418
v -7.897550048828125 -3.8402648925781255 1.523999938964842
v -8.493400268554687 -3.882955017089844 1.5239999389648418
v -8.441099853515626 -3.889834899902344 1.5239999389648418
v -7.897550048828125 -3.8402648925781255 1.523999938964842
v -8.441099853515626 -3.889834899902344 1.5239999389648418
v -7.904849853515625 -3.889834899902344 1.523999938964842
v -7.897550048828125 -3.8402648925781255 1.523999938964842
v -7.904849853515625 -3.889834899902344 1.523999938964842
v -7.889949951171875 -3.891795043945313 1.523999938964842
v -7.897550048828125 -3.8402648925781255 1.523999938964842
v -7.889949951171875 -3.891795043945313 1.523999938964842
v -7.88344970703125 -3.842219848632813 1.523999938964842
v -7.8983001708984375 -3.8402648925781255 1.523999938964842
v -8.441099853515626 -3.8402648925781255 1.5239999389648418
v -8.441099853515626 -3.8402648925781255 1.5389999389648419
v -7.8983001708984375 -3.8402648925781255 1.523999938964842
v -8.441099853515626 -3.8402648925781255 1.5389999389648419
v -7.8983001708984375 -3.8402648925781255 1.538999938964842
v -8.441099853515626 -3.8402648925781255 1.5239999389648418
v -8.480549926757813 -3.835069885253907 1.5239999389648418
v -8.480549926757813 -3.835069885253907 1.5389999389648419
v -8.441099853515626 -3.8402648925781255 1.5239999389648418
v -8.480549926757813 -3.835069885253907 1.5389999389648419
v -8.441099853515626 -3.8402648925781255 1.5389999389648419
v -8.480549926757813 -3.835069885253907 1.5239999389648418
v -8.5172998046875 -3.8198400878906256 1.5239999389648418
v -8.5172998046875 -3.8198400878906256 1.5389999389648419
v -8.480549926757813 -3.835069885253907 1.5239999389648418
v -8.5172998046875 -3.8198400878906256 1.5389999389648419
v -8.480549926757813 -3.835069885253907 1.5389999389648419
v -8.5172998046875 -3.8198400878906256 1.5239999389648418
v -8.548900146484375 -3.7956149291992194 1.5239999389648418
v -8.548900146484375 -3.7956149291992194 1.5389999389648419
v -8.5172998046875 -3.8198400878906256 1.5239999389648418
v -8.548900146484375 -3.7956149291992194 1.5389999389648419
v -8.5172998046875 -3.8198400878906256 1.5389999389648419
v -8.548900146484375 -3.7956149291992194 1.5239999389648418
v -8.573099975585938 -3.764045104980469 1.5239999389648418
v -8.573099975585938 -3.764045104980469 1.5389999389648419
v -8.548900146484375 -3.7956149291992194 1.5239999389648418
v -8.573099975585938 -3.764045104980469 1.5389999389648419
v -8.548900146484375 -3.7956149291992194 1.5389999389648419
v -8.573099975585938 -3.764045104980469 1.5239999389648418
v -8.588350219726562 -3.727284851074219 1.5239999389648418
v -8.588350219726562 -3.727284851074219 1.5389999389648419
v -8.573099975585938 -3.764045104980469 1.5239999389648418
v -8.588350219726562 -3.727284851074219 1.5389999389648419
v -8.573099975585938 -3.764045104980469 1.5389999389648419
v -8.588350219726562 -3.727284851074219 1.5239999389648418
v -8.5935498046875 -3.6878298950195316 1.5239999389648418
v -8.5935498046875 -3.6878298950195316 1.5389999389648419
v -8.588350219726562 -3.727284851074219 1.5239999389648418
v -8.5935498046875 -3.6878298950195316 1.5389999389648419
v -8.588350219726562 -3.727284851074219 1.5389999389648419
v -8.5935498046875 -3.6878298950195316 1.5239999389648418
v -8.588350219726562 -3.648374938964844 1.5239999389648418
v -8.588350219726562 -3.648374938964844 1.5389999389648419
v -8.5935498046875 -3.6878298950195316 1.5239999389648418
v -8.588350219726562 -3.648374938964844 1.5389999389648419
v -8.5935498046875 -3.6878298950195316 1.5389999389648419
v -8.588350219726562 -3.648374938964844 1.5239999389648418
v -8.573099975585938 -3.6116101074218756 1.5239999389648418
v -8.573099975585938 -3.6116101074218756 1.5389999389648419
v -8.588350219726562 -3.648374938964844 1.5239999389648418
v -8.573099975585938 -3.6116101074218756 1.5389999389648419
v -8.588350219726562 -3.648374938964844 1.5389999389648419
v -8.573099975585938 -3.6116101074218756 1.5239999389648418
v -8.548900146484375 -3.580039978027344 1.5239999389648418
v -8.548900146484375 -3.580039978027344 1.5389999389648419
v -8.573099975585938 -3.6116101074218756 1.5239999389648418
v -8.548900146484375 -3.580039978027344 1.5389999389648419
v -8.573099975585938 -3.6116101074218756 1.5389999389648419
v -8.548900146484375 -3.580039978027344 1.5239999389648418
v -8.5172998046875 -3.555815124511719 1.5239999389648418
v -8.5172998046875 -3.555815124511719 1.5389999389648419
v -8.548900146484375 -3.580039978027344 1.5239999389648418
v -8.5172998046875 -3.555815124511719 1.5389999389648419
v -8.548900146484375 -3.580039978027344 1.5389999389648419
v -8.5172998046875 -3.555815124511719 1.5239999389648418
v -8.480549926757813 -3.540589904785157 1.5239999389648418
v -8.480549926757813 -3.540589904785157 1.5389999389648419
v -8.5172998046875 -3.555815124511719 1.5239999389648418
v -8.480549926757813 -3.540589904785157 1.5389999389648419
v -8.5172998046875 -3.555815124511719 1.5389999389648419
v -8.480549926757813 -3.540589904785157 1.5239999389648418
v -8.441099853515626 -3.535394897460938 1.5239999389648418
v -8.441099853515626 -3.535394897460938 1.5389999389648419
v -8.480549926757813 -3.540589904785157 1.5239999389648418
v -8.441099853515626 -3.535394897460938 1.5389999389648419
v -8.480549926757813 -3.540589904785157 1.5389999389648419
v -8.441099853515626 -3.535394897460938 1.5389999389648419
v -8.441099853515626 -3.535394897460938 1.5239999389648418
v -7.896799926757812 -3.535394897460938 1.523999938964842
v -8.441099853515626 -3.535394897460938 1.5389999389648419
v -7.896799926757812 -3.535394897460938 1.523999938964842
v -7.8973498535156255 -3.535394897460938 1.538999938964842
v -7.882449951171875 -3.5334350585937506 1.523999938964842
v -7.8973498535156255 -3.535394897460938 1.538999938964842
v -7.896799926757812 -3.535394897460938 1.523999938964842
v -7.889000244140625 -3.483865051269532 1.5239999389648422
v -7.9038500976562505 -3.4858248901367195 1.5389999389648423
v -7.8973498535156255 -3.535394897460938 1.538999938964842
v -7.889000244140625 -3.483865051269532 1.5239999389648422
v -7.8973498535156255 -3.535394897460938 1.538999938964842
v -7.882449951171875 -3.5334350585937506 1.523999938964842
v -7.9038500976562505 -3.4858248901367195 1.5389999389648423
v -7.889000244140625 -3.483865051269532 1.5239999389648422
v -7.9038500976562505 -3.4858248901367195 1.5239999389648422
v -7.889000244140625 -3.483865051269532 1.5239999389648422
v -7.6575 -3.4838650512695315 -1.8241452220399426e-15
v -7.672349853515625 -3.485824890136719 -1.826398976244496e-15
v -7.889000244140625 -3.483865051269532 1.5239999389648422
v -7.672349853515625 -3.485824890136719 -1.826398976244496e-15
v -7.9038500976562505 -3.4858248901367195 1.5239999389648422
v -7.882449951171875 -3.5334350585937506 1.523999938964842
v -7.65094970703125 -3.53343505859375 -1.834349795200614e-15
v -7.6575 -3.4838650512695315 -1.8241452220399426e-15
v -7.882449951171875 -3.5334350585937506 1.523999938964842
v -7.6575 -3.4838650512695315 -1.8241452220399426e-15
v -7.889000244140625 -3.483865051269532 1.5239999389648422
v -7.65094970703125 -3.53343505859375 -1.834349795200614e-15
v -7.882449951171875 -3.5334350585937506 1.523999938964842
v -7.665850219726563 -3.5353948974609377 -1.8366097533653924e-15
v -7.896799926757812 -3.535394897460938 1.523999938964842
v -7.665850219726563 -3.5353948974609377 -1.8366097533653924e-15
v -7.882449951171875 -3.5334350585937506 1.523999938964842
v -7.665850219726563 -3.5353948974609377 -1.8366097533653924e-15
v -7.65094970703125 -3.53343505859375 -1.834349795200614e-15
v -7.6575 -3.4838650512695315 -1.8241452220399426e-15
v -7.665850219726563 -3.5353948974609377 -1.8366097533653924e-15
v -7.6575 -3.4838650512695315 -1.8241452220399426e-15
v -7.672349853515625 -3.485824890136719 -1.826398976244496e-15
v -7.665850219726563 -3.5353948974609377 -0.16149999618530445
v -7.65094970703125 -3.53343505859375 -0.16149999618530445
v -7.65094970703125 -3.53343505859375 -1.834349795200614e-15
v -7.665850219726563 -3.5353948974609377 -0.16149999618530445
v -7.65094970703125 -3.53343505859375 -1.834349795200614e-15
v -7.665850219726563 -3.5353948974609377 -1.8366097533653924e-15
v -7.65094970703125 -3.53343505859375 -0.16149999618530445
v -7.665850219726563 -3.5353948974609377 -0.16149999618530445
v -7.672349853515625 -3.485824890136719 -0.16149999618530445
v -7.65094970703125 -3.53343505859375 -0.16149999618530445
v -7.672349853515625 -3.485824890136719 -0.16149999618530445
v -7.6575 -3.4838650512695315 -0.16149999618530445
v -7.665850219726563 -3.5353948974609377 -0.16149999618530445
v -7.672349853515625 -3.485824890136719 -0.16149999618530445
v -7.672349853515625 -3.485824890136719 -1.826398976244496e-15
v -7.665850219726563 -3.5353948974609377 -0.16149999618530445
v -7.672349853515625 -3.485824890136719 -1.826398976244496e-15
v -7.665850219726563 -3.5353948974609377 -1.8366097533653924e-15
v -12.140350341796875 -4.2757699584960935 -0.16149999618530517
v -12.218249511718751 -3.684110107421875 -0.16149999618530503
v -12.140350341796875 -3.0924499511718753 -0.16149999618530492
v -12.140350341796875 -4.2757699584960935 -0.16149999618530517
v -12.140350341796875 -3.0924499511718753 -0.16149999618530492
v -11.91199951171875 -2.541109924316406 -0.16149999618530475
v -12.140350341796875 -4.2757699584960935 -0.16149999618530517
v -11.91199951171875 -2.541109924316406 -0.16149999618530475
v -11.548699951171875 -2.0676649475097655 -0.1614999961853046
v -12.140350341796875 -4.2757699584960935 -0.16149999618530517
v -11.548699951171875 -2.0676649475097655 -0.1614999961853046
v -11.075250244140625 -1.7043800354003906 -0.16149999618530447
v -12.140350341796875 -4.2757699584960935 -0.16149999618530517
v -11.075250244140625 -1.7043800354003906 -0.16149999618530447
v -10.523900146484376 -1.4760049438476563 -0.16149999618530433
v -12.140350341796875 -4.2757699584960935 -0.16149999618530517
v -10.523900146484376 -1.4760049438476563 -0.16149999618530433
v -9.932249755859376 -1.3981100463867189 -0.16149999618530425
v -12.140350341796875 -4.2757699584960935 -0.16149999618530517
v -9.932249755859376 -1.3981100463867189 -0.16149999618530425
v -9.340599975585938 -1.4760049438476563 -0.1614999961853042
v -12.140350341796875 -4.2757699584960935 -0.16149999618530517
v -9.340599975585938 -1.4760049438476563 -0.1614999961853042
v -8.789249877929688 -1.7043800354003906 -0.1614999961853042
v -12.140350341796875 -4.2757699584960935 -0.16149999618530517
v -8.789249877929688 -1.7043800354003906 -0.1614999961853042
v -8.315800170898438 -2.0676649475097655 -0.16149999618530422
v -12.140350341796875 -4.2757699584960935 -0.16149999618530517
v -8.315800170898438 -2.0676649475097655 -0.16149999618530422
v -7.952550048828125 -2.541109924316406 -0.16149999618530425
v -12.140350341796875 -4.2757699584960935 -0.16149999618530517
v -7.952550048828125 -2.541109924316406 -0.16149999618530425
v -7.724149780273438 -3.0924499511718753 -0.16149999618530436
v -12.140350341796875 -4.2757699584960935 -0.16149999618530517
v -7.724149780273438 -3.0924499511718753 -0.16149999618530436
v -7.672349853515625 -3.485824890136719 -0.16149999618530445
v -12.140350341796875 -4.2757699584960935 -0.16149999618530517
v -7.672349853515625 -3.485824890136719 -0.16149999618530445
v -7.665850219726563 -3.5353948974609377 -0.16149999618530445
v -12.140350341796875 -4.2757699584960935 -0.16149999618530517
v -7.665850219726563 -3.5353948974609377 -0.16149999618530445
v -7.64625 -3.684110107421875 -0.16149999618530447
v -12.140350341796875 -4.2757699584960935 -0.16149999618530517
v -7.64625 -3.684110107421875 -0.16149999618530447
v -7.666799926757813 -3.840264892578125 -0.16149999618530453
v -12.140350341796875 -4.2757699584960935 -0.16149999618530517
v -7.666799926757813 -3.840264892578125 -0.16149999618530453
v -7.673350219726562 -3.8898348999023438 -0.16149999618530453
v -12.140350341796875 -4.2757699584960935 -0.16149999618530517
v -7.673350219726562 -3.8898348999023438 -0.16149999618530453
v -7.724149780273438 -4.2757699584960935 -0.1614999961853046
v -12.140350341796875 -4.2757699584960935 -0.16149999618530517
v -7.724149780273438 -4.2757699584960935 -0.1614999961853046
v -7.952550048828125 -4.827109985351562 -0.16149999618530478
v -12.140350341796875 -4.2757699584960935 -0.16149999618530517
v -7.952550048828125 -4.827109985351562 -0.16149999618530478
v -8.315800170898438 -5.300549926757813 -0.16149999618530492
v -12.140350341796875 -4.2757699584960935 -0.16149999618530517
v -8.315800170898438 -5.300549926757813 -0.16149999618530492
v -8.789249877929688 -5.66385009765625 -0.16149999618530506
v -12.140350341796875 -4.2757699584960935 -0.16149999618530517
v -8.789249877929688 -5.66385009765625 -0.16149999618530506
v -9.340599975585938 -5.89219970703125 -0.16149999618530517
v -12.140350341796875 -4.2757699584960935 -0.16149999618530517
v -9.340599975585938 -5.89219970703125 -0.16149999618530517
v -9.932249755859376 -5.97010009765625 -0.16149999618530528
v -12.140350341796875 -4.2757699584960935 -0.16149999618530517
v -9.932249755859376 -5.97010009765625 -0.16149999618530528
v -10.523900146484376 -5.89219970703125 -0.1614999961853053
v -12.140350341796875 -4.2757699584960935 -0.16149999618530517
v -10.523900146484376 -5.89219970703125 -0.1614999961853053
v -11.075250244140625 -5.66385009765625 -0.16149999618530533
v -12.140350341796875 -4.2757699584960935 -0.16149999618530517
v -11.075250244140625 -5.66385009765625 -0.16149999618530533
v -11.548699951171875 -5.300549926757813 -0.1614999961853053
v -12.140350341796875 -4.2757699584960935 -0.16149999618530517
v -11.548699951171875 -5.300549926757813 -0.1614999961853053
v -11.91199951171875 -4.827109985351562 -0.16149999618530528
v -12.140350341796875 -4.2757699584960935 -2.4361757698454843e-15
v -12.218249511718751 -3.684110107421875 -2.3143407888738126e-15
v -12.218249511718751 -3.684110107421875 -0.16149999618530503
v -12.140350341796875 -4.2757699584960935 -2.4361757698454843e-15
v -12.218249511718751 -3.684110107421875 -0.16149999618530503
v -12.140350341796875 -4.2757699584960935 -0.16149999618530517
v -10.30030029296875 -3.7827200317382816 1.5239999389648415
v -10.31324951171875 -3.6841101074218754 1.5239999389648415
v -12.218249511718751 -3.684110107421875 -2.3143407888738126e-15
v -10.30030029296875 -3.7827200317382816 1.5239999389648415
v -12.218249511718751 -3.684110107421875 -2.3143407888738126e-15
v -12.140350341796875 -4.2757699584960935 -2.4361757698454843e-15
v -10.30030029296875 -3.585499877929688 1.5239999389648415
v -12.140350341796875 -3.0924499511718753 -2.173425946319293e-15
v -12.218249511718751 -3.684110107421875 -2.3143407888738126e-15
v -10.30030029296875 -3.585499877929688 1.5239999389648415
v -12.218249511718751 -3.684110107421875 -2.3143407888738126e-15
v -10.31324951171875 -3.6841101074218754 1.5239999389648415
v -10.26219970703125 -3.4936099243164067 1.5239999389648418
v -11.91199951171875 -2.541109924316406 -2.0230389565630325e-15
v -12.140350341796875 -3.0924499511718753 -2.173425946319293e-15
v -10.26219970703125 -3.4936099243164067 1.5239999389648418
v -12.140350341796875 -3.0924499511718753 -2.173425946319293e-15
v -10.30030029296875 -3.585499877929688 1.5239999389648415
v -10.201649780273438 -3.414704895019532 1.5239999389648418
v -11.548699951171875 -2.0676649475097655 -1.8734216893387248e-15
v -11.91199951171875 -2.541109924316406 -2.0230389565630325e-15
v -10.201649780273438 -3.414704895019532 1.5239999389648418
v -11.91199951171875 -2.541109924316406 -2.0230389565630325e-15
v -10.26219970703125 -3.4936099243164067 1.5239999389648418
v -10.122750244140626 -3.354154968261719 1.5239999389648418
v -11.075250244140625 -1.7043800354003906 -1.7347753677268665e-15
v -11.548699951171875 -2.0676649475097655 -1.8734216893387248e-15
v -10.122750244140626 -3.354154968261719 1.5239999389648418
v -11.548699951171875 -2.0676649475097655 -1.8734216893387248e-15
v -10.201649780273438 -3.414704895019532 1.5239999389648418
v -10.122750244140626 -3.354154968261719 1.5239999389648418
v -10.030850219726563 -3.3160949707031255 1.5239999389648418
v -10.523900146484376 -1.4760049438476563 -1.616544997517891e-15
v -10.122750244140626 -3.354154968261719 1.5239999389648418
v -10.523900146484376 -1.4760049438476563 -1.616544997517891e-15
v -11.075250244140625 -1.7043800354003906 -1.7347753677268665e-15
v -10.523900146484376 -1.4760049438476563 -1.616544997517891e-15
v -10.030850219726563 -3.3160949707031255 1.5239999389648418
v -9.932249755859376 -3.0924499511718757 1.3554699707031233
v -10.523900146484376 -1.4760049438476563 -1.616544997517891e-15
v -9.932249755859376 -3.0924499511718757 1.3554699707031233
v -9.932249755859376 -1.3981100463867189 -1.5267925800761827e-15
v -9.932249755859376 -3.0924499511718757 1.3554699707031233
v -10.030850219726563 -3.3160949707031255 1.5239999389648418
v -9.932249755859376 -3.0924499511718757 1.523999938964842
v -7.9101501464843755 -3.0924499511718753 0.9530549621582015
v -7.91594970703125 -3.0924499511718757 1.0311199951171859
v -7.933099975585938 -3.0924499511718757 1.1068199920654282
v -7.9101501464843755 -3.0924499511718753 0.9530549621582015
v -7.933099975585938 -3.0924499511718757 1.1068199920654282
v -7.961199951171875 -3.0924499511718757 1.1778450012207016
v -7.9101501464843755 -3.0924499511718753 0.9530549621582015
v -7.961199951171875 -3.0924499511718757 1.1778450012207016
v -7.999299926757812 -3.0924499511718757 1.2420400238037095
v -7.9101501464843755 -3.0924499511718753 0.9530549621582015
v -7.999299926757812 -3.0924499511718757 1.2420400238037095
v -8.04625 -3.0924499511718757 1.2974499511718736
v -7.9101501464843755 -3.0924499511718753 0.9530549621582015
v -8.04625 -3.0924499511718757 1.2974499511718736
v -8.100650024414062 -3.0924499511718757 1.342400054931639
v -7.9101501464843755 -3.0924499511718753 0.9530549621582015
v -8.100650024414062 -3.0924499511718757 1.342400054931639
v -8.160850219726562 -3.0924499511718757 1.3755200195312483
v -7.9101501464843755 -3.0924499511718753 0.9530549621582015
v -8.160850219726562 -3.0924499511718757 1.3755200195312483
v -8.225 -3.0924499511718757 1.3958050537109357
v -7.9101501464843755 -3.0924499511718753 0.9530549621582015
v -8.225 -3.0924499511718757 1.3958050537109357
v -8.27905029296875 -3.0924499511718757 1.4013850402832013
v -7.9101501464843755 -3.0924499511718753 0.9530549621582015
v -8.27905029296875 -3.0924499511718757 1.4013850402832013
v -8.2852001953125 -3.0924499511718757 1.4019999694824201
v -7.9101501464843755 -3.0924499511718753 0.9530549621582015
v -8.2852001953125 -3.0924499511718757 1.4019999694824201
v -8.2872998046875 -3.0924499511718757 1.4022000122070295
v -7.9101501464843755 -3.0924499511718753 0.9530549621582015
v -8.2872998046875 -3.0924499511718757 1.4022000122070295
v -8.28844970703125 -3.0924499511718757 1.4022950744628888
v -7.9101501464843755 -3.0924499511718753 0.9530549621582015
v -8.28844970703125 -3.0924499511718757 1.4022950744628888
v -8.289199829101562 -3.0924499511718757 1.402350006103514
v -7.9101501464843755 -3.0924499511718753 0.9530549621582015
v -8.289199829101562 -3.0924499511718757 1.402350006103514
v -8.289749755859376 -3.0924499511718757 1.402384948730467
v -7.9101501464843755 -3.0924499511718753 0.9530549621582015
v -8.289749755859376 -3.0924499511718757 1.402384948730467
v -8.2902001953125 -3.0924499511718757 1.4024049377441388
v -7.9101501464843755 -3.0924499511718753 0.9530549621582015
v -8.2902001953125 -3.0924499511718757 1.4024049377441388
v -8.290599975585938 -3.0924499511718757 1.40241500854492
v -7.9101501464843755 -3.0924499511718753 0.9530549621582015
v -8.290599975585938 -3.0924499511718757 1.40241500854492
v -8.29094970703125 -3.0924499511718757 1.40241500854492
v -7.9101501464843755 -3.0924499511718753 0.9530549621582015
v -8.29094970703125 -3.0924499511718757 1.40241500854492
v -8.862449951171875 -3.0924499511718757 1.40241500854492
v -7.9101501464843755 -3.0924499511718753 0.9530549621582015
v -8.862449951171875 -3.0924499511718757 1.40241500854492
v -8.86280029296875 -3.0924499511718757 1.40241500854492
v -7.9101501464843755 -3.0924499511718753 0.9530549621582015
v -8.86280029296875 -3.0924499511718757 1.40241500854492
v -8.863200073242188 -3.0924499511718757 1.4024049377441388
v -7.9101501464843755 -3.0924499511718753 0.9530549621582015
v -8.863200073242188 -3.0924499511718757 1.4024049377441388
v -8.86364990234375 -3.0924499511718757 1.402384948730467
v -7.9101501464843755 -3.0924499511718753 0.9530549621582015
v -8.86364990234375 -3.0924499511718757 1.402384948730467
v -8.864199829101564 -3.0924499511718757 1.402350006103514
v -7.9101501464843755 -3.0924499511718753 0.9530549621582015
v -8.864199829101564 -3.0924499511718757 1.402350006103514
v -8.864949951171875 -3.0924499511718757 1.4022950744628888
v -7.9101501464843755 -3.0924499511718753 0.9530549621582015
v -8.864949951171875 -3.0924499511718757 1.4022950744628888
v -8.866099853515625 -3.0924499511718757 1.4022000122070295
v -7.9101501464843755 -3.0924499511718753 0.9530549621582015
v -8.866099853515625 -3.0924499511718757 1.4022000122070295
v -8.868200073242187 -3.0924499511718757 1.4019999694824201
v -7.9101501464843755 -3.0924499511718753 0.9530549621582015
v -8.868200073242187 -3.0924499511718757 1.4019999694824201
v -8.874349975585938 -3.0924499511718757 1.4013850402832013
v -7.9101501464843755 -3.0924499511718753 0.9530549621582015
v -8.874349975585938 -3.0924499511718757 1.4013850402832013
v -8.92844970703125 -3.0924499511718757 1.3958050537109357
v -7.9101501464843755 -3.0924499511718753 0.9530549621582015
v -8.92844970703125 -3.0924499511718757 1.3958050537109357
v -8.99260009765625 -3.0924499511718757 1.3755200195312483
v -7.9101501464843755 -3.0924499511718753 0.9530549621582015
v -8.99260009765625 -3.0924499511718757 1.3755200195312483
v -9.052750244140626 -3.0924499511718757 1.3424000549316388
v -7.9101501464843755 -3.0924499511718753 0.9530549621582015
v -9.052750244140626 -3.0924499511718757 1.3424000549316388
v -9.107150268554689 -3.0924499511718757 1.2974499511718733
v -7.9101501464843755 -3.0924499511718753 0.9530549621582015
v -9.107150268554689 -3.0924499511718757 1.2974499511718733
v -9.154149780273437 -3.0924499511718757 1.2420400238037093
v -7.9101501464843755 -3.0924499511718753 0.9530549621582015
v -9.154149780273437 -3.0924499511718757 1.2420400238037093
v -9.192249755859375 -3.0924499511718757 1.1778450012207013
v -7.9101501464843755 -3.0924499511718753 0.9530549621582015
v -9.192249755859375 -3.0924499511718757 1.1778450012207013
v -9.22030029296875 -3.0924499511718757 1.106819992065428
v -7.9101501464843755 -3.0924499511718753 0.9530549621582015
v -9.22030029296875 -3.0924499511718757 1.106819992065428
v -9.225150146484376 -3.0924499511718757 1.0855000305175764
v -7.9101501464843755 -3.0924499511718753 0.9530549621582015
v -9.225150146484376 -3.0924499511718757 1.0855000305175764
v -9.340599975585938 -3.0924499511718757 1.159414978027342
v -7.9101501464843755 -3.0924499511718753 0.9530549621582015
v -9.340599975585938 -3.0924499511718757 1.159414978027342
v -9.590650024414062 -3.0924499511718757 1.2822500610351546
v -7.9101501464843755 -3.0924499511718753 0.9530549621582015
v -9.590650024414062 -3.0924499511718757 1.2822500610351546
v -9.773699951171876 -3.0924499511718757 1.3387750244140608
v -7.9101501464843755 -3.0924499511718753 0.9530549621582015
v -9.773699951171876 -3.0924499511718757 1.3387750244140608
v -9.932249755859376 -3.0924499511718757 1.3554699707031233
v -7.9101501464843755 -3.0924499511718753 0.9530549621582015
v -9.932249755859376 -3.0924499511718757 1.3554699707031233
v -9.932249755859376 -3.0924499511718757 1.523999938964842
v -7.9101501464843755 -3.0924499511718753 0.9530549621582015
v -9.932249755859376 -3.0924499511718757 1.523999938964842
v -7.955650024414063 -3.0924499511718757 1.5239999389648422
v -7.9101501464843755 -3.0924499511718753 0.9530549621582015
v -7.955650024414063 -3.0924499511718757 1.5239999389648422
v -7.724149780273438 -3.0924499511718753 -1.6325973581130512e-15
v -7.9101501464843755 -3.0924499511718753 0.9530549621582015
v -7.724149780273438 -3.0924499511718753 -1.6325973581130512e-15
v -8.004149780273437 -3.0924499511718753 0.20873449325561358
v -7.9101501464843755 -3.0924499511718753 0.9530549621582015
v -8.004149780273437 -3.0924499511718753 0.20873449325561358
v -7.999299926757812 -3.0924499511718753 0.21448900222778156
v -7.9101501464843755 -3.0924499511718753 0.9530549621582015
v -7.999299926757812 -3.0924499511718753 0.21448900222778156
v -7.961199951171875 -3.0924499511718753 0.27868349075317217
v -7.9101501464843755 -3.0924499511718753 0.9530549621582015
v -7.961199951171875 -3.0924499511718753 0.27868349075317217
v -7.933099975585938 -3.0924499511718753 0.34970798492431476
v -7.9101501464843755 -3.0924499511718753 0.9530549621582015
v -7.933099975585938 -3.0924499511718753 0.34970798492431476
v -7.91594970703125 -3.0924499511718753 0.4254045104980453
v -7.9101501464843755 -3.0924499511718753 0.9530549621582015
v -7.91594970703125 -3.0924499511718753 0.4254045104980453
v -7.9101501464843755 -3.0924499511718753 0.5034749984741195
v -7.915750122070313 -3.089555053710938 1.0311199951171859
v -7.91594970703125 -3.0924499511718757 1.0311199951171859
v -7.9101501464843755 -3.0924499511718753 0.9530549621582015
v -7.915750122070313 -3.089555053710938 1.0311199951171859
v -7.9101501464843755 -3.0924499511718753 0.9530549621582015
v -7.909949951171876 -3.0895550537109377 0.9530549621582015
v -7.932949829101562 -3.089555053710938 1.1068199920654282
v -7.933099975585938 -3.0924499511718757 1.1068199920654282
v -7.91594970703125 -3.0924499511718757 1.0311199951171859
v -7.932949829101562 -3.089555053710938 1.1068199920654282
v -7.91594970703125 -3.0924499511718757 1.0311199951171859
v -7.915750122070313 -3.089555053710938 1.0311199951171859
v -7.960999755859375 -3.089555053710938 1.1778450012207016
v -7.961199951171875 -3.0924499511718757 1.1778450012207016
v -7.933099975585938 -3.0924499511718757 1.1068199920654282
v -7.960999755859375 -3.089555053710938 1.1778450012207016
v -7.933099975585938 -3.0924499511718757 1.1068199920654282
v -7.932949829101562 -3.089555053710938 1.1068199920654282
v -7.9990997314453125 -3.089555053710938 1.2420400238037095
v -7.999299926757812 -3.0924499511718757 1.2420400238037095
v -7.961199951171875 -3.0924499511718757 1.1778450012207016
v -7.9990997314453125 -3.089555053710938 1.2420400238037095
v -7.961199951171875 -3.0924499511718757 1.1778450012207016
v -7.960999755859375 -3.089555053710938 1.1778450012207016
v -8.0460498046875 -3.089555053710938 1.2974499511718736
v -8.04625 -3.0924499511718757 1.2974499511718736
v -7.999299926757812 -3.0924499511718757 1.2420400238037095
v -8.0460498046875 -3.089555053710938 1.2974499511718736
v -7.999299926757812 -3.0924499511718757 1.2420400238037095
v -7.9990997314453125 -3.089555053710938 1.2420400238037095
v -8.100449829101562 -3.089555053710938 1.342400054931639
v -8.100650024414062 -3.0924499511718757 1.342400054931639
v -8.04625 -3.0924499511718757 1.2974499511718736
v -8.100449829101562 -3.089555053710938 1.342400054931639
v -8.04625 -3.0924499511718757 1.2974499511718736
v -8.0460498046875 -3.089555053710938 1.2974499511718736
v -8.160650024414062 -3.089555053710938 1.3755200195312483
v -8.160850219726562 -3.0924499511718757 1.3755200195312483
v -8.100650024414062 -3.0924499511718757 1.342400054931639
v -8.160650024414062 -3.089555053710938 1.3755200195312483
v -8.100650024414062 -3.0924499511718757 1.342400054931639
v -8.100449829101562 -3.089555053710938 1.342400054931639
v -8.2247998046875 -3.089555053710938 1.3958050537109357
v -8.225 -3.0924499511718757 1.3958050537109357
v -8.160850219726562 -3.0924499511718757 1.3755200195312483
v -8.2247998046875 -3.089555053710938 1.3958050537109357
v -8.160850219726562 -3.0924499511718757 1.3755200195312483
v -8.160650024414062 -3.089555053710938 1.3755200195312483
v -8.29094970703125 -3.089555053710938 1.4026350402832013
v -8.27905029296875 -3.0924499511718757 1.4013850402832013
v -8.225 -3.0924499511718757 1.3958050537109357
v -8.29094970703125 -3.089555053710938 1.4026350402832013
v -8.225 -3.0924499511718757 1.3958050537109357
v -8.2247998046875 -3.089555053710938 1.3958050537109357
v -8.29094970703125 -3.089555053710938 1.4026350402832013
v -8.2247998046875 -3.089555053710938 1.3958050537109357
v -8.2247998046875 -2.3008850097656257 1.3958050537109359
v -8.29094970703125 -3.089555053710938 1.4026350402832013
v -8.2247998046875 -2.3008850097656257 1.3958050537109359
v -8.29094970703125 -2.3008850097656257 1.4026350402832015
v -8.2247998046875 -3.089555053710938 1.3958050537109357
v -8.160650024414062 -3.089555053710938 1.3755200195312483
v -8.160650024414062 -2.3008850097656257 1.3755200195312485
v -8.2247998046875 -3.089555053710938 1.3958050537109357
v -8.160650024414062 -2.3008850097656257 1.3755200195312485
v -8.2247998046875 -2.3008850097656257 1.3958050537109359
v -8.160650024414062 -3.089555053710938 1.3755200195312483
v -8.100449829101562 -3.089555053710938 1.342400054931639
v -8.100449829101562 -2.3008850097656257 1.3424000549316393
v -8.160650024414062 -3.089555053710938 1.3755200195312483
v -8.100449829101562 -2.3008850097656257 1.3424000549316393
v -8.160650024414062 -2.3008850097656257 1.3755200195312485
v -8.100449829101562 -3.089555053710938 1.342400054931639
v -8.0460498046875 -3.089555053710938 1.2974499511718736
v -8.0460498046875 -2.3008850097656257 1.2974499511718738
v -8.100449829101562 -3.089555053710938 1.342400054931639
v -8.0460498046875 -2.3008850097656257 1.2974499511718738
v -8.100449829101562 -2.3008850097656257 1.3424000549316393
v -8.0460498046875 -3.089555053710938 1.2974499511718736
v -7.9990997314453125 -3.089555053710938 1.2420400238037095
v -7.9990997314453125 -2.3008850097656257 1.2420400238037097
v -8.0460498046875 -3.089555053710938 1.2974499511718736
v -7.9990997314453125 -2.3008850097656257 1.2420400238037097
v -8.0460498046875 -2.3008850097656257 1.2974499511718738
v -7.9990997314453125 -3.089555053710938 1.2420400238037095
v -7.960999755859375 -3.089555053710938 1.1778450012207016
v -7.960999755859375 -2.3008850097656257 1.1778450012207018
v -7.9990997314453125 -3.089555053710938 1.2420400238037095
v -7.960999755859375 -2.3008850097656257 1.1778450012207018
v -7.9990997314453125 -2.3008850097656257 1.2420400238037097
v -7.960999755859375 -3.089555053710938 1.1778450012207016
v -7.932949829101562 -3.089555053710938 1.1068199920654282
v -7.932949829101562 -2.3008850097656257 1.1068199920654285
v -7.960999755859375 -3.089555053710938 1.1778450012207016
v -7.932949829101562 -2.3008850097656257 1.1068199920654285
v -7.960999755859375 -2.3008850097656257 1.1778450012207018
v -7.932949829101562 -3.089555053710938 1.1068199920654282
v -7.915750122070313 -3.089555053710938 1.0311199951171859
v -7.915750122070313 -2.3008850097656257 1.031119995117186
v -7.932949829101562 -3.089555053710938 1.1068199920654282
v -7.915750122070313 -2.3008850097656257 1.031119995117186
v -7.932949829101562 -2.3008850097656257 1.1068199920654285
v -7.915750122070313 -3.089555053710938 1.0311199951171859
v -7.909949951171876 -3.0895550537109377 0.9530549621582015
v -7.909949951171876 -2.3008850097656253 0.9530549621582016
v -7.915750122070313 -3.089555053710938 1.0311199951171859
v -7.909949951171876 -2.3008850097656253 0.9530549621582016
v -7.915750122070313 -2.3008850097656257 1.031119995117186
v -7.909949951171876 -3.0895550537109377 0.9530549621582015
v -7.909949951171876 -3.0895550537109377 0.5034749984741195
v -7.909949951171876 -2.3008850097656253 0.5034749984741196
v -7.909949951171876 -3.0895550537109377 0.9530549621582015
v -7.909949951171876 -2.3008850097656253 0.5034749984741196
v -7.909949951171876 -2.3008850097656253 0.9530549621582016
v -7.909949951171876 -3.0895550537109377 0.9530549621582015
v -7.9101501464843755 -3.0924499511718753 0.9530549621582015
v -7.9101501464843755 -3.0924499511718753 0.5034749984741195
v -7.909949951171876 -3.0895550537109377 0.9530549621582015
v -7.9101501464843755 -3.0924499511718753 0.5034749984741195
v -7.909949951171876 -3.0895550537109377 0.5034749984741195
v -7.909949951171876 -3.0895550537109377 0.5034749984741195
v -7.9101501464843755 -3.0924499511718753 0.5034749984741195
v -7.91594970703125 -3.0924499511718753 0.4254045104980453
v -7.909949951171876 -3.0895550537109377 0.5034749984741195
v -7.91594970703125 -3.0924499511718753 0.4254045104980453
v -7.915750122070313 -3.0895550537109377 0.4254045104980453
v -7.915750122070313 -3.0895550537109377 0.4254045104980453
v -7.91594970703125 -3.0924499511718753 0.4254045104980453
v -7.933099975585938 -3.0924499511718753 0.34970798492431476
v -7.915750122070313 -3.0895550537109377 0.4254045104980453
v -7.933099975585938 -3.0924499511718753 0.34970798492431476
v -7.932949829101562 -3.0895550537109377 0.34970798492431476
v -7.932949829101562 -3.0895550537109377 0.34970798492431476
v -7.933099975585938 -3.0924499511718753 0.34970798492431476
v -7.961199951171875 -3.0924499511718753 0.27868349075317217
v -7.932949829101562 -3.0895550537109377 0.34970798492431476
v -7.961199951171875 -3.0924499511718753 0.27868349075317217
v -7.960999755859375 -3.0895550537109377 0.27868349075317217
v -7.960999755859375 -3.0895550537109377 0.27868349075317217
v -7.961199951171875 -3.0924499511718753 0.27868349075317217
v -7.999299926757812 -3.0924499511718753 0.21448900222778156
v -7.960999755859375 -3.0895550537109377 0.27868349075317217
v -7.999299926757812 -3.0924499511718753 0.21448900222778156
v -7.9990997314453125 -3.0895550537109377 0.21448900222778156
v -7.9990997314453125 -3.0895550537109377 0.21448900222778156
v -7.999299926757812 -3.0924499511718753 0.21448900222778156
v -8.004149780273437 -3.0924499511718753 0.20873449325561358
v -7.9990997314453125 -3.0895550537109377 0.21448900222778156
v -8.004149780273437 -3.0924499511718753 0.20873449325561358
v -8.004500122070313 -3.0895550537109377 0.20810249328613115
v -7.952550048828125 -2.541109924316406 -1.5381462454515616e-15
v -8.08760009765625 -2.6190850830078127 0.12476099967956386
v -8.0460498046875 -2.830474853515625 0.15907500267028646
v -7.952550048828125 -2.541109924316406 -1.5381462454515616e-15
v -8.0460498046875 -2.830474853515625 0.15907500267028646
v -8.004500122070313 -3.0895550537109377 0.20810249328613115
v -7.952550048828125 -2.541109924316406 -1.5381462454515616e-15
v -8.004500122070313 -3.0895550537109377 0.20810249328613115
v -8.004149780273437 -3.0924499511718753 0.20873449325561358
v -7.952550048828125 -2.541109924316406 -1.5381462454515616e-15
v -8.004149780273437 -3.0924499511718753 0.20873449325561358
v -7.724149780273438 -3.0924499511718753 -1.6325973581130512e-15
v -8.315800170898438 -2.0676649475097655 -1.47750565255112e-15
v -8.384349975585938 -2.136199951171875 0.0775374984741196
v -8.301749877929687 -2.2095849609375002 0.06072350025176851
v -8.315800170898438 -2.0676649475097655 -1.47750565255112e-15
v -8.301749877929687 -2.2095849609375002 0.06072350025176851
v -8.29094970703125 -2.221820068359375 0.05980850219726412
v -8.315800170898438 -2.0676649475097655 -1.47750565255112e-15
v -8.29094970703125 -2.221820068359375 0.05980850219726412
v -8.282150268554688 -2.231925048828125 0.059131999015806604
v -8.315800170898438 -2.0676649475097655 -1.47750565255112e-15
v -8.282150268554688 -2.231925048828125 0.059131999015806604
v -8.275 -2.2403799438476564 0.05871049880981294
v -8.315800170898438 -2.0676649475097655 -1.47750565255112e-15
v -8.275 -2.2403799438476564 0.05871049880981294
v -8.268800048828124 -2.247949981689453 0.058466000556944286
v -8.315800170898438 -2.0676649475097655 -1.47750565255112e-15
v -8.268800048828124 -2.247949981689453 0.058466000556944286
v -8.263150024414063 -2.2551300048828127 0.058361501693724074
v -8.315800170898438 -2.0676649475097655 -1.47750565255112e-15
v -8.263150024414063 -2.2551300048828127 0.058361501693724074
v -8.257650146484375 -2.2623199462890624 0.05838200092315523
v -8.315800170898438 -2.0676649475097655 -1.47750565255112e-15
v -8.257650146484375 -2.2623199462890624 0.05838200092315523
v -8.252050170898437 -2.269900054931641 0.058529500961302196
v -8.315800170898438 -2.0676649475097655 -1.47750565255112e-15
v -8.252050170898437 -2.269900054931641 0.058529500961302196
v -8.2460498046875 -2.2783349609375 0.05882599830627289
v -8.315800170898438 -2.0676649475097655 -1.47750565255112e-15
v -8.2460498046875 -2.2783349609375 0.05882599830627289
v -8.239199829101562 -2.2882899475097656 0.05932000160217134
v -8.315800170898438 -2.0676649475097655 -1.47750565255112e-15
v -8.239199829101562 -2.2882899475097656 0.05932000160217134
v -8.230750122070313 -2.3008850097656253 0.06010849952697602
v -8.315800170898438 -2.0676649475097655 -1.47750565255112e-15
v -8.230750122070313 -2.3008850097656253 0.06010849952697602
v -8.2247998046875 -2.3099049377441405 0.0607235002517685
v -8.315800170898438 -2.0676649475097655 -1.47750565255112e-15
v -8.2247998046875 -2.3099049377441405 0.0607235002517685
v -8.160650024414062 -2.434795074462891 0.08100649833679045
v -8.315800170898438 -2.0676649475097655 -1.47750565255112e-15
v -8.160650024414062 -2.434795074462891 0.08100649833679045
v -8.100449829101562 -2.580660095214844 0.11412549972534025
v -8.315800170898438 -2.0676649475097655 -1.47750565255112e-15
v -8.100449829101562 -2.580660095214844 0.11412549972534025
v -8.08760009765625 -2.6190850830078127 0.12476099967956386
v -8.315800170898438 -2.0676649475097655 -1.47750565255112e-15
v -8.08760009765625 -2.6190850830078127 0.12476099967956386
v -7.952550048828125 -2.541109924316406 -1.5381462454515616e-15
v -8.789249877929688 -1.7043800354003906 -1.4548210645938763e-15
v -8.914650268554688 -1.9215350341796875 0.20060350418090672
v -8.910850219726562 -1.9220100402832032 0.19905399322509615
v -8.789249877929688 -1.7043800354003906 -1.4548210645938763e-15
v -8.910850219726562 -1.9220100402832032 0.19905399322509615
v -8.862449951171875 -1.9345700073242187 0.18331600189208835
v -8.789249877929688 -1.7043800354003906 -1.4548210645938763e-15
v -8.862449951171875 -1.9345700073242187 0.18331600189208835
v -8.77614990234375 -1.9629200744628907 0.15907500267028657
v -8.789249877929688 -1.7043800354003906 -1.4548210645938763e-15
v -8.77614990234375 -1.9629200744628907 0.15907500267028657
v -8.586799926757813 -2.0379949951171876 0.1141254997253403
v -8.789249877929688 -1.7043800354003906 -1.4548210645938763e-15
v -8.586799926757813 -2.0379949951171876 0.1141254997253403
v -8.41114990234375 -2.121060028076172 0.0810064983367905
v -8.789249877929688 -1.7043800354003906 -1.4548210645938763e-15
v -8.41114990234375 -2.121060028076172 0.0810064983367905
v -8.384349975585938 -2.136199951171875 0.0775374984741196
v -8.789249877929688 -1.7043800354003906 -1.4548210645938763e-15
v -8.384349975585938 -2.136199951171875 0.0775374984741196
v -8.315800170898438 -2.0676649475097655 -1.47750565255112e-15
v -9.590650024414062 -3.0924499511718757 1.2822500610351546
v -9.24344970703125 -2.4910699462890626 0.7267150115966781
v -9.24344970703125 -2.3008850097656253 0.5849349975585921
v -9.590650024414062 -3.0924499511718757 1.2822500610351546
v -9.24344970703125 -2.3008850097656253 0.5849349975585921
v -9.237650146484375 -2.2095849609375002 0.5150849914550766
v -9.590650024414062 -3.0924499511718757 1.2822500610351546
v -9.237650146484375 -2.2095849609375002 0.5150849914550766
v -9.234849853515625 -2.1951699829101563 0.5034749984741196
v -9.590650024414062 -3.0924499511718757 1.2822500610351546
v -9.234849853515625 -2.1951699829101563 0.5034749984741196
v -9.21635009765625 -2.1231399536132813 0.4440554809570297
v -9.590650024414062 -3.0924499511718757 1.2822500610351546
v -9.21635009765625 -2.1231399536132813 0.4440554809570297
v -9.20760009765625 -2.1017449951171874 0.42540451049804534
v -9.590650024414062 -3.0924499511718757 1.2822500610351546
v -9.20760009765625 -2.1017449951171874 0.42540451049804534
v -9.177949829101562 -2.0495249938964846 0.37732101440429533
v -9.590650024414062 -3.0924499511718757 1.2822500610351546
v -9.177949829101562 -2.0495249938964846 0.37732101440429533
v -9.156099853515625 -2.0215249633789063 0.3497079849243149
v -9.590650024414062 -3.0924499511718757 1.2822500610351546
v -9.156099853515625 -2.0215249633789063 0.3497079849243149
v -9.12780029296875 -1.9936549377441406 0.32018051147460785
v -9.590650024414062 -3.0924499511718757 1.2822500610351546
v -9.12780029296875 -1.9936549377441406 0.32018051147460785
v -9.079000244140625 -1.9582000732421876 0.2786834907531723
v -9.590650024414062 -3.0924499511718757 1.2822500610351546
v -9.079000244140625 -1.9582000732421876 0.2786834907531723
v -9.072849731445313 -1.9548350524902345 0.27428649902343594
v -9.590650024414062 -3.0924499511718757 1.2822500610351546
v -9.072849731445313 -1.9548350524902345 0.27428649902343594
v -9.016199951171876 -1.9334100341796876 0.24081350326537934
v -9.590650024414062 -3.0924499511718757 1.2822500610351546
v -9.016199951171876 -1.9334100341796876 0.24081350326537934
v -8.9625 -1.9216549682617188 0.21546400070190277
v -9.590650024414062 -3.0924499511718757 1.2822500610351546
v -8.9625 -1.9216549682617188 0.21546400070190277
v -8.959749755859375 -1.921475067138672 0.2144890022277817
v -9.590650024414062 -3.0924499511718757 1.2822500610351546
v -8.959749755859375 -1.921475067138672 0.2144890022277817
v -8.914650268554688 -1.9215350341796875 0.20060350418090672
v -9.590650024414062 -3.0924499511718757 1.2822500610351546
v -8.914650268554688 -1.9215350341796875 0.20060350418090672
v -8.789249877929688 -1.7043800354003906 -1.4548210645938763e-15
v -9.590650024414062 -3.0924499511718757 1.2822500610351546
v -8.789249877929688 -1.7043800354003906 -1.4548210645938763e-15
v -9.340599975585938 -1.4760049438476563 -1.4716325208457624e-15
v -9.590650024414062 -3.0924499511718757 1.2822500610351546
v -9.340599975585938 -1.4760049438476563 -1.4716325208457624e-15
v -9.773699951171876 -3.0924499511718757 1.3387750244140608
v -9.340599975585938 -3.0924499511718757 1.159414978027342
v -9.235549926757812 -2.9873800659179692 1.0405400085449201
v -9.237650146484375 -2.9710299682617194 1.0311199951171857
v -9.340599975585938 -3.0924499511718757 1.159414978027342
v -9.237650146484375 -2.9710299682617194 1.0311199951171857
v -9.24344970703125 -2.844635009765625 0.9530549621582014
v -9.340599975585938 -3.0924499511718757 1.159414978027342
v -9.24344970703125 -2.844635009765625 0.9530549621582014
v -9.24344970703125 -2.4910699462890626 0.7267150115966781
v -9.340599975585938 -3.0924499511718757 1.159414978027342
v -9.24344970703125 -2.4910699462890626 0.7267150115966781
v -9.590650024414062 -3.0924499511718757 1.2822500610351546
v -9.340599975585938 -3.0924499511718757 1.159414978027342
v -9.225150146484376 -3.0924499511718757 1.0855000305175764
v -9.225599975585938 -3.089555053710938 1.0843599700927717
v -9.340599975585938 -3.0924499511718757 1.159414978027342
v -9.225599975585938 -3.089555053710938 1.0843599700927717
v -9.235549926757812 -2.9873800659179692 1.0405400085449201
v -9.220499877929688 -3.089555053710938 1.106819992065428
v -9.225599975585938 -3.089555053710938 1.0843599700927717
v -9.225150146484376 -3.0924499511718757 1.0855000305175764
v -9.220499877929688 -3.089555053710938 1.106819992065428
v -9.225150146484376 -3.0924499511718757 1.0855000305175764
v -9.22030029296875 -3.0924499511718757 1.106819992065428
v -9.237650146484375 -2.3008850097656257 1.0311199951171859
v -9.237650146484375 -2.9710299682617194 1.0311199951171857
v -9.235549926757812 -2.9873800659179692 1.0405400085449201
v -9.237650146484375 -2.3008850097656257 1.0311199951171859
v -9.235549926757812 -2.9873800659179692 1.0405400085449201
v -9.225599975585938 -3.089555053710938 1.0843599700927717
v -9.237650146484375 -2.3008850097656257 1.0311199951171859
v -9.225599975585938 -3.089555053710938 1.0843599700927717
v -9.220499877929688 -3.089555053710938 1.106819992065428
v -9.237650146484375 -2.3008850097656257 1.0311199951171859
v -9.220499877929688 -3.089555053710938 1.106819992065428
v -9.220499877929688 -2.3008850097656257 1.1068199920654282
v -9.24344970703125 -2.3008850097656253 0.9530549621582015
v -9.24344970703125 -2.844635009765625 0.9530549621582014
v -9.237650146484375 -2.9710299682617194 1.0311199951171857
v -9.24344970703125 -2.3008850097656253 0.9530549621582015
v -9.237650146484375 -2.9710299682617194 1.0311199951171857
v -9.237650146484375 -2.3008850097656257 1.0311199951171859
v -9.24344970703125 -2.3008850097656253 0.9530549621582015
v -9.24344970703125 -2.3008850097656253 0.5849349975585921
v -9.24344970703125 -2.4910699462890626 0.7267150115966781
v -9.24344970703125 -2.3008850097656253 0.9530549621582015
v -9.24344970703125 -2.4910699462890626 0.7267150115966781
v -9.24344970703125 -2.844635009765625 0.9530549621582014
v -9.237650146484375 -2.2095849609375002 0.9530549621582016
v -9.237650146484375 -2.2095849609375002 0.5150849914550766
v -9.24344970703125 -2.3008850097656253 0.5849349975585921
v -9.237650146484375 -2.2095849609375002 0.9530549621582016
v -9.24344970703125 -2.3008850097656253 0.5849349975585921
v -9.24344970703125 -2.3008850097656253 0.9530549621582015
v -9.220499877929688 -2.121060028076172 0.5034749984741196
v -9.234849853515625 -2.1951699829101563 0.5034749984741196
v -9.237650146484375 -2.2095849609375002 0.5150849914550766
v -9.220499877929688 -2.121060028076172 0.5034749984741196
v -9.237650146484375 -2.2095849609375002 0.5150849914550766
v -9.237650146484375 -2.2095849609375002 0.9530549621582016
v -9.220499877929688 -2.121060028076172 0.5034749984741196
v -9.237650146484375 -2.2095849609375002 0.9530549621582016
v -9.220499877929688 -2.121060028076172 0.9530549621582016
v -9.220499877929688 -2.121060028076172 0.5034749984741196
v -9.21635009765625 -2.1231399536132813 0.4440554809570297
v -9.234849853515625 -2.1951699829101563 0.5034749984741196
v -9.187399902343751 -2.0419900512695315 0.42540451049804534
v -9.20760009765625 -2.1017449951171874 0.42540451049804534
v -9.21635009765625 -2.1231399536132813 0.4440554809570297
v -9.187399902343751 -2.0419900512695315 0.42540451049804534
v -9.21635009765625 -2.1231399536132813 0.4440554809570297
v -9.220499877929688 -2.121060028076172 0.5034749984741196
v -9.187399902343751 -2.0419900512695315 0.42540451049804534
v -9.220499877929688 -2.121060028076172 0.5034749984741196
v -9.19239990234375 -2.0379949951171876 0.5034749984741196
v -9.187399902343751 -2.0419900512695315 0.42540451049804534
v -9.177949829101562 -2.0495249938964846 0.37732101440429533
v -9.20760009765625 -2.1017449951171874 0.42540451049804534
v -9.136699829101563 -1.9833050537109376 0.3497079849243149
v -9.156099853515625 -2.0215249633789063 0.3497079849243149
v -9.177949829101562 -2.0495249938964846 0.37732101440429533
v -9.136699829101563 -1.9833050537109376 0.3497079849243149
v -9.177949829101562 -2.0495249938964846 0.37732101440429533
v -9.187399902343751 -2.0419900512695315 0.42540451049804534
v -9.136699829101563 -1.9833050537109376 0.3497079849243149
v -9.187399902343751 -2.0419900512695315 0.42540451049804534
v -9.14989990234375 -1.968054962158203 0.42540451049804534
v -9.136699829101563 -1.9833050537109376 0.3497079849243149
v -9.12780029296875 -1.9936549377441406 0.32018051147460785
v -9.156099853515625 -2.0215249633789063 0.3497079849243149
v -9.074550170898437 -1.9520750427246094 0.2786834907531723
v -9.079000244140625 -1.9582000732421876 0.2786834907531723
v -9.12780029296875 -1.9936549377441406 0.32018051147460785
v -9.074550170898437 -1.9520750427246094 0.2786834907531723
v -9.12780029296875 -1.9936549377441406 0.32018051147460785
v -9.136699829101563 -1.9833050537109376 0.3497079849243149
v -9.074550170898437 -1.9520750427246094 0.2786834907531723
v -9.136699829101563 -1.9833050537109376 0.3497079849243149
v -9.09260009765625 -1.9224049377441406 0.3497079849243149
v -9.074550170898437 -1.9520750427246094 0.2786834907531723
v -9.072849731445313 -1.9548350524902345 0.27428649902343594
v -9.079000244140625 -1.9582000732421876 0.2786834907531723
v -9.027449951171874 -1.9065499877929688 0.2786834907531723
v -9.016199951171876 -1.9334100341796876 0.24081350326537934
v -9.072849731445313 -1.9548350524902345 0.27428649902343594
v -9.027449951171874 -1.9065499877929688 0.2786834907531723
v -9.072849731445313 -1.9548350524902345 0.27428649902343594
v -9.074550170898437 -1.9520750427246094 0.2786834907531723
v -8.97530029296875 -1.8730099487304688 0.27868349075317234
v -8.9625 -1.9216549682617188 0.21546400070190277
v -9.016199951171876 -1.9334100341796876 0.24081350326537934
v -8.97530029296875 -1.8730099487304688 0.27868349075317234
v -9.016199951171876 -1.9334100341796876 0.24081350326537934
v -9.027449951171874 -1.9065499877929688 0.2786834907531723
v -8.913150024414064 -1.9042349243164063 0.21448900222778172
v -8.959749755859375 -1.921475067138672 0.2144890022277817
v -8.9625 -1.9216549682617188 0.21546400070190277
v -8.913150024414064 -1.9042349243164063 0.21448900222778172
v -8.9625 -1.9216549682617188 0.21546400070190277
v -8.97530029296875 -1.8730099487304688 0.27868349075317234
v -8.913150024414064 -1.9042349243164063 0.21448900222778172
v -8.97530029296875 -1.8730099487304688 0.27868349075317234
v -8.919749755859375 -1.852465057373047 0.27868349075317234
v -8.913150024414064 -1.9042349243164063 0.21448900222778172
v -8.910850219726562 -1.9220100402832032 0.19905399322509615
v -8.914650268554688 -1.9215350341796875 0.20060350418090672
v -8.913150024414064 -1.9042349243164063 0.21448900222778172
v -8.914650268554688 -1.9215350341796875 0.20060350418090672
v -8.959749755859375 -1.921475067138672 0.2144890022277817
v -8.862449951171875 -1.8981149291992188 0.21448900222778172
v -8.862449951171875 -1.9345700073242187 0.18331600189208835
v -8.910850219726562 -1.9220100402832032 0.19905399322509615
v -8.862449951171875 -1.8981149291992188 0.21448900222778172
v -8.910850219726562 -1.9220100402832032 0.19905399322509615
v -8.913150024414064 -1.9042349243164063 0.21448900222778172
v -8.29094970703125 -1.9629200744628907 0.15907500267028662
v -8.77614990234375 -1.9629200744628907 0.15907500267028657
v -8.862449951171875 -1.9345700073242187 0.18331600189208835
v -8.29094970703125 -1.9629200744628907 0.15907500267028662
v -8.862449951171875 -1.9345700073242187 0.18331600189208835
v -8.862449951171875 -1.8981149291992188 0.21448900222778172
v -8.29094970703125 -1.9629200744628907 0.15907500267028662
v -8.862449951171875 -1.8981149291992188 0.21448900222778172
v -8.29094970703125 -1.8981149291992188 0.21448900222778178
v -8.29094970703125 -2.0379949951171876 0.11412549972534033
v -8.586799926757813 -2.0379949951171876 0.1141254997253403
v -8.77614990234375 -1.9629200744628907 0.15907500267028657
v -8.29094970703125 -2.0379949951171876 0.11412549972534033
v -8.77614990234375 -1.9629200744628907 0.15907500267028657
v -8.29094970703125 -1.9629200744628907 0.15907500267028662
v -8.29094970703125 -2.121060028076172 0.08100649833679051
v -8.41114990234375 -2.121060028076172 0.0810064983367905
v -8.586799926757813 -2.0379949951171876 0.1141254997253403
v -8.29094970703125 -2.121060028076172 0.08100649833679051
v -8.586799926757813 -2.0379949951171876 0.1141254997253403
v -8.29094970703125 -2.0379949951171876 0.11412549972534033
v -8.29094970703125 -2.2095849609375002 0.060723500251768515
v -8.301749877929687 -2.2095849609375002 0.06072350025176851
v -8.384349975585938 -2.136199951171875 0.0775374984741196
v -8.29094970703125 -2.2095849609375002 0.060723500251768515
v -8.384349975585938 -2.136199951171875 0.0775374984741196
v -8.41114990234375 -2.121060028076172 0.0810064983367905
v -8.29094970703125 -2.2095849609375002 0.060723500251768515
v -8.41114990234375 -2.121060028076172 0.0810064983367905
v -8.29094970703125 -2.121060028076172 0.08100649833679051
v -8.29094970703125 -2.2095849609375002 0.060723500251768515
v -8.29094970703125 -2.221820068359375 0.05980850219726412
v -8.301749877929687 -2.2095849609375002 0.06072350025176851
v -8.279450073242188 -2.2109750366210936 0.060723500251768515
v -8.282150268554688 -2.231925048828125 0.059131999015806604
v -8.29094970703125 -2.221820068359375 0.05980850219726412
v -8.279450073242188 -2.2109750366210936 0.060723500251768515
v -8.29094970703125 -2.221820068359375 0.05980850219726412
v -8.29094970703125 -2.2095849609375002 0.060723500251768515
v -8.268350219726562 -2.215090026855469 0.060723500251768515
v -8.275 -2.2403799438476564 0.05871049880981294
v -8.282150268554688 -2.231925048828125 0.059131999015806604
v -8.268350219726562 -2.215090026855469 0.060723500251768515
v -8.282150268554688 -2.231925048828125 0.059131999015806604
v -8.279450073242188 -2.2109750366210936 0.060723500251768515
v -8.257849731445313 -2.221820068359375 0.060723500251768515
v -8.268800048828124 -2.247949981689453 0.058466000556944286
v -8.275 -2.2403799438476564 0.05871049880981294
v -8.257849731445313 -2.221820068359375 0.060723500251768515
v -8.275 -2.2403799438476564 0.05871049880981294
v -8.268350219726562 -2.215090026855469 0.060723500251768515
v -8.24844970703125 -2.2309449768066405 0.060723500251768515
v -8.263150024414063 -2.2551300048828127 0.058361501693724074
v -8.268800048828124 -2.247949981689453 0.058466000556944286
v -8.24844970703125 -2.2309449768066405 0.060723500251768515
v -8.268800048828124 -2.247949981689453 0.058466000556944286
v -8.257849731445313 -2.221820068359375 0.060723500251768515
v -8.240250244140626 -2.2422000122070314 0.060723500251768515
v -8.257650146484375 -2.2623199462890624 0.05838200092315523
v -8.263150024414063 -2.2551300048828127 0.058361501693724074
v -8.240250244140626 -2.2422000122070314 0.060723500251768515
v -8.263150024414063 -2.2551300048828127 0.058361501693724074
v -8.24844970703125 -2.2309449768066405 0.060723500251768515
v -8.23364990234375 -2.2552349853515627 0.060723500251768515
v -8.252050170898437 -2.269900054931641 0.058529500961302196
v -8.257650146484375 -2.2623199462890624 0.05838200092315523
v -8.23364990234375 -2.2552349853515627 0.060723500251768515
v -8.257650146484375 -2.2623199462890624 0.05838200092315523
v -8.240250244140626 -2.2422000122070314 0.060723500251768515
v -8.228800048828125 -2.2696600341796875 0.06072350025176851
v -8.2460498046875 -2.2783349609375 0.05882599830627289
v -8.252050170898437 -2.269900054931641 0.058529500961302196
v -8.228800048828125 -2.2696600341796875 0.06072350025176851
v -8.252050170898437 -2.269900054931641 0.058529500961302196
v -8.23364990234375 -2.2552349853515627 0.060723500251768515
v -8.225800170898438 -2.2850300598144533 0.06072350025176851
v -8.239199829101562 -2.2882899475097656 0.05932000160217134
v -8.2460498046875 -2.2783349609375 0.05882599830627289
v -8.225800170898438 -2.2850300598144533 0.06072350025176851
v -8.2460498046875 -2.2783349609375 0.05882599830627289
v -8.228800048828125 -2.2696600341796875 0.06072350025176851
v -8.2247998046875 -2.3008850097656253 0.0607235002517685
v -8.230750122070313 -2.3008850097656253 0.06010849952697602
v -8.239199829101562 -2.2882899475097656 0.05932000160217134
v -8.2247998046875 -2.3008850097656253 0.0607235002517685
v -8.239199829101562 -2.2882899475097656 0.05932000160217134
v -8.225800170898438 -2.2850300598144533 0.06072350025176851
v -8.2247998046875 -2.3008850097656253 0.0607235002517685
v -8.2247998046875 -2.3099049377441405 0.0607235002517685
v -8.230750122070313 -2.3008850097656253 0.06010849952697602
v -8.160650024414062 -2.3008850097656253 0.08100649833679048
v -8.160650024414062 -2.434795074462891 0.08100649833679045
v -8.2247998046875 -2.3099049377441405 0.0607235002517685
v -8.160650024414062 -2.3008850097656253 0.08100649833679048
v -8.2247998046875 -2.3099049377441405 0.0607235002517685
v -8.2247998046875 -2.3008850097656253 0.0607235002517685
v -8.100449829101562 -2.3008850097656253 0.11412549972534031
v -8.100449829101562 -2.580660095214844 0.11412549972534025
v -8.160650024414062 -2.434795074462891 0.08100649833679045
v -8.100449829101562 -2.3008850097656253 0.11412549972534031
v -8.160650024414062 -2.434795074462891 0.08100649833679045
v -8.160650024414062 -2.3008850097656253 0.08100649833679048
v -8.0460498046875 -2.3008850097656253 0.1590750026702866
v -8.0460498046875 -2.830474853515625 0.15907500267028646
v -8.08760009765625 -2.6190850830078127 0.12476099967956386
v -8.0460498046875 -2.3008850097656253 0.1590750026702866
v -8.08760009765625 -2.6190850830078127 0.12476099967956386
v -8.100449829101562 -2.580660095214844 0.11412549972534025
v -8.0460498046875 -2.3008850097656253 0.1590750026702866
v -8.100449829101562 -2.580660095214844 0.11412549972534025
v -8.100449829101562 -2.3008850097656253 0.11412549972534031
v -7.9990997314453125 -3.0895550537109377 0.21448900222778156
v -8.004500122070313 -3.0895550537109377 0.20810249328613115
v -8.0460498046875 -2.830474853515625 0.15907500267028646
v -7.9990997314453125 -3.0895550537109377 0.21448900222778156
v -8.0460498046875 -2.830474853515625 0.15907500267028646
v -8.0460498046875 -2.3008850097656253 0.1590750026702866
v -7.9990997314453125 -3.0895550537109377 0.21448900222778156
v -8.0460498046875 -2.3008850097656253 0.1590750026702866
v -7.9990997314453125 -2.3008850097656253 0.21448900222778175
v -8.0035498046875 -2.2309449768066405 0.21448900222778175
v -7.9990997314453125 -2.3008850097656253 0.21448900222778175
v -8.0460498046875 -2.3008850097656253 0.1590750026702866
v -8.0035498046875 -2.2309449768066405 0.21448900222778175
v -8.0460498046875 -2.3008850097656253 0.1590750026702866
v -8.049749755859375 -2.2422000122070314 0.1590750026702866
v -7.965999755859375 -2.221820068359375 0.27868349075317234
v -7.960999755859375 -2.3008850097656253 0.27868349075317234
v -7.9990997314453125 -2.3008850097656253 0.21448900222778175
v -7.965999755859375 -2.221820068359375 0.27868349075317234
v -7.9990997314453125 -2.3008850097656253 0.21448900222778175
v -8.0035498046875 -2.2309449768066405 0.21448900222778175
v -7.938350219726563 -2.215090026855469 0.34970798492431493
v -7.932949829101562 -2.3008850097656253 0.34970798492431493
v -7.960999755859375 -2.3008850097656253 0.27868349075317234
v -7.938350219726563 -2.215090026855469 0.34970798492431493
v -7.960999755859375 -2.3008850097656253 0.27868349075317234
v -7.965999755859375 -2.221820068359375 0.27868349075317234
v -7.9214501953125005 -2.2109750366210936 0.42540451049804545
v -7.915750122070313 -2.3008850097656253 0.42540451049804545
v -7.932949829101562 -2.3008850097656253 0.34970798492431493
v -7.9214501953125005 -2.2109750366210936 0.42540451049804545
v -7.932949829101562 -2.3008850097656253 0.34970798492431493
v -7.938350219726563 -2.215090026855469 0.34970798492431493
v -7.915750122070313 -2.2095849609375002 0.5034749984741197
v -7.909949951171876 -2.3008850097656253 0.5034749984741196
v -7.915750122070313 -2.3008850097656253 0.42540451049804545
v -7.915750122070313 -2.2095849609375002 0.5034749984741197
v -7.915750122070313 -2.3008850097656253 0.42540451049804545
v -7.9214501953125005 -2.2109750366210936 0.42540451049804545
v -7.909949951171876 -2.3008850097656253 0.5034749984741196
v -7.915750122070313 -2.2095849609375002 0.5034749984741197
v -7.915750122070313 -2.2095849609375002 0.9530549621582017
v -7.909949951171876 -2.3008850097656253 0.5034749984741196
v -7.915750122070313 -2.2095849609375002 0.9530549621582017
v -7.909949951171876 -2.3008850097656253 0.9530549621582016
v -7.915750122070313 -2.2095849609375002 0.5034749984741197
v -7.932949829101562 -2.121060028076172 0.5034749984741197
v -7.932949829101562 -2.121060028076172 0.9530549621582017
v -7.915750122070313 -2.2095849609375002 0.5034749984741197
v -7.932949829101562 -2.121060028076172 0.9530549621582017
v -7.915750122070313 -2.2095849609375002 0.9530549621582017
v -7.932949829101562 -2.121060028076172 0.5034749984741197
v -7.915750122070313 -2.2095849609375002 0.5034749984741197
v -7.9214501953125005 -2.2109750366210936 0.42540451049804545
v -7.932949829101562 -2.121060028076172 0.5034749984741197
v -7.9214501953125005 -2.2109750366210936 0.42540451049804545
v -7.938350219726563 -2.123789978027344 0.42540451049804545
v -7.938350219726563 -2.123789978027344 0.42540451049804545
v -7.9214501953125005 -2.2109750366210936 0.42540451049804545
v -7.938350219726563 -2.215090026855469 0.34970798492431493
v -7.938350219726563 -2.123789978027344 0.42540451049804545
v -7.938350219726563 -2.215090026855469 0.34970798492431493
v -7.954500122070312 -2.131905059814453 0.34970798492431493
v -7.954500122070312 -2.131905059814453 0.34970798492431493
v -7.938350219726563 -2.215090026855469 0.34970798492431493
v -7.965999755859375 -2.221820068359375 0.27868349075317234
v -7.954500122070312 -2.131905059814453 0.34970798492431493
v -7.965999755859375 -2.221820068359375 0.27868349075317234
v -7.980900268554688 -2.1451499938964846 0.27868349075317234
v -7.980900268554688 -2.1451499938964846 0.27868349075317234
v -7.965999755859375 -2.221820068359375 0.27868349075317234
v -8.0035498046875 -2.2309449768066405 0.21448900222778175
v -7.980900268554688 -2.1451499938964846 0.27868349075317234
v -8.0035498046875 -2.2309449768066405 0.21448900222778175
v -8.016699829101563 -2.163130035400391 0.21448900222778178
v -8.016699829101563 -2.163130035400391 0.21448900222778178
v -8.0035498046875 -2.2309449768066405 0.21448900222778175
v -8.049749755859375 -2.2422000122070314 0.1590750026702866
v -8.016699829101563 -2.163130035400391 0.21448900222778178
v -8.049749755859375 -2.2422000122070314 0.1590750026702866
v -8.060800170898437 -2.185294952392578 0.15907500267028662
v -8.060800170898437 -2.185294952392578 0.15907500267028662
v -8.049749755859375 -2.2422000122070314 0.1590750026702866
v -8.103350219726563 -2.2552349853515627 0.11412549972534031
v -8.060800170898437 -2.185294952392578 0.15907500267028662
v -8.103350219726563 -2.2552349853515627 0.11412549972534031
v -8.111950073242188 -2.2109750366210936 0.11412549972534032
v -8.049749755859375 -2.2422000122070314 0.1590750026702866
v -8.0460498046875 -2.3008850097656253 0.1590750026702866
v -8.100449829101562 -2.3008850097656253 0.11412549972534031
v -8.049749755859375 -2.2422000122070314 0.1590750026702866
v -8.100449829101562 -2.3008850097656253 0.11412549972534031
v -8.103350219726563 -2.2552349853515627 0.11412549972534031
v -8.103350219726563 -2.2552349853515627 0.11412549972534031
v -8.100449829101562 -2.3008850097656253 0.11412549972534031
v -8.160650024414062 -2.3008850097656253 0.08100649833679048
v -8.103350219726563 -2.2552349853515627 0.11412549972534031
v -8.160650024414062 -2.3008850097656253 0.08100649833679048
v -8.16260009765625 -2.2696600341796875 0.0810064983367905
v -8.16260009765625 -2.2696600341796875 0.0810064983367905
v -8.160650024414062 -2.3008850097656253 0.08100649833679048
v -8.2247998046875 -2.3008850097656253 0.0607235002517685
v -8.16260009765625 -2.2696600341796875 0.0810064983367905
v -8.2247998046875 -2.3008850097656253 0.0607235002517685
v -8.225800170898438 -2.2850300598144533 0.06072350025176851
v -8.168499755859376 -2.2393800354003908 0.0810064983367905
v -8.16260009765625 -2.2696600341796875 0.0810064983367905
v -8.225800170898438 -2.2850300598144533 0.06072350025176851
v -8.168499755859376 -2.2393800354003908 0.0810064983367905
v -8.225800170898438 -2.2850300598144533 0.06072350025176851
v -8.228800048828125 -2.2696600341796875 0.06072350025176851
v -8.111950073242188 -2.2109750366210936 0.11412549972534032
v -8.103350219726563 -2.2552349853515627 0.11412549972534031
v -8.16260009765625 -2.2696600341796875 0.0810064983367905
v -8.111950073242188 -2.2109750366210936 0.11412549972534032
v -8.16260009765625 -2.2696600341796875 0.0810064983367905
v -8.168499755859376 -2.2393800354003908 0.0810064983367905
v -8.125999755859375 -2.1694400024414064 0.11412549972534032
v -8.111950073242188 -2.2109750366210936 0.11412549972534032
v -8.168499755859376 -2.2393800354003908 0.0810064983367905
v -8.125999755859375 -2.1694400024414064 0.11412549972534032
v -8.168499755859376 -2.2393800354003908 0.0810064983367905
v -8.178099975585937 -2.2109750366210936 0.08100649833679051
v -8.07885009765625 -2.131905059814453 0.15907500267028662
v -8.060800170898437 -2.185294952392578 0.15907500267028662
v -8.111950073242188 -2.2109750366210936 0.11412549972534032
v -8.07885009765625 -2.131905059814453 0.15907500267028662
v -8.111950073242188 -2.2109750366210936 0.11412549972534032
v -8.125999755859375 -2.1694400024414064 0.11412549972534032
v -8.038200073242187 -2.099499969482422 0.21448900222778178
v -8.016699829101563 -2.163130035400391 0.21448900222778178
v -8.060800170898437 -2.185294952392578 0.15907500267028662
v -8.038200073242187 -2.099499969482422 0.21448900222778178
v -8.060800170898437 -2.185294952392578 0.15907500267028662
v -8.07885009765625 -2.131905059814453 0.15907500267028662
v -8.0052001953125 -2.0732150268554688 0.2786834907531724
v -7.980900268554688 -2.1451499938964846 0.27868349075317234
v -8.016699829101563 -2.163130035400391 0.21448900222778178
v -8.0052001953125 -2.0732150268554688 0.2786834907531724
v -8.016699829101563 -2.163130035400391 0.21448900222778178
v -8.038200073242187 -2.099499969482422 0.21448900222778178
v -7.980900268554688 -2.0538499450683596 0.349707984924315
v -7.954500122070312 -2.131905059814453 0.34970798492431493
v -7.980900268554688 -2.1451499938964846 0.27868349075317234
v -7.980900268554688 -2.0538499450683596 0.349707984924315
v -7.980900268554688 -2.1451499938964846 0.27868349075317234
v -8.0052001953125 -2.0732150268554688 0.2786834907531724
v -7.965999755859375 -2.0419900512695315 0.42540451049804545
v -7.938350219726563 -2.123789978027344 0.42540451049804545
v -7.954500122070312 -2.131905059814453 0.34970798492431493
v -7.965999755859375 -2.0419900512695315 0.42540451049804545
v -7.954500122070312 -2.131905059814453 0.34970798492431493
v -7.980900268554688 -2.0538499450683596 0.349707984924315
v -7.960999755859375 -2.0379949951171876 0.5034749984741197
v -7.932949829101562 -2.121060028076172 0.5034749984741197
v -7.938350219726563 -2.123789978027344 0.42540451049804545
v -7.960999755859375 -2.0379949951171876 0.5034749984741197
v -7.938350219726563 -2.123789978027344 0.42540451049804545
v -7.965999755859375 -2.0419900512695315 0.42540451049804545
v -7.932949829101562 -2.121060028076172 0.5034749984741197
v -7.960999755859375 -2.0379949951171876 0.5034749984741197
v -7.960999755859375 -2.0379949951171876 0.9530549621582017
v -7.932949829101562 -2.121060028076172 0.5034749984741197
v -7.960999755859375 -2.0379949951171876 0.9530549621582017
v -7.932949829101562 -2.121060028076172 0.9530549621582017
v -7.960999755859375 -2.0379949951171876 0.5034749984741197
v -7.9990997314453125 -1.962920074462891 0.5034749984741197
v -7.9990997314453125 -1.962920074462891 0.9530549621582017
v -7.960999755859375 -2.0379949951171876 0.5034749984741197
v -7.9990997314453125 -1.962920074462891 0.9530549621582017
v -7.960999755859375 -2.0379949951171876 0.9530549621582017
v -7.9990997314453125 -1.962920074462891 0.5034749984741197
v -7.960999755859375 -2.0379949951171876 0.5034749984741197
v -7.965999755859375 -2.0419900512695315 0.42540451049804545
v -7.9990997314453125 -1.962920074462891 0.5034749984741197
v -7.965999755859375 -2.0419900512695315 0.42540451049804545
v -8.0035498046875 -1.968054962158203 0.42540451049804545
v -8.0035498046875 -1.968054962158203 0.42540451049804545
v -7.965999755859375 -2.0419900512695315 0.42540451049804545
v -7.980900268554688 -2.0538499450683596 0.349707984924315
v -8.0035498046875 -1.968054962158203 0.42540451049804545
v -7.980900268554688 -2.0538499450683596 0.349707984924315
v -8.016699829101563 -1.9833050537109376 0.349707984924315
v -8.016699829101563 -1.9833050537109376 0.349707984924315
v -7.980900268554688 -2.0538499450683596 0.349707984924315
v -8.0052001953125 -2.0732150268554688 0.2786834907531724
v -8.016699829101563 -1.9833050537109376 0.349707984924315
v -8.0052001953125 -2.0732150268554688 0.2786834907531724
v -8.038200073242187 -2.0082000732421874 0.2786834907531724
v -8.038200073242187 -2.0082000732421874 0.2786834907531724
v -8.0052001953125 -2.0732150268554688 0.2786834907531724
v -8.038200073242187 -2.099499969482422 0.21448900222778178
v -8.038200073242187 -2.0082000732421874 0.2786834907531724
v -8.038200073242187 -2.099499969482422 0.21448900222778178
v -8.067349853515625 -2.0419900512695315 0.21448900222778178
v -8.067349853515625 -2.0419900512695315 0.21448900222778178
v -8.038200073242187 -2.099499969482422 0.21448900222778178
v -8.07885009765625 -2.131905059814453 0.15907500267028662
v -8.067349853515625 -2.0419900512695315 0.21448900222778178
v -8.07885009765625 -2.131905059814453 0.15907500267028662
v -8.103350219726563 -2.08364501953125 0.15907500267028662
v -8.103350219726563 -2.08364501953125 0.15907500267028662
v -8.07885009765625 -2.131905059814453 0.15907500267028662
v -8.125999755859375 -2.1694400024414064 0.11412549972534032
v -8.103350219726563 -2.08364501953125 0.15907500267028662
v -8.125999755859375 -2.1694400024414064 0.11412549972534032
v -8.145 -2.131905059814453 0.11412549972534033
v -8.145 -2.131905059814453 0.11412549972534033
v -8.125999755859375 -2.1694400024414064 0.11412549972534032
v -8.178099975585937 -2.2109750366210936 0.08100649833679051
v -8.145 -2.131905059814453 0.11412549972534033
v -8.178099975585937 -2.2109750366210936 0.08100649833679051
v -8.19114990234375 -2.185294952392578 0.08100649833679051
v -8.19114990234375 -2.185294952392578 0.08100649833679051
v -8.178099975585937 -2.2109750366210936 0.08100649833679051
v -8.23364990234375 -2.2552349853515627 0.060723500251768515
v -8.19114990234375 -2.185294952392578 0.08100649833679051
v -8.23364990234375 -2.2552349853515627 0.060723500251768515
v -8.240250244140626 -2.2422000122070314 0.060723500251768515
v -8.178099975585937 -2.2109750366210936 0.08100649833679051
v -8.168499755859376 -2.2393800354003908 0.0810064983367905
v -8.228800048828125 -2.2696600341796875 0.06072350025176851
v -8.178099975585937 -2.2109750366210936 0.08100649833679051
v -8.228800048828125 -2.2696600341796875 0.06072350025176851
v -8.23364990234375 -2.2552349853515627 0.060723500251768515
v -8.20719970703125 -2.163130035400391 0.08100649833679051
v -8.19114990234375 -2.185294952392578 0.08100649833679051
v -8.240250244140626 -2.2422000122070314 0.060723500251768515
v -8.20719970703125 -2.163130035400391 0.08100649833679051
v -8.240250244140626 -2.2422000122070314 0.060723500251768515
v -8.24844970703125 -2.2309449768066405 0.060723500251768515
v -8.168499755859376 -2.099499969482422 0.11412549972534033
v -8.145 -2.131905059814453 0.11412549972534033
v -8.19114990234375 -2.185294952392578 0.08100649833679051
v -8.168499755859376 -2.099499969482422 0.11412549972534033
v -8.19114990234375 -2.185294952392578 0.08100649833679051
v -8.20719970703125 -2.163130035400391 0.08100649833679051
v -8.133549804687501 -2.0419900512695315 0.15907500267028665
v -8.103350219726563 -2.08364501953125 0.15907500267028662
v -8.145 -2.131905059814453 0.11412549972534033
v -8.133549804687501 -2.0419900512695315 0.15907500267028665
v -8.145 -2.131905059814453 0.11412549972534033
v -8.168499755859376 -2.099499969482422 0.11412549972534033
v -8.103350219726563 -1.992344970703125 0.21448900222778178
v -8.067349853515625 -2.0419900512695315 0.21448900222778178
v -8.103350219726563 -2.08364501953125 0.15907500267028662
v -8.103350219726563 -1.992344970703125 0.21448900222778178
v -8.103350219726563 -2.08364501953125 0.15907500267028662
v -8.133549804687501 -2.0419900512695315 0.15907500267028665
v -8.07885009765625 -1.9520750427246094 0.2786834907531724
v -8.038200073242187 -2.0082000732421874 0.2786834907531724
v -8.067349853515625 -2.0419900512695315 0.21448900222778178
v -8.07885009765625 -1.9520750427246094 0.2786834907531724
v -8.067349853515625 -2.0419900512695315 0.21448900222778178
v -8.103350219726563 -1.992344970703125 0.21448900222778178
v -8.060800170898437 -1.9224049377441406 0.349707984924315
v -8.016699829101563 -1.9833050537109376 0.349707984924315
v -8.038200073242187 -2.0082000732421874 0.2786834907531724
v -8.060800170898437 -1.9224049377441406 0.349707984924315
v -8.038200073242187 -2.0082000732421874 0.2786834907531724
v -8.07885009765625 -1.9520750427246094 0.2786834907531724
v -8.049749755859375 -1.9042349243164063 0.42540451049804545
v -8.0035498046875 -1.968054962158203 0.42540451049804545
v -8.016699829101563 -1.9833050537109376 0.349707984924315
v -8.049749755859375 -1.9042349243164063 0.42540451049804545
v -8.016699829101563 -1.9833050537109376 0.349707984924315
v -8.060800170898437 -1.9224049377441406 0.349707984924315
v -8.0460498046875 -1.898114929199219 0.5034749984741197
v -7.9990997314453125 -1.962920074462891 0.5034749984741197
v -8.0035498046875 -1.968054962158203 0.42540451049804545
v -8.0460498046875 -1.898114929199219 0.5034749984741197
v -8.0035498046875 -1.968054962158203 0.42540451049804545
v -8.049749755859375 -1.9042349243164063 0.42540451049804545
v -7.9990997314453125 -1.962920074462891 0.5034749984741197
v -8.0460498046875 -1.898114929199219 0.5034749984741197
v -8.0460498046875 -1.898114929199219 0.9530549621582017
v -7.9990997314453125 -1.962920074462891 0.5034749984741197
v -8.0460498046875 -1.898114929199219 0.9530549621582017
v -7.9990997314453125 -1.962920074462891 0.9530549621582017
v -8.0460498046875 -1.898114929199219 0.5034749984741197
v -8.100449829101562 -1.8455499267578128 0.5034749984741197
v -8.100449829101562 -1.8455499267578128 0.9530549621582017
v -8.0460498046875 -1.898114929199219 0.5034749984741197
v -8.100449829101562 -1.8455499267578128 0.9530549621582017
v -8.0460498046875 -1.898114929199219 0.9530549621582017
v -8.100449829101562 -1.8455499267578128 0.5034749984741197
v -8.0460498046875 -1.898114929199219 0.5034749984741197
v -8.049749755859375 -1.9042349243164063 0.42540451049804545
v -8.100449829101562 -1.8455499267578128 0.5034749984741197
v -8.049749755859375 -1.9042349243164063 0.42540451049804545
v -8.103350219726563 -1.852465057373047 0.4254045104980455
v -8.103350219726563 -1.852465057373047 0.4254045104980455
v -8.049749755859375 -1.9042349243164063 0.42540451049804545
v -8.060800170898437 -1.9224049377441406 0.349707984924315
v -8.103350219726563 -1.852465057373047 0.4254045104980455
v -8.060800170898437 -1.9224049377441406 0.349707984924315
v -8.111950073242188 -1.8730099487304688 0.34970798492431504
v -8.111950073242188 -1.8730099487304688 0.34970798492431504
v -8.060800170898437 -1.9224049377441406 0.349707984924315
v -8.07885009765625 -1.9520750427246094 0.2786834907531724
v -8.111950073242188 -1.8730099487304688 0.34970798492431504
v -8.07885009765625 -1.9520750427246094 0.2786834907531724
v -8.125999755859375 -1.9065499877929688 0.2786834907531724
v -8.125999755859375 -1.9065499877929688 0.2786834907531724
v -8.07885009765625 -1.9520750427246094 0.2786834907531724
v -8.103350219726563 -1.992344970703125 0.21448900222778178
v -8.125999755859375 -1.9065499877929688 0.2786834907531724
v -8.103350219726563 -1.992344970703125 0.21448900222778178
v -8.145 -1.9520750427246094 0.21448900222778178
v -8.145 -1.9520750427246094 0.21448900222778178
v -8.103350219726563 -1.992344970703125 0.21448900222778178
v -8.133549804687501 -2.0419900512695315 0.15907500267028665
v -8.145 -1.9520750427246094 0.21448900222778178
v -8.133549804687501 -2.0419900512695315 0.15907500267028665
v -8.168499755859376 -2.0082000732421874 0.15907500267028665
v -8.168499755859376 -2.0082000732421874 0.15907500267028665
v -8.133549804687501 -2.0419900512695315 0.15907500267028665
v -8.168499755859376 -2.099499969482422 0.11412549972534033
v -8.168499755859376 -2.0082000732421874 0.15907500267028665
v -8.168499755859376 -2.099499969482422 0.11412549972534033
v -8.195700073242188 -2.0732150268554688 0.11412549972534035
v -8.195700073242188 -2.0732150268554688 0.11412549972534035
v -8.168499755859376 -2.099499969482422 0.11412549972534033
v -8.20719970703125 -2.163130035400391 0.08100649833679051
v -8.195700073242188 -2.0732150268554688 0.11412549972534035
v -8.20719970703125 -2.163130035400391 0.08100649833679051
v -8.225800170898438 -2.1451499938964846 0.08100649833679051
v -8.225800170898438 -2.1451499938964846 0.08100649833679051
v -8.20719970703125 -2.163130035400391 0.08100649833679051
v -8.24844970703125 -2.2309449768066405 0.060723500251768515
v -8.225800170898438 -2.1451499938964846 0.08100649833679051
v -8.24844970703125 -2.2309449768066405 0.060723500251768515
v -8.257849731445313 -2.221820068359375 0.060723500251768515
v -8.246400146484374 -2.131905059814453 0.08100649833679051
v -8.225800170898438 -2.1451499938964846 0.08100649833679051
v -8.257849731445313 -2.221820068359375 0.060723500251768515
v -8.246400146484374 -2.131905059814453 0.08100649833679051
v -8.257849731445313 -2.221820068359375 0.060723500251768515
v -8.268350219726562 -2.215090026855469 0.060723500251768515
v -8.225800170898438 -2.0538499450683596 0.11412549972534033
v -8.195700073242188 -2.0732150268554688 0.11412549972534035
v -8.225800170898438 -2.1451499938964846 0.08100649833679051
v -8.225800170898438 -2.0538499450683596 0.11412549972534033
v -8.225800170898438 -2.1451499938964846 0.08100649833679051
v -8.246400146484374 -2.131905059814453 0.08100649833679051
v -8.20719970703125 -1.9833050537109376 0.15907500267028665
v -8.168499755859376 -2.0082000732421874 0.15907500267028665
v -8.195700073242188 -2.0732150268554688 0.11412549972534035
v -8.20719970703125 -1.9833050537109376 0.15907500267028665
v -8.195700073242188 -2.0732150268554688 0.11412549972534035
v -8.225800170898438 -2.0538499450683596 0.11412549972534033
v -8.19114990234375 -1.9224049377441406 0.2144890022277818
v -8.145 -1.9520750427246094 0.21448900222778178
v -8.168499755859376 -2.0082000732421874 0.15907500267028665
v -8.19114990234375 -1.9224049377441406 0.2144890022277818
v -8.168499755859376 -2.0082000732421874 0.15907500267028665
v -8.20719970703125 -1.9833050537109376 0.15907500267028665
v -8.178099975585937 -1.8730099487304688 0.27868349075317245
v -8.125999755859375 -1.9065499877929688 0.2786834907531724
v -8.145 -1.9520750427246094 0.21448900222778178
v -8.178099975585937 -1.8730099487304688 0.27868349075317245
v -8.145 -1.9520750427246094 0.21448900222778178
v -8.19114990234375 -1.9224049377441406 0.2144890022277818
v -8.168499755859376 -1.8366099548339845 0.34970798492431504
v -8.111950073242188 -1.8730099487304688 0.34970798492431504
v -8.125999755859375 -1.9065499877929688 0.2786834907531724
v -8.168499755859376 -1.8366099548339845 0.34970798492431504
v -8.125999755859375 -1.9065499877929688 0.2786834907531724
v -8.178099975585937 -1.8730099487304688 0.27868349075317245
v -8.16260009765625 -1.814320068359375 0.4254045104980455
v -8.103350219726563 -1.852465057373047 0.4254045104980455
v -8.111950073242188 -1.8730099487304688 0.34970798492431504
v -8.16260009765625 -1.814320068359375 0.4254045104980455
v -8.111950073242188 -1.8730099487304688 0.34970798492431504
v -8.168499755859376 -1.8366099548339845 0.34970798492431504
v -8.160650024414062 -1.8068150329589847 0.5034749984741197
v -8.100449829101562 -1.8455499267578128 0.5034749984741197
v -8.103350219726563 -1.852465057373047 0.4254045104980455
v -8.160650024414062 -1.8068150329589847 0.5034749984741197
v -8.103350219726563 -1.852465057373047 0.4254045104980455
v -8.16260009765625 -1.814320068359375 0.4254045104980455
v -8.100449829101562 -1.8455499267578128 0.5034749984741197
v -8.160650024414062 -1.8068150329589847 0.5034749984741197
v -8.160650024414062 -1.8068150329589847 0.9530549621582017
v -8.100449829101562 -1.8455499267578128 0.5034749984741197
v -8.160650024414062 -1.8068150329589847 0.9530549621582017
v -8.100449829101562 -1.8455499267578128 0.9530549621582017
v -8.160650024414062 -1.8068150329589847 0.5034749984741197
v -8.2247998046875 -1.7830949401855472 0.5034749984741197
v -8.2247998046875 -1.7830949401855472 0.9530549621582017
v -8.160650024414062 -1.8068150329589847 0.5034749984741197
v -8.2247998046875 -1.7830949401855472 0.9530549621582017
v -8.160650024414062 -1.8068150329589847 0.9530549621582017
v -8.2247998046875 -1.7830949401855472 0.5034749984741197
v -8.160650024414062 -1.8068150329589847 0.5034749984741197
v -8.16260009765625 -1.814320068359375 0.4254045104980455
v -8.2247998046875 -1.7830949401855472 0.5034749984741197
v -8.16260009765625 -1.814320068359375 0.4254045104980455
v -8.225800170898438 -1.790959930419922 0.4254045104980455
v -8.225800170898438 -1.790959930419922 0.4254045104980455
v -8.16260009765625 -1.814320068359375 0.4254045104980455
v -8.168499755859376 -1.8366099548339845 0.34970798492431504
v -8.225800170898438 -1.790959930419922 0.4254045104980455
v -8.168499755859376 -1.8366099548339845 0.34970798492431504
v -8.228800048828125 -1.814320068359375 0.34970798492431504
v -8.228800048828125 -1.814320068359375 0.34970798492431504
v -8.168499755859376 -1.8366099548339845 0.34970798492431504
v -8.178099975585937 -1.8730099487304688 0.27868349075317245
v -8.228800048828125 -1.814320068359375 0.34970798492431504
v -8.178099975585937 -1.8730099487304688 0.27868349075317245
v -8.23364990234375 -1.852465057373047 0.27868349075317245
v -8.23364990234375 -1.852465057373047 0.27868349075317245
v -8.178099975585937 -1.8730099487304688 0.27868349075317245
v -8.19114990234375 -1.9224049377441406 0.2144890022277818
v -8.23364990234375 -1.852465057373047 0.27868349075317245
v -8.19114990234375 -1.9224049377441406 0.2144890022277818
v -8.240250244140626 -1.9042349243164063 0.2144890022277818
v -8.240250244140626 -1.9042349243164063 0.2144890022277818
v -8.19114990234375 -1.9224049377441406 0.2144890022277818
v -8.20719970703125 -1.9833050537109376 0.15907500267028665
v -8.240250244140626 -1.9042349243164063 0.2144890022277818
v -8.20719970703125 -1.9833050537109376 0.15907500267028665
v -8.24844970703125 -1.968054962158203 0.15907500267028665
v -8.24844970703125 -1.968054962158203 0.15907500267028665
v -8.20719970703125 -1.9833050537109376 0.15907500267028665
v -8.225800170898438 -2.0538499450683596 0.11412549972534033
v -8.24844970703125 -1.968054962158203 0.15907500267028665
v -8.225800170898438 -2.0538499450683596 0.11412549972534033
v -8.257849731445313 -2.0419900512695315 0.11412549972534033
v -8.257849731445313 -2.0419900512695315 0.11412549972534033
v -8.225800170898438 -2.0538499450683596 0.11412549972534033
v -8.246400146484374 -2.131905059814453 0.08100649833679051
v -8.257849731445313 -2.0419900512695315 0.11412549972534033
v -8.246400146484374 -2.131905059814453 0.08100649833679051
v -8.268350219726562 -2.123789978027344 0.08100649833679051
v -8.268350219726562 -2.123789978027344 0.08100649833679051
v -8.246400146484374 -2.131905059814453 0.08100649833679051
v -8.268350219726562 -2.215090026855469 0.060723500251768515
v -8.268350219726562 -2.123789978027344 0.08100649833679051
v -8.268350219726562 -2.215090026855469 0.060723500251768515
v -8.279450073242188 -2.2109750366210936 0.060723500251768515
v -8.29094970703125 -2.121060028076172 0.08100649833679051
v -8.268350219726562 -2.123789978027344 0.08100649833679051
v -8.279450073242188 -2.2109750366210936 0.060723500251768515
v -8.29094970703125 -2.121060028076172 0.08100649833679051
v -8.279450073242188 -2.2109750366210936 0.060723500251768515
v -8.29094970703125 -2.2095849609375002 0.060723500251768515
v -8.29094970703125 -2.0379949951171876 0.11412549972534033
v -8.257849731445313 -2.0419900512695315 0.11412549972534033
v -8.268350219726562 -2.123789978027344 0.08100649833679051
v -8.29094970703125 -2.0379949951171876 0.11412549972534033
v -8.268350219726562 -2.123789978027344 0.08100649833679051
v -8.29094970703125 -2.121060028076172 0.08100649833679051
v -8.29094970703125 -1.9629200744628907 0.15907500267028662
v -8.24844970703125 -1.968054962158203 0.15907500267028665
v -8.257849731445313 -2.0419900512695315 0.11412549972534033
v -8.29094970703125 -1.9629200744628907 0.15907500267028662
v -8.257849731445313 -2.0419900512695315 0.11412549972534033
v -8.29094970703125 -2.0379949951171876 0.11412549972534033
v -8.29094970703125 -1.8981149291992188 0.21448900222778178
v -8.240250244140626 -1.9042349243164063 0.2144890022277818
v -8.24844970703125 -1.968054962158203 0.15907500267028665
v -8.29094970703125 -1.8981149291992188 0.21448900222778178
v -8.24844970703125 -1.968054962158203 0.15907500267028665
v -8.29094970703125 -1.9629200744628907 0.15907500267028662
v -8.29094970703125 -1.8455499267578126 0.27868349075317245
v -8.23364990234375 -1.852465057373047 0.27868349075317245
v -8.240250244140626 -1.9042349243164063 0.2144890022277818
v -8.29094970703125 -1.8455499267578126 0.27868349075317245
v -8.240250244140626 -1.9042349243164063 0.2144890022277818
v -8.29094970703125 -1.8981149291992188 0.21448900222778178
v -8.29094970703125 -1.8068150329589845 0.34970798492431504
v -8.228800048828125 -1.814320068359375 0.34970798492431504
v -8.23364990234375 -1.852465057373047 0.27868349075317245
v -8.29094970703125 -1.8068150329589845 0.34970798492431504
v -8.23364990234375 -1.852465057373047 0.27868349075317245
v -8.29094970703125 -1.8455499267578126 0.27868349075317245
v -8.29094970703125 -1.783094940185547 0.4254045104980455
v -8.225800170898438 -1.790959930419922 0.4254045104980455
v -8.228800048828125 -1.814320068359375 0.34970798492431504
v -8.29094970703125 -1.783094940185547 0.4254045104980455
v -8.228800048828125 -1.814320068359375 0.34970798492431504
v -8.29094970703125 -1.8068150329589845 0.34970798492431504
v -8.29094970703125 -1.7751049804687502 0.5034749984741197
v -8.2247998046875 -1.7830949401855472 0.5034749984741197
v -8.225800170898438 -1.790959930419922 0.4254045104980455
v -8.29094970703125 -1.7751049804687502 0.5034749984741197
v -8.225800170898438 -1.790959930419922 0.4254045104980455
v -8.29094970703125 -1.783094940185547 0.4254045104980455
v -8.2247998046875 -1.7830949401855472 0.5034749984741197
v -8.29094970703125 -1.7751049804687502 0.5034749984741197
v -8.29094970703125 -1.7751049804687502 0.9530549621582017
v -8.2247998046875 -1.7830949401855472 0.5034749984741197
v -8.29094970703125 -1.7751049804687502 0.9530549621582017
v -8.2247998046875 -1.7830949401855472 0.9530549621582017
v -8.862449951171875 -1.7751049804687502 0.9530549621582016
v -8.29094970703125 -1.7751049804687502 0.9530549621582017
v -8.29094970703125 -1.7751049804687502 0.5034749984741197
v -8.862449951171875 -1.7751049804687502 0.9530549621582016
v -8.29094970703125 -1.7751049804687502 0.5034749984741197
v -8.862449951171875 -1.7751049804687502 0.5034749984741196
v -8.862449951171875 -1.7751049804687502 0.9530549621582016
v -8.862449951171875 -1.7830949401855472 1.0311199951171859
v -8.29094970703125 -1.7830949401855472 1.0311199951171859
v -8.862449951171875 -1.7751049804687502 0.9530549621582016
v -8.29094970703125 -1.7830949401855472 1.0311199951171859
v -8.29094970703125 -1.7751049804687502 0.9530549621582017
v -8.862449951171875 -1.7751049804687502 0.9530549621582016
v -8.928599853515625 -1.7830949401855472 0.9530549621582016
v -8.927600097656251 -1.7909599304199222 1.0311199951171859
v -8.862449951171875 -1.7751049804687502 0.9530549621582016
v -8.927600097656251 -1.7909599304199222 1.0311199951171859
v -8.862449951171875 -1.7830949401855472 1.0311199951171859
v -8.928599853515625 -1.7830949401855472 0.9530549621582016
v -8.862449951171875 -1.7751049804687502 0.9530549621582016
v -8.862449951171875 -1.7751049804687502 0.5034749984741196
v -8.928599853515625 -1.7830949401855472 0.9530549621582016
v -8.862449951171875 -1.7751049804687502 0.5034749984741196
v -8.928599853515625 -1.7830949401855472 0.5034749984741196
v -8.928599853515625 -1.7830949401855472 0.5034749984741196
v -8.862449951171875 -1.7751049804687502 0.5034749984741196
v -8.862449951171875 -1.783094940185547 0.4254045104980454
v -8.928599853515625 -1.7830949401855472 0.5034749984741196
v -8.862449951171875 -1.783094940185547 0.4254045104980454
v -8.927600097656251 -1.790959930419922 0.4254045104980454
v -8.29094970703125 -1.7751049804687502 0.5034749984741197
v -8.29094970703125 -1.783094940185547 0.4254045104980455
v -8.862449951171875 -1.783094940185547 0.4254045104980454
v -8.29094970703125 -1.7751049804687502 0.5034749984741197
v -8.862449951171875 -1.783094940185547 0.4254045104980454
v -8.862449951171875 -1.7751049804687502 0.5034749984741196
v -8.29094970703125 -1.783094940185547 0.4254045104980455
v -8.29094970703125 -1.8068150329589845 0.34970798492431504
v -8.862449951171875 -1.8068150329589845 0.34970798492431493
v -8.29094970703125 -1.783094940185547 0.4254045104980455
v -8.862449951171875 -1.8068150329589845 0.34970798492431493
v -8.862449951171875 -1.783094940185547 0.4254045104980454
v -8.29094970703125 -1.8068150329589845 0.34970798492431504
v -8.29094970703125 -1.8455499267578126 0.27868349075317245
v -8.862449951171875 -1.8455499267578126 0.27868349075317234
v -8.29094970703125 -1.8068150329589845 0.34970798492431504
v -8.862449951171875 -1.8455499267578126 0.27868349075317234
v -8.862449951171875 -1.8068150329589845 0.34970798492431493
v -8.29094970703125 -1.8455499267578126 0.27868349075317245
v -8.29094970703125 -1.8981149291992188 0.21448900222778178
v -8.862449951171875 -1.8981149291992188 0.21448900222778172
v -8.29094970703125 -1.8455499267578126 0.27868349075317245
v -8.862449951171875 -1.8981149291992188 0.21448900222778172
v -8.862449951171875 -1.8455499267578126 0.27868349075317234
v -8.919749755859375 -1.852465057373047 0.27868349075317234
v -8.862449951171875 -1.8455499267578126 0.27868349075317234
v -8.862449951171875 -1.8981149291992188 0.21448900222778172
v -8.919749755859375 -1.852465057373047 0.27868349075317234
v -8.862449951171875 -1.8981149291992188 0.21448900222778172
v -8.913150024414064 -1.9042349243164063 0.21448900222778172
v -8.924600219726562 -1.814320068359375 0.34970798492431493
v -8.862449951171875 -1.8068150329589845 0.34970798492431493
v -8.862449951171875 -1.8455499267578126 0.27868349075317234
v -8.924600219726562 -1.814320068359375 0.34970798492431493
v -8.862449951171875 -1.8455499267578126 0.27868349075317234
v -8.919749755859375 -1.852465057373047 0.27868349075317234
v -8.927600097656251 -1.790959930419922 0.4254045104980454
v -8.862449951171875 -1.783094940185547 0.4254045104980454
v -8.862449951171875 -1.8068150329589845 0.34970798492431493
v -8.927600097656251 -1.790959930419922 0.4254045104980454
v -8.862449951171875 -1.8068150329589845 0.34970798492431493
v -8.924600219726562 -1.814320068359375 0.34970798492431493
v -8.990800170898437 -1.814320068359375 0.4254045104980454
v -8.927600097656251 -1.790959930419922 0.4254045104980454
v -8.924600219726562 -1.814320068359375 0.34970798492431493
v -8.990800170898437 -1.814320068359375 0.4254045104980454
v -8.924600219726562 -1.814320068359375 0.34970798492431493
v -8.98489990234375 -1.8366099548339845 0.34970798492431493
v -8.992750244140625 -1.8068150329589847 0.5034749984741196
v -8.928599853515625 -1.7830949401855472 0.5034749984741196
v -8.927600097656251 -1.790959930419922 0.4254045104980454
v -8.992750244140625 -1.8068150329589847 0.5034749984741196
v -8.927600097656251 -1.790959930419922 0.4254045104980454
v -8.990800170898437 -1.814320068359375 0.4254045104980454
v -8.992750244140625 -1.8068150329589847 0.9530549621582016
v -8.928599853515625 -1.7830949401855472 0.9530549621582016
v -8.928599853515625 -1.7830949401855472 0.5034749984741196
v -8.992750244140625 -1.8068150329589847 0.9530549621582016
v -8.928599853515625 -1.7830949401855472 0.5034749984741196
v -8.992750244140625 -1.8068150329589847 0.5034749984741196
v -8.928599853515625 -1.7830949401855472 0.9530549621582016
v -8.992750244140625 -1.8068150329589847 0.9530549621582016
v -8.990800170898437 -1.8143200683593752 1.0311199951171859
v -8.928599853515625 -1.7830949401855472 0.9530549621582016
v -8.990800170898437 -1.8143200683593752 1.0311199951171859
v -8.927600097656251 -1.7909599304199222 1.0311199951171859
v -8.992750244140625 -1.8068150329589847 0.9530549621582016
v -9.052949829101562 -1.8455499267578128 0.9530549621582016
v -9.050050048828124 -1.8524650573730472 1.0311199951171859
v -8.992750244140625 -1.8068150329589847 0.9530549621582016
v -9.050050048828124 -1.8524650573730472 1.0311199951171859
v -8.990800170898437 -1.8143200683593752 1.0311199951171859
v -9.052949829101562 -1.8455499267578128 0.9530549621582016
v -8.992750244140625 -1.8068150329589847 0.9530549621582016
v -8.992750244140625 -1.8068150329589847 0.5034749984741196
v -9.052949829101562 -1.8455499267578128 0.9530549621582016
v -8.992750244140625 -1.8068150329589847 0.5034749984741196
v -9.052949829101562 -1.8455499267578128 0.5034749984741196
v -9.052949829101562 -1.8455499267578128 0.5034749984741196
v -8.992750244140625 -1.8068150329589847 0.5034749984741196
v -8.990800170898437 -1.814320068359375 0.4254045104980454
v -9.052949829101562 -1.8455499267578128 0.5034749984741196
v -8.990800170898437 -1.814320068359375 0.4254045104980454
v -9.050050048828124 -1.852465057373047 0.4254045104980454
v -9.050050048828124 -1.852465057373047 0.4254045104980454
v -8.990800170898437 -1.814320068359375 0.4254045104980454
v -8.98489990234375 -1.8366099548339845 0.34970798492431493
v -9.050050048828124 -1.852465057373047 0.4254045104980454
v -8.98489990234375 -1.8366099548339845 0.34970798492431493
v -9.0414501953125 -1.8730099487304688 0.34970798492431493
v -9.0414501953125 -1.8730099487304688 0.34970798492431493
v -8.98489990234375 -1.8366099548339845 0.34970798492431493
v -8.97530029296875 -1.8730099487304688 0.27868349075317234
v -9.0414501953125 -1.8730099487304688 0.34970798492431493
v -8.97530029296875 -1.8730099487304688 0.27868349075317234
v -9.027449951171874 -1.9065499877929688 0.2786834907531723
v -8.98489990234375 -1.8366099548339845 0.34970798492431493
v -8.924600219726562 -1.814320068359375 0.34970798492431493
v -8.919749755859375 -1.852465057373047 0.27868349075317234
v -8.98489990234375 -1.8366099548339845 0.34970798492431493
v -8.919749755859375 -1.852465057373047 0.27868349075317234
v -8.97530029296875 -1.8730099487304688 0.27868349075317234
v -9.09260009765625 -1.9224049377441406 0.3497079849243149
v -9.0414501953125 -1.8730099487304688 0.34970798492431493
v -9.027449951171874 -1.9065499877929688 0.2786834907531723
v -9.09260009765625 -1.9224049377441406 0.3497079849243149
v -9.027449951171874 -1.9065499877929688 0.2786834907531723
v -9.074550170898437 -1.9520750427246094 0.2786834907531723
v -9.10364990234375 -1.9042349243164063 0.42540451049804534
v -9.050050048828124 -1.852465057373047 0.4254045104980454
v -9.0414501953125 -1.8730099487304688 0.34970798492431493
v -9.10364990234375 -1.9042349243164063 0.42540451049804534
v -9.0414501953125 -1.8730099487304688 0.34970798492431493
v -9.09260009765625 -1.9224049377441406 0.3497079849243149
v -9.107349853515625 -1.898114929199219 0.5034749984741196
v -9.052949829101562 -1.8455499267578128 0.5034749984741196
v -9.050050048828124 -1.852465057373047 0.4254045104980454
v -9.107349853515625 -1.898114929199219 0.5034749984741196
v -9.050050048828124 -1.852465057373047 0.4254045104980454
v -9.10364990234375 -1.9042349243164063 0.42540451049804534
v -9.107349853515625 -1.898114929199219 0.9530549621582016
v -9.052949829101562 -1.8455499267578128 0.9530549621582016
v -9.052949829101562 -1.8455499267578128 0.5034749984741196
v -9.107349853515625 -1.898114929199219 0.9530549621582016
v -9.052949829101562 -1.8455499267578128 0.5034749984741196
v -9.107349853515625 -1.898114929199219 0.5034749984741196
v -9.052949829101562 -1.8455499267578128 0.9530549621582016
v -9.107349853515625 -1.898114929199219 0.9530549621582016
v -9.10364990234375 -1.9042349243164065 1.0311199951171859
v -9.052949829101562 -1.8455499267578128 0.9530549621582016
v -9.10364990234375 -1.9042349243164065 1.0311199951171859
v -9.050050048828124 -1.8524650573730472 1.0311199951171859
v -9.107349853515625 -1.898114929199219 0.9530549621582016
v -9.154299926757814 -1.962920074462891 0.9530549621582016
v -9.14989990234375 -1.9680549621582033 1.0311199951171859
v -9.107349853515625 -1.898114929199219 0.9530549621582016
v -9.14989990234375 -1.9680549621582033 1.0311199951171859
v -9.10364990234375 -1.9042349243164065 1.0311199951171859
v -9.154299926757814 -1.962920074462891 0.9530549621582016
v -9.107349853515625 -1.898114929199219 0.9530549621582016
v -9.107349853515625 -1.898114929199219 0.5034749984741196
v -9.154299926757814 -1.962920074462891 0.9530549621582016
v -9.107349853515625 -1.898114929199219 0.5034749984741196
v -9.154299926757814 -1.962920074462891 0.5034749984741196
v -9.154299926757814 -1.962920074462891 0.5034749984741196
v -9.107349853515625 -1.898114929199219 0.5034749984741196
v -9.10364990234375 -1.9042349243164063 0.42540451049804534
v -9.154299926757814 -1.962920074462891 0.5034749984741196
v -9.10364990234375 -1.9042349243164063 0.42540451049804534
v -9.14989990234375 -1.968054962158203 0.42540451049804534
v -9.14989990234375 -1.968054962158203 0.42540451049804534
v -9.10364990234375 -1.9042349243164063 0.42540451049804534
v -9.09260009765625 -1.9224049377441406 0.3497079849243149
v -9.14989990234375 -1.968054962158203 0.42540451049804534
v -9.09260009765625 -1.9224049377441406 0.3497079849243149
v -9.136699829101563 -1.9833050537109376 0.3497079849243149
v -9.19239990234375 -2.0379949951171876 0.5034749984741196
v -9.154299926757814 -1.962920074462891 0.5034749984741196
v -9.14989990234375 -1.968054962158203 0.42540451049804534
v -9.19239990234375 -2.0379949951171876 0.5034749984741196
v -9.14989990234375 -1.968054962158203 0.42540451049804534
v -9.187399902343751 -2.0419900512695315 0.42540451049804534
v -9.19239990234375 -2.0379949951171876 0.9530549621582016
v -9.154299926757814 -1.962920074462891 0.9530549621582016
v -9.154299926757814 -1.962920074462891 0.5034749984741196
v -9.19239990234375 -2.0379949951171876 0.9530549621582016
v -9.154299926757814 -1.962920074462891 0.5034749984741196
v -9.19239990234375 -2.0379949951171876 0.5034749984741196
v -9.154299926757814 -1.962920074462891 0.9530549621582016
v -9.19239990234375 -2.0379949951171876 0.9530549621582016
v -9.187399902343751 -2.041990051269532 1.0311199951171859
v -9.154299926757814 -1.962920074462891 0.9530549621582016
v -9.187399902343751 -2.041990051269532 1.0311199951171859
v -9.14989990234375 -1.9680549621582033 1.0311199951171859
v -9.19239990234375 -2.0379949951171876 0.9530549621582016
v -9.220499877929688 -2.121060028076172 0.9530549621582016
v -9.215050048828125 -2.1237899780273444 1.0311199951171859
v -9.19239990234375 -2.0379949951171876 0.9530549621582016
v -9.215050048828125 -2.1237899780273444 1.0311199951171859
v -9.187399902343751 -2.041990051269532 1.0311199951171859
v -9.220499877929688 -2.121060028076172 0.9530549621582016
v -9.19239990234375 -2.0379949951171876 0.9530549621582016
v -9.19239990234375 -2.0379949951171876 0.5034749984741196
v -9.220499877929688 -2.121060028076172 0.9530549621582016
v -9.19239990234375 -2.0379949951171876 0.5034749984741196
v -9.220499877929688 -2.121060028076172 0.5034749984741196
v -9.220499877929688 -2.121060028076172 0.9530549621582016
v -9.237650146484375 -2.2095849609375002 0.9530549621582016
v -9.231950073242187 -2.210975036621094 1.0311199951171859
v -9.220499877929688 -2.121060028076172 0.9530549621582016
v -9.231950073242187 -2.210975036621094 1.0311199951171859
v -9.215050048828125 -2.1237899780273444 1.0311199951171859
v -9.237650146484375 -2.2095849609375002 0.9530549621582016
v -9.24344970703125 -2.3008850097656253 0.9530549621582015
v -9.237650146484375 -2.3008850097656257 1.0311199951171859
v -9.237650146484375 -2.2095849609375002 0.9530549621582016
v -9.237650146484375 -2.3008850097656257 1.0311199951171859
v -9.231950073242187 -2.210975036621094 1.0311199951171859
v -9.231950073242187 -2.210975036621094 1.0311199951171859
v -9.237650146484375 -2.3008850097656257 1.0311199951171859
v -9.220499877929688 -2.3008850097656257 1.1068199920654282
v -9.231950073242187 -2.210975036621094 1.0311199951171859
v -9.220499877929688 -2.3008850097656257 1.1068199920654282
v -9.215050048828125 -2.2150900268554694 1.1068199920654282
v -9.215050048828125 -2.2150900268554694 1.1068199920654282
v -9.220499877929688 -2.3008850097656257 1.1068199920654282
v -9.19239990234375 -2.3008850097656257 1.1778450012207016
v -9.215050048828125 -2.2150900268554694 1.1068199920654282
v -9.19239990234375 -2.3008850097656257 1.1778450012207016
v -9.187399902343751 -2.2218200683593756 1.1778450012207016
v -9.19239990234375 -2.3008850097656257 1.1778450012207016
v -9.220499877929688 -2.3008850097656257 1.1068199920654282
v -9.220499877929688 -3.089555053710938 1.106819992065428
v -9.19239990234375 -2.3008850097656257 1.1778450012207016
v -9.220499877929688 -3.089555053710938 1.106819992065428
v -9.19239990234375 -3.089555053710938 1.1778450012207013
v -9.220499877929688 -3.089555053710938 1.106819992065428
v -9.22030029296875 -3.0924499511718757 1.106819992065428
v -9.192249755859375 -3.0924499511718757 1.1778450012207013
v -9.220499877929688 -3.089555053710938 1.106819992065428
v -9.192249755859375 -3.0924499511718757 1.1778450012207013
v -9.19239990234375 -3.089555053710938 1.1778450012207013
v -9.19239990234375 -3.089555053710938 1.1778450012207013
v -9.192249755859375 -3.0924499511718757 1.1778450012207013
v -9.154149780273437 -3.0924499511718757 1.2420400238037093
v -9.19239990234375 -3.089555053710938 1.1778450012207013
v -9.154149780273437 -3.0924499511718757 1.2420400238037093
v -9.154299926757814 -3.089555053710938 1.2420400238037093
v -9.154299926757814 -3.089555053710938 1.2420400238037093
v -9.154149780273437 -3.0924499511718757 1.2420400238037093
v -9.107150268554689 -3.0924499511718757 1.2974499511718733
v -9.154299926757814 -3.089555053710938 1.2420400238037093
v -9.107150268554689 -3.0924499511718757 1.2974499511718733
v -9.107349853515625 -3.089555053710938 1.2974499511718733
v -9.107349853515625 -3.089555053710938 1.2974499511718733
v -9.107150268554689 -3.0924499511718757 1.2974499511718733
v -9.052750244140626 -3.0924499511718757 1.3424000549316388
v -9.107349853515625 -3.089555053710938 1.2974499511718733
v -9.052750244140626 -3.0924499511718757 1.3424000549316388
v -9.052949829101562 -3.089555053710938 1.3424000549316388
v -9.052949829101562 -3.089555053710938 1.3424000549316388
v -9.052750244140626 -3.0924499511718757 1.3424000549316388
v -8.99260009765625 -3.0924499511718757 1.3755200195312483
v -9.052949829101562 -3.089555053710938 1.3424000549316388
v -8.99260009765625 -3.0924499511718757 1.3755200195312483
v -8.992750244140625 -3.089555053710938 1.3755200195312483
v -8.992750244140625 -3.089555053710938 1.3755200195312483
v -8.99260009765625 -3.0924499511718757 1.3755200195312483
v -8.92844970703125 -3.0924499511718757 1.3958050537109357
v -8.992750244140625 -3.089555053710938 1.3755200195312483
v -8.92844970703125 -3.0924499511718757 1.3958050537109357
v -8.928599853515625 -3.089555053710938 1.3958050537109357
v -8.928599853515625 -3.089555053710938 1.3958050537109357
v -8.92844970703125 -3.0924499511718757 1.3958050537109357
v -8.874349975585938 -3.0924499511718757 1.4013850402832013
v -8.928599853515625 -3.089555053710938 1.3958050537109357
v -8.874349975585938 -3.0924499511718757 1.4013850402832013
v -8.862449951171875 -3.089555053710938 1.4026350402832013
v -8.862449951171875 -2.3008850097656257 1.4026350402832015
v -8.928599853515625 -2.3008850097656257 1.3958050537109359
v -8.928599853515625 -3.089555053710938 1.3958050537109357
v -8.862449951171875 -2.3008850097656257 1.4026350402832015
v -8.928599853515625 -3.089555053710938 1.3958050537109357
v -8.862449951171875 -3.089555053710938 1.4026350402832013
v -8.927600097656251 -2.2850300598144537 1.3958050537109359
v -8.928599853515625 -2.3008850097656257 1.3958050537109359
v -8.862449951171875 -2.3008850097656257 1.4026350402832015
v -8.990800170898437 -2.269660034179688 1.3755200195312485
v -8.992750244140625 -2.3008850097656257 1.3755200195312485
v -8.928599853515625 -2.3008850097656257 1.3958050537109359
v -8.990800170898437 -2.269660034179688 1.3755200195312485
v -8.928599853515625 -2.3008850097656257 1.3958050537109359
v -8.927600097656251 -2.2850300598144537 1.3958050537109359
v -9.050050048828124 -2.255234985351563 1.342400054931639
v -9.052949829101562 -2.3008850097656257 1.342400054931639
v -8.992750244140625 -2.3008850097656257 1.3755200195312485
v -9.050050048828124 -2.255234985351563 1.342400054931639
v -8.992750244140625 -2.3008850097656257 1.3755200195312485
v -8.990800170898437 -2.269660034179688 1.3755200195312485
v -9.10364990234375 -2.242200012207032 1.2974499511718736
v -9.107349853515625 -2.3008850097656257 1.2974499511718736
v -9.052949829101562 -2.3008850097656257 1.342400054931639
v -9.10364990234375 -2.242200012207032 1.2974499511718736
v -9.052949829101562 -2.3008850097656257 1.342400054931639
v -9.050050048828124 -2.255234985351563 1.342400054931639
v -9.14989990234375 -2.230944976806641 1.2420400238037095
v -9.154299926757814 -2.3008850097656257 1.2420400238037095
v -9.107349853515625 -2.3008850097656257 1.2974499511718736
v -9.14989990234375 -2.230944976806641 1.2420400238037095
v -9.107349853515625 -2.3008850097656257 1.2974499511718736
v -9.10364990234375 -2.242200012207032 1.2974499511718736
v -9.187399902343751 -2.2218200683593756 1.1778450012207016
v -9.19239990234375 -2.3008850097656257 1.1778450012207016
v -9.154299926757814 -2.3008850097656257 1.2420400238037095
v -9.187399902343751 -2.2218200683593756 1.1778450012207016
v -9.154299926757814 -2.3008850097656257 1.2420400238037095
v -9.14989990234375 -2.230944976806641 1.2420400238037095
v -9.154299926757814 -2.3008850097656257 1.2420400238037095
v -9.19239990234375 -2.3008850097656257 1.1778450012207016
v -9.19239990234375 -3.089555053710938 1.1778450012207013
v -9.154299926757814 -2.3008850097656257 1.2420400238037095
v -9.19239990234375 -3.089555053710938 1.1778450012207013
v -9.154299926757814 -3.089555053710938 1.2420400238037093
v -9.107349853515625 -2.3008850097656257 1.2974499511718736
v -9.154299926757814 -2.3008850097656257 1.2420400238037095
v -9.154299926757814 -3.089555053710938 1.2420400238037093
v -9.107349853515625 -2.3008850097656257 1.2974499511718736
v -9.154299926757814 -3.089555053710938 1.2420400238037093
v -9.107349853515625 -3.089555053710938 1.2974499511718733
v -9.052949829101562 -2.3008850097656257 1.342400054931639
v -9.107349853515625 -2.3008850097656257 1.2974499511718736
v -9.107349853515625 -3.089555053710938 1.2974499511718733
v -9.052949829101562 -2.3008850097656257 1.342400054931639
v -9.107349853515625 -3.089555053710938 1.2974499511718733
v -9.052949829101562 -3.089555053710938 1.3424000549316388
v -8.992750244140625 -2.3008850097656257 1.3755200195312485
v -9.052949829101562 -2.3008850097656257 1.342400054931639
v -9.052949829101562 -3.089555053710938 1.3424000549316388
v -8.992750244140625 -2.3008850097656257 1.3755200195312485
v -9.052949829101562 -3.089555053710938 1.3424000549316388
v -8.992750244140625 -3.089555053710938 1.3755200195312483
v -8.928599853515625 -2.3008850097656257 1.3958050537109359
v -8.992750244140625 -2.3008850097656257 1.3755200195312485
v -8.992750244140625 -3.089555053710938 1.3755200195312483
v -8.928599853515625 -2.3008850097656257 1.3958050537109359
v -8.992750244140625 -3.089555053710938 1.3755200195312483
v -8.928599853515625 -3.089555053710938 1.3958050537109357
v -9.1725 -2.145149993896485 1.1778450012207016
v -9.187399902343751 -2.2218200683593756 1.1778450012207016
v -9.14989990234375 -2.230944976806641 1.2420400238037095
v -9.1725 -2.145149993896485 1.1778450012207016
v -9.14989990234375 -2.230944976806641 1.2420400238037095
v -9.136699829101563 -2.1631300354003913 1.2420400238037095
v -9.198900146484375 -2.1319050598144536 1.1068199920654282
v -9.215050048828125 -2.2150900268554694 1.1068199920654282
v -9.187399902343751 -2.2218200683593756 1.1778450012207016
v -9.198900146484375 -2.1319050598144536 1.1068199920654282
v -9.187399902343751 -2.2218200683593756 1.1778450012207016
v -9.1725 -2.145149993896485 1.1778450012207016
v -9.215050048828125 -2.1237899780273444 1.0311199951171859
v -9.231950073242187 -2.210975036621094 1.0311199951171859
v -9.215050048828125 -2.2150900268554694 1.1068199920654282
v -9.215050048828125 -2.1237899780273444 1.0311199951171859
v -9.215050048828125 -2.2150900268554694 1.1068199920654282
v -9.198900146484375 -2.1319050598144536 1.1068199920654282
v -9.187399902343751 -2.041990051269532 1.0311199951171859
v -9.215050048828125 -2.1237899780273444 1.0311199951171859
v -9.198900146484375 -2.1319050598144536 1.1068199920654282
v -9.187399902343751 -2.041990051269532 1.0311199951171859
v -9.198900146484375 -2.1319050598144536 1.1068199920654282
v -9.1725 -2.05384994506836 1.1068199920654282
v -9.1725 -2.05384994506836 1.1068199920654282
v -9.198900146484375 -2.1319050598144536 1.1068199920654282
v -9.1725 -2.145149993896485 1.1778450012207016
v -9.1725 -2.05384994506836 1.1068199920654282
v -9.1725 -2.145149993896485 1.1778450012207016
v -9.148200073242188 -2.073215026855469 1.1778450012207016
v -9.148200073242188 -2.073215026855469 1.1778450012207016
v -9.1725 -2.145149993896485 1.1778450012207016
v -9.136699829101563 -2.1631300354003913 1.2420400238037095
v -9.148200073242188 -2.073215026855469 1.1778450012207016
v -9.136699829101563 -2.1631300354003913 1.2420400238037095
v -9.1152001953125 -2.0994999694824226 1.2420400238037095
v -9.1152001953125 -2.0994999694824226 1.2420400238037095
v -9.136699829101563 -2.1631300354003913 1.2420400238037095
v -9.09260009765625 -2.1852949523925784 1.2974499511718736
v -9.1152001953125 -2.0994999694824226 1.2420400238037095
v -9.09260009765625 -2.1852949523925784 1.2974499511718736
v -9.074550170898437 -2.1319050598144536 1.2974499511718736
v -9.136699829101563 -2.1631300354003913 1.2420400238037095
v -9.14989990234375 -2.230944976806641 1.2420400238037095
v -9.10364990234375 -2.242200012207032 1.2974499511718736
v -9.136699829101563 -2.1631300354003913 1.2420400238037095
v -9.10364990234375 -2.242200012207032 1.2974499511718736
v -9.09260009765625 -2.1852949523925784 1.2974499511718736
v -9.09260009765625 -2.1852949523925784 1.2974499511718736
v -9.10364990234375 -2.242200012207032 1.2974499511718736
v -9.050050048828124 -2.255234985351563 1.342400054931639
v -9.09260009765625 -2.1852949523925784 1.2974499511718736
v -9.050050048828124 -2.255234985351563 1.342400054931639
v -9.0414501953125 -2.210975036621094 1.342400054931639
v -9.0414501953125 -2.210975036621094 1.342400054931639
v -9.050050048828124 -2.255234985351563 1.342400054931639
v -8.990800170898437 -2.269660034179688 1.3755200195312485
v -9.0414501953125 -2.210975036621094 1.342400054931639
v -8.990800170898437 -2.269660034179688 1.3755200195312485
v -8.98489990234375 -2.239380035400391 1.3755200195312485
v -8.98489990234375 -2.239380035400391 1.3755200195312485
v -8.990800170898437 -2.269660034179688 1.3755200195312485
v -8.927600097656251 -2.2850300598144537 1.3958050537109359
v -8.98489990234375 -2.239380035400391 1.3755200195312485
v -8.927600097656251 -2.2850300598144537 1.3958050537109359
v -8.924600219726562 -2.269660034179688 1.3958050537109359
v -8.924600219726562 -2.269660034179688 1.3958050537109359
v -8.927600097656251 -2.2850300598144537 1.3958050537109359
v -8.862449951171875 -2.3008850097656257 1.4026350402832015
v -8.919749755859375 -2.255234985351563 1.3958050537109359
v -8.924600219726562 -2.269660034179688 1.3958050537109359
v -8.862449951171875 -2.3008850097656257 1.4026350402832015
v -8.97530029296875 -2.210975036621094 1.3755200195312485
v -8.98489990234375 -2.239380035400391 1.3755200195312485
v -8.924600219726562 -2.269660034179688 1.3958050537109359
v -8.97530029296875 -2.210975036621094 1.3755200195312485
v -8.924600219726562 -2.269660034179688 1.3958050537109359
v -8.919749755859375 -2.255234985351563 1.3958050537109359
v -9.027449951171874 -2.169440002441407 1.342400054931639
v -9.0414501953125 -2.210975036621094 1.342400054931639
v -8.98489990234375 -2.239380035400391 1.3755200195312485
v -9.027449951171874 -2.169440002441407 1.342400054931639
v -8.98489990234375 -2.239380035400391 1.3755200195312485
v -8.97530029296875 -2.210975036621094 1.3755200195312485
v -9.074550170898437 -2.1319050598144536 1.2974499511718736
v -9.09260009765625 -2.1852949523925784 1.2974499511718736
v -9.0414501953125 -2.210975036621094 1.342400054931639
v -9.074550170898437 -2.1319050598144536 1.2974499511718736
v -9.0414501953125 -2.210975036621094 1.342400054931639
v -9.027449951171874 -2.169440002441407 1.342400054931639
v -9.050050048828124 -2.0836450195312506 1.2974499511718736
v -9.074550170898437 -2.1319050598144536 1.2974499511718736
v -9.027449951171874 -2.169440002441407 1.342400054931639
v -9.050050048828124 -2.0836450195312506 1.2974499511718736
v -9.027449951171874 -2.169440002441407 1.342400054931639
v -9.008400268554688 -2.1319050598144536 1.342400054931639
v -9.0860498046875 -2.041990051269532 1.2420400238037095
v -9.1152001953125 -2.0994999694824226 1.2420400238037095
v -9.074550170898437 -2.1319050598144536 1.2974499511718736
v -9.0860498046875 -2.041990051269532 1.2420400238037095
v -9.074550170898437 -2.1319050598144536 1.2974499511718736
v -9.050050048828124 -2.0836450195312506 1.2974499511718736
v -9.1152001953125 -2.008200073242188 1.1778450012207016
v -9.148200073242188 -2.073215026855469 1.1778450012207016
v -9.1152001953125 -2.0994999694824226 1.2420400238037095
v -9.1152001953125 -2.008200073242188 1.1778450012207016
v -9.1152001953125 -2.0994999694824226 1.2420400238037095
v -9.0860498046875 -2.041990051269532 1.2420400238037095
v -9.136699829101563 -1.9833050537109378 1.1068199920654282
v -9.1725 -2.05384994506836 1.1068199920654282
v -9.148200073242188 -2.073215026855469 1.1778450012207016
v -9.136699829101563 -1.9833050537109378 1.1068199920654282
v -9.148200073242188 -2.073215026855469 1.1778450012207016
v -9.1152001953125 -2.008200073242188 1.1778450012207016
v -9.14989990234375 -1.9680549621582033 1.0311199951171859
v -9.187399902343751 -2.041990051269532 1.0311199951171859
v -9.1725 -2.05384994506836 1.1068199920654282
v -9.14989990234375 -1.9680549621582033 1.0311199951171859
v -9.1725 -2.05384994506836 1.1068199920654282
v -9.136699829101563 -1.9833050537109378 1.1068199920654282
v -9.10364990234375 -1.9042349243164065 1.0311199951171859
v -9.14989990234375 -1.9680549621582033 1.0311199951171859
v -9.136699829101563 -1.9833050537109378 1.1068199920654282
v -9.10364990234375 -1.9042349243164065 1.0311199951171859
v -9.136699829101563 -1.9833050537109378 1.1068199920654282
v -9.09260009765625 -1.9224049377441408 1.1068199920654282
v -9.09260009765625 -1.9224049377441408 1.1068199920654282
v -9.136699829101563 -1.9833050537109378 1.1068199920654282
v -9.1152001953125 -2.008200073242188 1.1778450012207016
v -9.09260009765625 -1.9224049377441408 1.1068199920654282
v -9.1152001953125 -2.008200073242188 1.1778450012207016
v -9.074550170898437 -1.9520750427246096 1.1778450012207016
v -9.074550170898437 -1.9520750427246096 1.1778450012207016
v -9.1152001953125 -2.008200073242188 1.1778450012207016
v -9.0860498046875 -2.041990051269532 1.2420400238037095
v -9.074550170898437 -1.9520750427246096 1.1778450012207016
v -9.0860498046875 -2.041990051269532 1.2420400238037095
v -9.050050048828124 -1.9923449707031253 1.2420400238037095
v -9.050050048828124 -1.9923449707031253 1.2420400238037095
v -9.0860498046875 -2.041990051269532 1.2420400238037095
v -9.050050048828124 -2.0836450195312506 1.2974499511718736
v -9.050050048828124 -1.9923449707031253 1.2420400238037095
v -9.050050048828124 -2.0836450195312506 1.2974499511718736
v -9.019849853515625 -2.041990051269532 1.2974499511718736
v -9.019849853515625 -2.041990051269532 1.2974499511718736
v -9.050050048828124 -2.0836450195312506 1.2974499511718736
v -9.008400268554688 -2.1319050598144536 1.342400054931639
v -9.019849853515625 -2.041990051269532 1.2974499511718736
v -9.008400268554688 -2.1319050598144536 1.342400054931639
v -8.98489990234375 -2.0994999694824226 1.342400054931639
v -8.98489990234375 -2.0994999694824226 1.342400054931639
v -9.008400268554688 -2.1319050598144536 1.342400054931639
v -8.9622998046875 -2.1852949523925784 1.3755200195312485
v -8.98489990234375 -2.0994999694824226 1.342400054931639
v -8.9622998046875 -2.1852949523925784 1.3755200195312485
v -8.946199951171875 -2.1631300354003913 1.3755200195312485
v -9.008400268554688 -2.1319050598144536 1.342400054931639
v -9.027449951171874 -2.169440002441407 1.342400054931639
v -8.97530029296875 -2.210975036621094 1.3755200195312485
v -9.008400268554688 -2.1319050598144536 1.342400054931639
v -8.97530029296875 -2.210975036621094 1.3755200195312485
v -8.9622998046875 -2.1852949523925784 1.3755200195312485
v -8.9622998046875 -2.1852949523925784 1.3755200195312485
v -8.97530029296875 -2.210975036621094 1.3755200195312485
v -8.919749755859375 -2.255234985351563 1.3958050537109359
v -8.9622998046875 -2.1852949523925784 1.3755200195312485
v -8.919749755859375 -2.255234985351563 1.3958050537109359
v -8.913150024414064 -2.242200012207032 1.3958050537109359
v -8.913150024414064 -2.242200012207032 1.3958050537109359
v -8.919749755859375 -2.255234985351563 1.3958050537109359
v -8.862449951171875 -2.3008850097656257 1.4026350402832015
v -8.905 -2.230944976806641 1.3958050537109359
v -8.913150024414064 -2.242200012207032 1.3958050537109359
v -8.862449951171875 -2.3008850097656257 1.4026350402832015
v -8.946199951171875 -2.1631300354003913 1.3755200195312485
v -8.9622998046875 -2.1852949523925784 1.3755200195312485
v -8.913150024414064 -2.242200012207032 1.3958050537109359
v -8.946199951171875 -2.1631300354003913 1.3755200195312485
v -8.913150024414064 -2.242200012207032 1.3958050537109359
v -8.905 -2.230944976806641 1.3958050537109359
v -8.927600097656251 -2.145149993896485 1.3755200195312485
v -8.946199951171875 -2.1631300354003913 1.3755200195312485
v -8.905 -2.230944976806641 1.3958050537109359
v -8.927600097656251 -2.145149993896485 1.3755200195312485
v -8.905 -2.230944976806641 1.3958050537109359
v -8.895549926757813 -2.2218200683593756 1.3958050537109359
v -8.9577001953125 -2.073215026855469 1.342400054931639
v -8.98489990234375 -2.0994999694824226 1.342400054931639
v -8.946199951171875 -2.1631300354003913 1.3755200195312485
v -8.9577001953125 -2.073215026855469 1.342400054931639
v -8.946199951171875 -2.1631300354003913 1.3755200195312485
v -8.927600097656251 -2.145149993896485 1.3755200195312485
v -8.98489990234375 -2.008200073242188 1.2974499511718736
v -9.019849853515625 -2.041990051269532 1.2974499511718736
v -8.98489990234375 -2.0994999694824226 1.342400054931639
v -8.98489990234375 -2.008200073242188 1.2974499511718736
v -8.98489990234375 -2.0994999694824226 1.342400054931639
v -8.9577001953125 -2.073215026855469 1.342400054931639
v -9.008400268554688 -1.9520750427246096 1.2420400238037095
v -9.050050048828124 -1.9923449707031253 1.2420400238037095
v -9.019849853515625 -2.041990051269532 1.2974499511718736
v -9.008400268554688 -1.9520750427246096 1.2420400238037095
v -9.019849853515625 -2.041990051269532 1.2974499511718736
v -8.98489990234375 -2.008200073242188 1.2974499511718736
v -9.027449951171874 -1.906549987792969 1.1778450012207016
v -9.074550170898437 -1.9520750427246096 1.1778450012207016
v -9.050050048828124 -1.9923449707031253 1.2420400238037095
v -9.027449951171874 -1.906549987792969 1.1778450012207016
v -9.050050048828124 -1.9923449707031253 1.2420400238037095
v -9.008400268554688 -1.9520750427246096 1.2420400238037095
v -9.0414501953125 -1.873009948730469 1.1068199920654282
v -9.09260009765625 -1.9224049377441408 1.1068199920654282
v -9.074550170898437 -1.9520750427246096 1.1778450012207016
v -9.0414501953125 -1.873009948730469 1.1068199920654282
v -9.074550170898437 -1.9520750427246096 1.1778450012207016
v -9.027449951171874 -1.906549987792969 1.1778450012207016
v -9.050050048828124 -1.8524650573730472 1.0311199951171859
v -9.10364990234375 -1.9042349243164065 1.0311199951171859
v -9.09260009765625 -1.9224049377441408 1.1068199920654282
v -9.050050048828124 -1.8524650573730472 1.0311199951171859
v -9.09260009765625 -1.9224049377441408 1.1068199920654282
v -9.0414501953125 -1.873009948730469 1.1068199920654282
v -8.990800170898437 -1.8143200683593752 1.0311199951171859
v -9.050050048828124 -1.8524650573730472 1.0311199951171859
v -9.0414501953125 -1.873009948730469 1.1068199920654282
v -8.990800170898437 -1.8143200683593752 1.0311199951171859
v -9.0414501953125 -1.873009948730469 1.1068199920654282
v -8.98489990234375 -1.8366099548339847 1.1068199920654282
v -8.98489990234375 -1.8366099548339847 1.1068199920654282
v -9.0414501953125 -1.873009948730469 1.1068199920654282
v -9.027449951171874 -1.906549987792969 1.1778450012207016
v -8.98489990234375 -1.8366099548339847 1.1068199920654282
v -9.027449951171874 -1.906549987792969 1.1778450012207016
v -8.97530029296875 -1.873009948730469 1.1778450012207016
v -8.97530029296875 -1.873009948730469 1.1778450012207016
v -9.027449951171874 -1.906549987792969 1.1778450012207016
v -9.008400268554688 -1.9520750427246096 1.2420400238037095
v -8.97530029296875 -1.873009948730469 1.1778450012207016
v -9.008400268554688 -1.9520750427246096 1.2420400238037095
v -8.9622998046875 -1.9224049377441408 1.2420400238037095
v -8.9622998046875 -1.9224049377441408 1.2420400238037095
v -9.008400268554688 -1.9520750427246096 1.2420400238037095
v -8.98489990234375 -2.008200073242188 1.2974499511718736
v -8.9622998046875 -1.9224049377441408 1.2420400238037095
v -8.98489990234375 -2.008200073242188 1.2974499511718736
v -8.946199951171875 -1.9833050537109378 1.2974499511718736
v -8.946199951171875 -1.9833050537109378 1.2974499511718736
v -8.98489990234375 -2.008200073242188 1.2974499511718736
v -8.9577001953125 -2.073215026855469 1.342400054931639
v -8.946199951171875 -1.9833050537109378 1.2974499511718736
v -8.9577001953125 -2.073215026855469 1.342400054931639
v -8.927600097656251 -2.05384994506836 1.342400054931639
v -8.927600097656251 -2.05384994506836 1.342400054931639
v -8.9577001953125 -2.073215026855469 1.342400054931639
v -8.927600097656251 -2.145149993896485 1.3755200195312485
v -8.927600097656251 -2.05384994506836 1.342400054931639
v -8.927600097656251 -2.145149993896485 1.3755200195312485
v -8.907000122070313 -2.1319050598144536 1.3755200195312485
v -8.907000122070313 -2.1319050598144536 1.3755200195312485
v -8.927600097656251 -2.145149993896485 1.3755200195312485
v -8.895549926757813 -2.2218200683593756 1.3958050537109359
v -8.907000122070313 -2.1319050598144536 1.3755200195312485
v -8.895549926757813 -2.2218200683593756 1.3958050537109359
v -8.88510009765625 -2.2150900268554694 1.3958050537109359
v -8.88510009765625 -2.2150900268554694 1.3958050537109359
v -8.895549926757813 -2.2218200683593756 1.3958050537109359
v -8.862449951171875 -2.3008850097656257 1.4026350402832015
v -8.895549926757813 -2.2218200683593756 1.3958050537109359
v -8.905 -2.230944976806641 1.3958050537109359
v -8.862449951171875 -2.3008850097656257 1.4026350402832015
v -8.873950195312501 -2.210975036621094 1.3958050537109359
v -8.88510009765625 -2.2150900268554694 1.3958050537109359
v -8.862449951171875 -2.3008850097656257 1.4026350402832015
v -8.88510009765625 -2.1237899780273444 1.3755200195312485
v -8.907000122070313 -2.1319050598144536 1.3755200195312485
v -8.88510009765625 -2.2150900268554694 1.3958050537109359
v -8.88510009765625 -2.1237899780273444 1.3755200195312485
v -8.88510009765625 -2.2150900268554694 1.3958050537109359
v -8.873950195312501 -2.210975036621094 1.3958050537109359
v -8.895549926757813 -2.041990051269532 1.342400054931639
v -8.927600097656251 -2.05384994506836 1.342400054931639
v -8.907000122070313 -2.1319050598144536 1.3755200195312485
v -8.895549926757813 -2.041990051269532 1.342400054931639
v -8.907000122070313 -2.1319050598144536 1.3755200195312485
v -8.88510009765625 -2.1237899780273444 1.3755200195312485
v -8.905 -1.9680549621582033 1.2974499511718736
v -8.946199951171875 -1.9833050537109378 1.2974499511718736
v -8.927600097656251 -2.05384994506836 1.342400054931639
v -8.905 -1.9680549621582033 1.2974499511718736
v -8.927600097656251 -2.05384994506836 1.342400054931639
v -8.895549926757813 -2.041990051269532 1.342400054931639
v -8.913150024414064 -1.9042349243164065 1.2420400238037095
v -8.9622998046875 -1.9224049377441408 1.2420400238037095
v -8.946199951171875 -1.9833050537109378 1.2974499511718736
v -8.913150024414064 -1.9042349243164065 1.2420400238037095
v -8.946199951171875 -1.9833050537109378 1.2974499511718736
v -8.905 -1.9680549621582033 1.2974499511718736
v -8.919749755859375 -1.8524650573730472 1.1778450012207016
v -8.97530029296875 -1.873009948730469 1.1778450012207016
v -8.9622998046875 -1.9224049377441408 1.2420400238037095
v -8.919749755859375 -1.8524650573730472 1.1778450012207016
v -8.9622998046875 -1.9224049377441408 1.2420400238037095
v -8.913150024414064 -1.9042349243164065 1.2420400238037095
v -8.924600219726562 -1.8143200683593752 1.1068199920654282
v -8.98489990234375 -1.8366099548339847 1.1068199920654282
v -8.97530029296875 -1.873009948730469 1.1778450012207016
v -8.924600219726562 -1.8143200683593752 1.1068199920654282
v -8.97530029296875 -1.873009948730469 1.1778450012207016
v -8.919749755859375 -1.8524650573730472 1.1778450012207016
v -8.927600097656251 -1.7909599304199222 1.0311199951171859
v -8.990800170898437 -1.8143200683593752 1.0311199951171859
v -8.98489990234375 -1.8366099548339847 1.1068199920654282
v -8.927600097656251 -1.7909599304199222 1.0311199951171859
v -8.98489990234375 -1.8366099548339847 1.1068199920654282
v -8.924600219726562 -1.8143200683593752 1.1068199920654282
v -8.862449951171875 -1.7830949401855472 1.0311199951171859
v -8.927600097656251 -1.7909599304199222 1.0311199951171859
v -8.924600219726562 -1.8143200683593752 1.1068199920654282
v -8.862449951171875 -1.7830949401855472 1.0311199951171859
v -8.924600219726562 -1.8143200683593752 1.1068199920654282
v -8.862449951171875 -1.8068150329589847 1.1068199920654282
v -8.862449951171875 -1.8068150329589847 1.1068199920654282
v -8.924600219726562 -1.8143200683593752 1.1068199920654282
v -8.919749755859375 -1.8524650573730472 1.1778450012207016
v -8.862449951171875 -1.8068150329589847 1.1068199920654282
v -8.919749755859375 -1.8524650573730472 1.1778450012207016
v -8.862449951171875 -1.8455499267578128 1.1778450012207016
v -8.862449951171875 -1.8455499267578128 1.1778450012207016
v -8.919749755859375 -1.8524650573730472 1.1778450012207016
v -8.913150024414064 -1.9042349243164065 1.2420400238037095
v -8.862449951171875 -1.8455499267578128 1.1778450012207016
v -8.913150024414064 -1.9042349243164065 1.2420400238037095
v -8.862449951171875 -1.898114929199219 1.2420400238037095
v -8.862449951171875 -1.898114929199219 1.2420400238037095
v -8.913150024414064 -1.9042349243164065 1.2420400238037095
v -8.905 -1.9680549621582033 1.2974499511718736
v -8.862449951171875 -1.898114929199219 1.2420400238037095
v -8.905 -1.9680549621582033 1.2974499511718736
v -8.862449951171875 -1.962920074462891 1.2974499511718736
v -8.862449951171875 -1.962920074462891 1.2974499511718736
v -8.905 -1.9680549621582033 1.2974499511718736
v -8.895549926757813 -2.041990051269532 1.342400054931639
v -8.862449951171875 -1.962920074462891 1.2974499511718736
v -8.895549926757813 -2.041990051269532 1.342400054931639
v -8.862449951171875 -2.037994995117188 1.342400054931639
v -8.862449951171875 -2.037994995117188 1.342400054931639
v -8.895549926757813 -2.041990051269532 1.342400054931639
v -8.88510009765625 -2.1237899780273444 1.3755200195312485
v -8.862449951171875 -2.037994995117188 1.342400054931639
v -8.88510009765625 -2.1237899780273444 1.3755200195312485
v -8.862449951171875 -2.1210600280761724 1.3755200195312485
v -8.862449951171875 -2.1210600280761724 1.3755200195312485
v -8.88510009765625 -2.1237899780273444 1.3755200195312485
v -8.873950195312501 -2.210975036621094 1.3958050537109359
v -8.862449951171875 -2.1210600280761724 1.3755200195312485
v -8.873950195312501 -2.210975036621094 1.3958050537109359
v -8.862449951171875 -2.2095849609375007 1.3958050537109359
v -8.862449951171875 -2.2095849609375007 1.3958050537109359
v -8.873950195312501 -2.210975036621094 1.3958050537109359
v -8.862449951171875 -2.3008850097656257 1.4026350402832015
v -8.862449951171875 -2.2095849609375007 1.3958050537109359
v -8.862449951171875 -2.3008850097656257 1.4026350402832015
v -8.29094970703125 -2.3008850097656257 1.4026350402832015
v -8.862449951171875 -2.2095849609375007 1.3958050537109359
v -8.29094970703125 -2.3008850097656257 1.4026350402832015
v -8.29094970703125 -2.2095849609375007 1.3958050537109359
v -8.862449951171875 -3.089555053710938 1.4026350402832013
v -8.29094970703125 -3.089555053710938 1.4026350402832013
v -8.29094970703125 -2.3008850097656257 1.4026350402832015
v -8.862449951171875 -3.089555053710938 1.4026350402832013
v -8.29094970703125 -2.3008850097656257 1.4026350402832015
v -8.862449951171875 -2.3008850097656257 1.4026350402832015
v -8.862449951171875 -3.089555053710938 1.4026350402832013
v -8.862449951171875 -3.0924499511718757 1.40241500854492
v -8.29094970703125 -3.0924499511718757 1.40241500854492
v -8.862449951171875 -3.089555053710938 1.4026350402832013
v -8.29094970703125 -3.0924499511718757 1.40241500854492
v -8.29094970703125 -3.089555053710938 1.4026350402832013
v -8.279450073242188 -2.210975036621094 1.3958050537109359
v -8.29094970703125 -2.2095849609375007 1.3958050537109359
v -8.29094970703125 -2.3008850097656257 1.4026350402832015
v -8.268350219726562 -2.1237899780273444 1.3755200195312485
v -8.29094970703125 -2.1210600280761724 1.3755200195312485
v -8.29094970703125 -2.2095849609375007 1.3958050537109359
v -8.268350219726562 -2.1237899780273444 1.3755200195312485
v -8.29094970703125 -2.2095849609375007 1.3958050537109359
v -8.279450073242188 -2.210975036621094 1.3958050537109359
v -8.257849731445313 -2.041990051269532 1.342400054931639
v -8.29094970703125 -2.037994995117188 1.342400054931639
v -8.29094970703125 -2.1210600280761724 1.3755200195312485
v -8.257849731445313 -2.041990051269532 1.342400054931639
v -8.29094970703125 -2.1210600280761724 1.3755200195312485
v -8.268350219726562 -2.1237899780273444 1.3755200195312485
v -8.24844970703125 -1.9680549621582033 1.2974499511718736
v -8.29094970703125 -1.962920074462891 1.2974499511718736
v -8.29094970703125 -2.037994995117188 1.342400054931639
v -8.24844970703125 -1.9680549621582033 1.2974499511718736
v -8.29094970703125 -2.037994995117188 1.342400054931639
v -8.257849731445313 -2.041990051269532 1.342400054931639
v -8.240250244140626 -1.9042349243164065 1.2420400238037095
v -8.29094970703125 -1.898114929199219 1.2420400238037095
v -8.29094970703125 -1.962920074462891 1.2974499511718736
v -8.240250244140626 -1.9042349243164065 1.2420400238037095
v -8.29094970703125 -1.962920074462891 1.2974499511718736
v -8.24844970703125 -1.9680549621582033 1.2974499511718736
v -8.23364990234375 -1.8524650573730472 1.1778450012207016
v -8.29094970703125 -1.8455499267578128 1.1778450012207016
v -8.29094970703125 -1.898114929199219 1.2420400238037095
v -8.23364990234375 -1.8524650573730472 1.1778450012207016
v -8.29094970703125 -1.898114929199219 1.2420400238037095
v -8.240250244140626 -1.9042349243164065 1.2420400238037095
v -8.228800048828125 -1.8143200683593752 1.1068199920654282
v -8.29094970703125 -1.8068150329589847 1.1068199920654282
v -8.29094970703125 -1.8455499267578128 1.1778450012207016
v -8.228800048828125 -1.8143200683593752 1.1068199920654282
v -8.29094970703125 -1.8455499267578128 1.1778450012207016
v -8.23364990234375 -1.8524650573730472 1.1778450012207016
v -8.225800170898438 -1.7909599304199222 1.0311199951171859
v -8.29094970703125 -1.7830949401855472 1.0311199951171859
v -8.29094970703125 -1.8068150329589847 1.1068199920654282
v -8.225800170898438 -1.7909599304199222 1.0311199951171859
v -8.29094970703125 -1.8068150329589847 1.1068199920654282
v -8.228800048828125 -1.8143200683593752 1.1068199920654282
v -8.2247998046875 -1.7830949401855472 0.9530549621582017
v -8.29094970703125 -1.7751049804687502 0.9530549621582017
v -8.29094970703125 -1.7830949401855472 1.0311199951171859
v -8.2247998046875 -1.7830949401855472 0.9530549621582017
v -8.29094970703125 -1.7830949401855472 1.0311199951171859
v -8.225800170898438 -1.7909599304199222 1.0311199951171859
v -8.160650024414062 -1.8068150329589847 0.9530549621582017
v -8.2247998046875 -1.7830949401855472 0.9530549621582017
v -8.225800170898438 -1.7909599304199222 1.0311199951171859
v -8.160650024414062 -1.8068150329589847 0.9530549621582017
v -8.225800170898438 -1.7909599304199222 1.0311199951171859
v -8.16260009765625 -1.8143200683593752 1.0311199951171859
v -8.16260009765625 -1.8143200683593752 1.0311199951171859
v -8.225800170898438 -1.7909599304199222 1.0311199951171859
v -8.228800048828125 -1.8143200683593752 1.1068199920654282
v -8.16260009765625 -1.8143200683593752 1.0311199951171859
v -8.228800048828125 -1.8143200683593752 1.1068199920654282
v -8.168499755859376 -1.8366099548339847 1.1068199920654282
v -8.168499755859376 -1.8366099548339847 1.1068199920654282
v -8.228800048828125 -1.8143200683593752 1.1068199920654282
v -8.23364990234375 -1.8524650573730472 1.1778450012207016
v -8.168499755859376 -1.8366099548339847 1.1068199920654282
v -8.23364990234375 -1.8524650573730472 1.1778450012207016
v -8.178099975585937 -1.873009948730469 1.1778450012207016
v -8.178099975585937 -1.873009948730469 1.1778450012207016
v -8.23364990234375 -1.8524650573730472 1.1778450012207016
v -8.240250244140626 -1.9042349243164065 1.2420400238037095
v -8.178099975585937 -1.873009948730469 1.1778450012207016
v -8.240250244140626 -1.9042349243164065 1.2420400238037095
v -8.19114990234375 -1.9224049377441408 1.2420400238037095
v -8.19114990234375 -1.9224049377441408 1.2420400238037095
v -8.240250244140626 -1.9042349243164065 1.2420400238037095
v -8.24844970703125 -1.9680549621582033 1.2974499511718736
v -8.19114990234375 -1.9224049377441408 1.2420400238037095
v -8.24844970703125 -1.9680549621582033 1.2974499511718736
v -8.20719970703125 -1.9833050537109378 1.2974499511718736
v -8.20719970703125 -1.9833050537109378 1.2974499511718736
v -8.24844970703125 -1.9680549621582033 1.2974499511718736
v -8.257849731445313 -2.041990051269532 1.342400054931639
v -8.20719970703125 -1.9833050537109378 1.2974499511718736
v -8.257849731445313 -2.041990051269532 1.342400054931639
v -8.225800170898438 -2.05384994506836 1.342400054931639
v -8.225800170898438 -2.05384994506836 1.342400054931639
v -8.257849731445313 -2.041990051269532 1.342400054931639
v -8.268350219726562 -2.1237899780273444 1.3755200195312485
v -8.225800170898438 -2.05384994506836 1.342400054931639
v -8.268350219726562 -2.1237899780273444 1.3755200195312485
v -8.246400146484374 -2.1319050598144536 1.3755200195312485
v -8.246400146484374 -2.1319050598144536 1.3755200195312485
v -8.268350219726562 -2.1237899780273444 1.3755200195312485
v -8.279450073242188 -2.210975036621094 1.3958050537109359
v -8.246400146484374 -2.1319050598144536 1.3755200195312485
v -8.279450073242188 -2.210975036621094 1.3958050537109359
v -8.268350219726562 -2.2150900268554694 1.3958050537109359
v -8.268350219726562 -2.2150900268554694 1.3958050537109359
v -8.279450073242188 -2.210975036621094 1.3958050537109359
v -8.29094970703125 -2.3008850097656257 1.4026350402832015
v -8.257849731445313 -2.2218200683593756 1.3958050537109359
v -8.268350219726562 -2.2150900268554694 1.3958050537109359
v -8.29094970703125 -2.3008850097656257 1.4026350402832015
v -8.225800170898438 -2.145149993896485 1.3755200195312485
v -8.246400146484374 -2.1319050598144536 1.3755200195312485
v -8.268350219726562 -2.2150900268554694 1.3958050537109359
v -8.225800170898438 -2.145149993896485 1.3755200195312485
v -8.268350219726562 -2.2150900268554694 1.3958050537109359
v -8.257849731445313 -2.2218200683593756 1.3958050537109359
v -8.195700073242188 -2.073215026855469 1.342400054931639
v -8.225800170898438 -2.05384994506836 1.342400054931639
v -8.246400146484374 -2.1319050598144536 1.3755200195312485
v -8.195700073242188 -2.073215026855469 1.342400054931639
v -8.246400146484374 -2.1319050598144536 1.3755200195312485
v -8.225800170898438 -2.145149993896485 1.3755200195312485
v -8.168499755859376 -2.008200073242188 1.2974499511718736
v -8.20719970703125 -1.9833050537109378 1.2974499511718736
v -8.225800170898438 -2.05384994506836 1.342400054931639
v -8.168499755859376 -2.008200073242188 1.2974499511718736
v -8.225800170898438 -2.05384994506836 1.342400054931639
v -8.195700073242188 -2.073215026855469 1.342400054931639
v -8.145 -1.9520750427246096 1.2420400238037097
v -8.19114990234375 -1.9224049377441408 1.2420400238037095
v -8.20719970703125 -1.9833050537109378 1.2974499511718736
v -8.145 -1.9520750427246096 1.2420400238037097
v -8.20719970703125 -1.9833050537109378 1.2974499511718736
v -8.168499755859376 -2.008200073242188 1.2974499511718736
v -8.125999755859375 -1.906549987792969 1.1778450012207018
v -8.178099975585937 -1.873009948730469 1.1778450012207016
v -8.19114990234375 -1.9224049377441408 1.2420400238037095
v -8.125999755859375 -1.906549987792969 1.1778450012207018
v -8.19114990234375 -1.9224049377441408 1.2420400238037095
v -8.145 -1.9520750427246096 1.2420400238037097
v -8.111950073242188 -1.873009948730469 1.1068199920654285
v -8.168499755859376 -1.8366099548339847 1.1068199920654282
v -8.178099975585937 -1.873009948730469 1.1778450012207016
v -8.111950073242188 -1.873009948730469 1.1068199920654285
v -8.178099975585937 -1.873009948730469 1.1778450012207016
v -8.125999755859375 -1.906549987792969 1.1778450012207018
v -8.103350219726563 -1.8524650573730472 1.031119995117186
v -8.16260009765625 -1.8143200683593752 1.0311199951171859
v -8.168499755859376 -1.8366099548339847 1.1068199920654282
v -8.103350219726563 -1.8524650573730472 1.031119995117186
v -8.168499755859376 -1.8366099548339847 1.1068199920654282
v -8.111950073242188 -1.873009948730469 1.1068199920654285
v -8.100449829101562 -1.8455499267578128 0.9530549621582017
v -8.160650024414062 -1.8068150329589847 0.9530549621582017
v -8.16260009765625 -1.8143200683593752 1.0311199951171859
v -8.100449829101562 -1.8455499267578128 0.9530549621582017
v -8.16260009765625 -1.8143200683593752 1.0311199951171859
v -8.103350219726563 -1.8524650573730472 1.031119995117186
v -8.0460498046875 -1.898114929199219 0.9530549621582017
v -8.100449829101562 -1.8455499267578128 0.9530549621582017
v -8.103350219726563 -1.8524650573730472 1.031119995117186
v -8.0460498046875 -1.898114929199219 0.9530549621582017
v -8.103350219726563 -1.8524650573730472 1.031119995117186
v -8.049749755859375 -1.9042349243164065 1.031119995117186
v -8.049749755859375 -1.9042349243164065 1.031119995117186
v -8.103350219726563 -1.8524650573730472 1.031119995117186
v -8.111950073242188 -1.873009948730469 1.1068199920654285
v -8.049749755859375 -1.9042349243164065 1.031119995117186
v -8.111950073242188 -1.873009948730469 1.1068199920654285
v -8.060800170898437 -1.9224049377441408 1.1068199920654285
v -8.060800170898437 -1.9224049377441408 1.1068199920654285
v -8.111950073242188 -1.873009948730469 1.1068199920654285
v -8.125999755859375 -1.906549987792969 1.1778450012207018
v -8.060800170898437 -1.9224049377441408 1.1068199920654285
v -8.125999755859375 -1.906549987792969 1.1778450012207018
v -8.07885009765625 -1.9520750427246096 1.1778450012207018
v -8.07885009765625 -1.9520750427246096 1.1778450012207018
v -8.125999755859375 -1.906549987792969 1.1778450012207018
v -8.145 -1.9520750427246096 1.2420400238037097
v -8.07885009765625 -1.9520750427246096 1.1778450012207018
v -8.145 -1.9520750427246096 1.2420400238037097
v -8.103350219726563 -1.9923449707031253 1.2420400238037097
v -8.103350219726563 -1.9923449707031253 1.2420400238037097
v -8.145 -1.9520750427246096 1.2420400238037097
v -8.168499755859376 -2.008200073242188 1.2974499511718736
v -8.103350219726563 -1.9923449707031253 1.2420400238037097
v -8.168499755859376 -2.008200073242188 1.2974499511718736
v -8.133549804687501 -2.041990051269532 1.2974499511718738
v -8.133549804687501 -2.041990051269532 1.2974499511718738
v -8.168499755859376 -2.008200073242188 1.2974499511718736
v -8.195700073242188 -2.073215026855469 1.342400054931639
v -8.133549804687501 -2.041990051269532 1.2974499511718738
v -8.195700073242188 -2.073215026855469 1.342400054931639
v -8.168499755859376 -2.0994999694824226 1.342400054931639
v -8.168499755859376 -2.0994999694824226 1.342400054931639
v -8.195700073242188 -2.073215026855469 1.342400054931639
v -8.225800170898438 -2.145149993896485 1.3755200195312485
v -8.168499755859376 -2.0994999694824226 1.342400054931639
v -8.225800170898438 -2.145149993896485 1.3755200195312485
v -8.20719970703125 -2.1631300354003913 1.3755200195312485
v -8.20719970703125 -2.1631300354003913 1.3755200195312485
v -8.225800170898438 -2.145149993896485 1.3755200195312485
v -8.257849731445313 -2.2218200683593756 1.3958050537109359
v -8.20719970703125 -2.1631300354003913 1.3755200195312485
v -8.257849731445313 -2.2218200683593756 1.3958050537109359
v -8.24844970703125 -2.230944976806641 1.3958050537109359
v -8.24844970703125 -2.230944976806641 1.3958050537109359
v -8.257849731445313 -2.2218200683593756 1.3958050537109359
v -8.29094970703125 -2.3008850097656257 1.4026350402832015
v -8.240250244140626 -2.242200012207032 1.3958050537109359
v -8.24844970703125 -2.230944976806641 1.3958050537109359
v -8.29094970703125 -2.3008850097656257 1.4026350402832015
v -8.19114990234375 -2.1852949523925784 1.3755200195312485
v -8.20719970703125 -2.1631300354003913 1.3755200195312485
v -8.24844970703125 -2.230944976806641 1.3958050537109359
v -8.19114990234375 -2.1852949523925784 1.3755200195312485
v -8.24844970703125 -2.230944976806641 1.3958050537109359
v -8.240250244140626 -2.242200012207032 1.3958050537109359
v -8.145 -2.1319050598144536 1.3424000549316393
v -8.168499755859376 -2.0994999694824226 1.342400054931639
v -8.20719970703125 -2.1631300354003913 1.3755200195312485
v -8.145 -2.1319050598144536 1.3424000549316393
v -8.20719970703125 -2.1631300354003913 1.3755200195312485
v -8.19114990234375 -2.1852949523925784 1.3755200195312485
v -8.103350219726563 -2.0836450195312506 1.2974499511718738
v -8.133549804687501 -2.041990051269532 1.2974499511718738
v -8.168499755859376 -2.0994999694824226 1.342400054931639
v -8.103350219726563 -2.0836450195312506 1.2974499511718738
v -8.168499755859376 -2.0994999694824226 1.342400054931639
v -8.145 -2.1319050598144536 1.3424000549316393
v -8.067349853515625 -2.041990051269532 1.2420400238037097
v -8.103350219726563 -1.9923449707031253 1.2420400238037097
v -8.133549804687501 -2.041990051269532 1.2974499511718738
v -8.067349853515625 -2.041990051269532 1.2420400238037097
v -8.133549804687501 -2.041990051269532 1.2974499511718738
v -8.103350219726563 -2.0836450195312506 1.2974499511718738
v -8.038200073242187 -2.008200073242188 1.1778450012207018
v -8.07885009765625 -1.9520750427246096 1.1778450012207018
v -8.103350219726563 -1.9923449707031253 1.2420400238037097
v -8.038200073242187 -2.008200073242188 1.1778450012207018
v -8.103350219726563 -1.9923449707031253 1.2420400238037097
v -8.067349853515625 -2.041990051269532 1.2420400238037097
v -8.016699829101563 -1.9833050537109378 1.1068199920654285
v -8.060800170898437 -1.9224049377441408 1.1068199920654285
v -8.07885009765625 -1.9520750427246096 1.1778450012207018
v -8.016699829101563 -1.9833050537109378 1.1068199920654285
v -8.07885009765625 -1.9520750427246096 1.1778450012207018
v -8.038200073242187 -2.008200073242188 1.1778450012207018
v -8.0035498046875 -1.9680549621582033 1.031119995117186
v -8.049749755859375 -1.9042349243164065 1.031119995117186
v -8.060800170898437 -1.9224049377441408 1.1068199920654285
v -8.0035498046875 -1.9680549621582033 1.031119995117186
v -8.060800170898437 -1.9224049377441408 1.1068199920654285
v -8.016699829101563 -1.9833050537109378 1.1068199920654285
v -7.9990997314453125 -1.962920074462891 0.9530549621582017
v -8.0460498046875 -1.898114929199219 0.9530549621582017
v -8.049749755859375 -1.9042349243164065 1.031119995117186
v -7.9990997314453125 -1.962920074462891 0.9530549621582017
v -8.049749755859375 -1.9042349243164065 1.031119995117186
v -8.0035498046875 -1.9680549621582033 1.031119995117186
v -7.960999755859375 -2.0379949951171876 0.9530549621582017
v -7.9990997314453125 -1.962920074462891 0.9530549621582017
v -8.0035498046875 -1.9680549621582033 1.031119995117186
v -7.960999755859375 -2.0379949951171876 0.9530549621582017
v -8.0035498046875 -1.9680549621582033 1.031119995117186
v -7.965999755859375 -2.041990051269532 1.031119995117186
v -7.965999755859375 -2.041990051269532 1.031119995117186
v -8.0035498046875 -1.9680549621582033 1.031119995117186
v -8.016699829101563 -1.9833050537109378 1.1068199920654285
v -7.965999755859375 -2.041990051269532 1.031119995117186
v -8.016699829101563 -1.9833050537109378 1.1068199920654285
v -7.980900268554688 -2.05384994506836 1.1068199920654285
v -7.980900268554688 -2.05384994506836 1.1068199920654285
v -8.016699829101563 -1.9833050537109378 1.1068199920654285
v -8.038200073242187 -2.008200073242188 1.1778450012207018
v -7.980900268554688 -2.05384994506836 1.1068199920654285
v -8.038200073242187 -2.008200073242188 1.1778450012207018
v -8.0052001953125 -2.073215026855469 1.1778450012207018
v -8.0052001953125 -2.073215026855469 1.1778450012207018
v -8.038200073242187 -2.008200073242188 1.1778450012207018
v -8.067349853515625 -2.041990051269532 1.2420400238037097
v -8.0052001953125 -2.073215026855469 1.1778450012207018
v -8.067349853515625 -2.041990051269532 1.2420400238037097
v -8.038200073242187 -2.0994999694824226 1.2420400238037097
v -8.038200073242187 -2.0994999694824226 1.2420400238037097
v -8.067349853515625 -2.041990051269532 1.2420400238037097
v -8.103350219726563 -2.0836450195312506 1.2974499511718738
v -8.038200073242187 -2.0994999694824226 1.2420400238037097
v -8.103350219726563 -2.0836450195312506 1.2974499511718738
v -8.07885009765625 -2.1319050598144536 1.2974499511718738
v -8.07885009765625 -2.1319050598144536 1.2974499511718738
v -8.103350219726563 -2.0836450195312506 1.2974499511718738
v -8.145 -2.1319050598144536 1.3424000549316393
v -8.07885009765625 -2.1319050598144536 1.2974499511718738
v -8.145 -2.1319050598144536 1.3424000549316393
v -8.125999755859375 -2.169440002441407 1.3424000549316393
v -8.125999755859375 -2.169440002441407 1.3424000549316393
v -8.145 -2.1319050598144536 1.3424000549316393
v -8.19114990234375 -2.1852949523925784 1.3755200195312485
v -8.125999755859375 -2.169440002441407 1.3424000549316393
v -8.19114990234375 -2.1852949523925784 1.3755200195312485
v -8.178099975585937 -2.210975036621094 1.3755200195312485
v -8.178099975585937 -2.210975036621094 1.3755200195312485
v -8.19114990234375 -2.1852949523925784 1.3755200195312485
v -8.240250244140626 -2.242200012207032 1.3958050537109359
v -8.178099975585937 -2.210975036621094 1.3755200195312485
v -8.240250244140626 -2.242200012207032 1.3958050537109359
v -8.23364990234375 -2.255234985351563 1.3958050537109359
v -8.23364990234375 -2.255234985351563 1.3958050537109359
v -8.240250244140626 -2.242200012207032 1.3958050537109359
v -8.29094970703125 -2.3008850097656257 1.4026350402832015
v -8.228800048828125 -2.269660034179688 1.3958050537109359
v -8.23364990234375 -2.255234985351563 1.3958050537109359
v -8.29094970703125 -2.3008850097656257 1.4026350402832015
v -8.168499755859376 -2.239380035400391 1.3755200195312485
v -8.178099975585937 -2.210975036621094 1.3755200195312485
v -8.23364990234375 -2.255234985351563 1.3958050537109359
v -8.168499755859376 -2.239380035400391 1.3755200195312485
v -8.23364990234375 -2.255234985351563 1.3958050537109359
v -8.228800048828125 -2.269660034179688 1.3958050537109359
v -8.111950073242188 -2.210975036621094 1.3424000549316393
v -8.125999755859375 -2.169440002441407 1.3424000549316393
v -8.178099975585937 -2.210975036621094 1.3755200195312485
v -8.111950073242188 -2.210975036621094 1.3424000549316393
v -8.178099975585937 -2.210975036621094 1.3755200195312485
v -8.168499755859376 -2.239380035400391 1.3755200195312485
v -8.060800170898437 -2.1852949523925784 1.2974499511718738
v -8.07885009765625 -2.1319050598144536 1.2974499511718738
v -8.125999755859375 -2.169440002441407 1.3424000549316393
v -8.060800170898437 -2.1852949523925784 1.2974499511718738
v -8.125999755859375 -2.169440002441407 1.3424000549316393
v -8.111950073242188 -2.210975036621094 1.3424000549316393
v -8.016699829101563 -2.1631300354003913 1.2420400238037097
v -8.038200073242187 -2.0994999694824226 1.2420400238037097
v -8.07885009765625 -2.1319050598144536 1.2974499511718738
v -8.016699829101563 -2.1631300354003913 1.2420400238037097
v -8.07885009765625 -2.1319050598144536 1.2974499511718738
v -8.060800170898437 -2.1852949523925784 1.2974499511718738
v -7.980900268554688 -2.145149993896485 1.1778450012207018
v -8.0052001953125 -2.073215026855469 1.1778450012207018
v -8.038200073242187 -2.0994999694824226 1.2420400238037097
v -7.980900268554688 -2.145149993896485 1.1778450012207018
v -8.038200073242187 -2.0994999694824226 1.2420400238037097
v -8.016699829101563 -2.1631300354003913 1.2420400238037097
v -7.954500122070312 -2.1319050598144536 1.1068199920654285
v -7.980900268554688 -2.05384994506836 1.1068199920654285
v -8.0052001953125 -2.073215026855469 1.1778450012207018
v -7.954500122070312 -2.1319050598144536 1.1068199920654285
v -8.0052001953125 -2.073215026855469 1.1778450012207018
v -7.980900268554688 -2.145149993896485 1.1778450012207018
v -7.938350219726563 -2.1237899780273444 1.031119995117186
v -7.965999755859375 -2.041990051269532 1.031119995117186
v -7.980900268554688 -2.05384994506836 1.1068199920654285
v -7.938350219726563 -2.1237899780273444 1.031119995117186
v -7.980900268554688 -2.05384994506836 1.1068199920654285
v -7.954500122070312 -2.1319050598144536 1.1068199920654285
v -7.932949829101562 -2.121060028076172 0.9530549621582017
v -7.960999755859375 -2.0379949951171876 0.9530549621582017
v -7.965999755859375 -2.041990051269532 1.031119995117186
v -7.932949829101562 -2.121060028076172 0.9530549621582017
v -7.965999755859375 -2.041990051269532 1.031119995117186
v -7.938350219726563 -2.1237899780273444 1.031119995117186
v -7.915750122070313 -2.2095849609375002 0.9530549621582017
v -7.932949829101562 -2.121060028076172 0.9530549621582017
v -7.938350219726563 -2.1237899780273444 1.031119995117186
v -7.915750122070313 -2.2095849609375002 0.9530549621582017
v -7.938350219726563 -2.1237899780273444 1.031119995117186
v -7.9214501953125005 -2.210975036621094 1.031119995117186
v -7.9214501953125005 -2.210975036621094 1.031119995117186
v -7.938350219726563 -2.1237899780273444 1.031119995117186
v -7.954500122070312 -2.1319050598144536 1.1068199920654285
v -7.9214501953125005 -2.210975036621094 1.031119995117186
v -7.954500122070312 -2.1319050598144536 1.1068199920654285
v -7.938350219726563 -2.2150900268554694 1.1068199920654285
v -7.938350219726563 -2.2150900268554694 1.1068199920654285
v -7.954500122070312 -2.1319050598144536 1.1068199920654285
v -7.980900268554688 -2.145149993896485 1.1778450012207018
v -7.938350219726563 -2.2150900268554694 1.1068199920654285
v -7.980900268554688 -2.145149993896485 1.1778450012207018
v -7.965999755859375 -2.2218200683593756 1.1778450012207018
v -7.965999755859375 -2.2218200683593756 1.1778450012207018
v -7.980900268554688 -2.145149993896485 1.1778450012207018
v -8.016699829101563 -2.1631300354003913 1.2420400238037097
v -7.965999755859375 -2.2218200683593756 1.1778450012207018
v -8.016699829101563 -2.1631300354003913 1.2420400238037097
v -8.0035498046875 -2.230944976806641 1.2420400238037097
v -8.0035498046875 -2.230944976806641 1.2420400238037097
v -8.016699829101563 -2.1631300354003913 1.2420400238037097
v -8.060800170898437 -2.1852949523925784 1.2974499511718738
v -8.0035498046875 -2.230944976806641 1.2420400238037097
v -8.060800170898437 -2.1852949523925784 1.2974499511718738
v -8.049749755859375 -2.242200012207032 1.2974499511718738
v -8.049749755859375 -2.242200012207032 1.2974499511718738
v -8.060800170898437 -2.1852949523925784 1.2974499511718738
v -8.111950073242188 -2.210975036621094 1.3424000549316393
v -8.049749755859375 -2.242200012207032 1.2974499511718738
v -8.111950073242188 -2.210975036621094 1.3424000549316393
v -8.103350219726563 -2.255234985351563 1.3424000549316393
v -8.103350219726563 -2.255234985351563 1.3424000549316393
v -8.111950073242188 -2.210975036621094 1.3424000549316393
v -8.168499755859376 -2.239380035400391 1.3755200195312485
v -8.103350219726563 -2.255234985351563 1.3424000549316393
v -8.168499755859376 -2.239380035400391 1.3755200195312485
v -8.16260009765625 -2.269660034179688 1.3755200195312485
v -8.16260009765625 -2.269660034179688 1.3755200195312485
v -8.168499755859376 -2.239380035400391 1.3755200195312485
v -8.228800048828125 -2.269660034179688 1.3958050537109359
v -8.16260009765625 -2.269660034179688 1.3755200195312485
v -8.228800048828125 -2.269660034179688 1.3958050537109359
v -8.225800170898438 -2.2850300598144537 1.3958050537109359
v -8.225800170898438 -2.2850300598144537 1.3958050537109359
v -8.228800048828125 -2.269660034179688 1.3958050537109359
v -8.29094970703125 -2.3008850097656257 1.4026350402832015
v -8.2247998046875 -2.3008850097656257 1.3958050537109359
v -8.225800170898438 -2.2850300598144537 1.3958050537109359
v -8.29094970703125 -2.3008850097656257 1.4026350402832015
v -8.160650024414062 -2.3008850097656257 1.3755200195312485
v -8.16260009765625 -2.269660034179688 1.3755200195312485
v -8.225800170898438 -2.2850300598144537 1.3958050537109359
v -8.160650024414062 -2.3008850097656257 1.3755200195312485
v -8.225800170898438 -2.2850300598144537 1.3958050537109359
v -8.2247998046875 -2.3008850097656257 1.3958050537109359
v -8.100449829101562 -2.3008850097656257 1.3424000549316393
v -8.103350219726563 -2.255234985351563 1.3424000549316393
v -8.16260009765625 -2.269660034179688 1.3755200195312485
v -8.100449829101562 -2.3008850097656257 1.3424000549316393
v -8.16260009765625 -2.269660034179688 1.3755200195312485
v -8.160650024414062 -2.3008850097656257 1.3755200195312485
v -8.0460498046875 -2.3008850097656257 1.2974499511718738
v -8.049749755859375 -2.242200012207032 1.2974499511718738
v -8.103350219726563 -2.255234985351563 1.3424000549316393
v -8.0460498046875 -2.3008850097656257 1.2974499511718738
v -8.103350219726563 -2.255234985351563 1.3424000549316393
v -8.100449829101562 -2.3008850097656257 1.3424000549316393
v -7.9990997314453125 -2.3008850097656257 1.2420400238037097
v -8.0035498046875 -2.230944976806641 1.2420400238037097
v -8.049749755859375 -2.242200012207032 1.2974499511718738
v -7.9990997314453125 -2.3008850097656257 1.2420400238037097
v -8.049749755859375 -2.242200012207032 1.2974499511718738
v -8.0460498046875 -2.3008850097656257 1.2974499511718738
v -7.960999755859375 -2.3008850097656257 1.1778450012207018
v -7.965999755859375 -2.2218200683593756 1.1778450012207018
v -8.0035498046875 -2.230944976806641 1.2420400238037097
v -7.960999755859375 -2.3008850097656257 1.1778450012207018
v -8.0035498046875 -2.230944976806641 1.2420400238037097
v -7.9990997314453125 -2.3008850097656257 1.2420400238037097
v -7.932949829101562 -2.3008850097656257 1.1068199920654285
v -7.938350219726563 -2.2150900268554694 1.1068199920654285
v -7.965999755859375 -2.2218200683593756 1.1778450012207018
v -7.932949829101562 -2.3008850097656257 1.1068199920654285
v -7.965999755859375 -2.2218200683593756 1.1778450012207018
v -7.960999755859375 -2.3008850097656257 1.1778450012207018
v -7.915750122070313 -2.3008850097656257 1.031119995117186
v -7.9214501953125005 -2.210975036621094 1.031119995117186
v -7.938350219726563 -2.2150900268554694 1.1068199920654285
v -7.915750122070313 -2.3008850097656257 1.031119995117186
v -7.938350219726563 -2.2150900268554694 1.1068199920654285
v -7.932949829101562 -2.3008850097656257 1.1068199920654285
v -7.909949951171876 -2.3008850097656253 0.9530549621582016
v -7.915750122070313 -2.2095849609375002 0.9530549621582017
v -7.9214501953125005 -2.210975036621094 1.031119995117186
v -7.909949951171876 -2.3008850097656253 0.9530549621582016
v -7.9214501953125005 -2.210975036621094 1.031119995117186
v -7.915750122070313 -2.3008850097656257 1.031119995117186
v -8.862449951171875 -1.7830949401855472 1.0311199951171859
v -8.862449951171875 -1.8068150329589847 1.1068199920654282
v -8.29094970703125 -1.8068150329589847 1.1068199920654282
v -8.862449951171875 -1.7830949401855472 1.0311199951171859
v -8.29094970703125 -1.8068150329589847 1.1068199920654282
v -8.29094970703125 -1.7830949401855472 1.0311199951171859
v -8.862449951171875 -1.8068150329589847 1.1068199920654282
v -8.862449951171875 -1.8455499267578128 1.1778450012207016
v -8.29094970703125 -1.8455499267578128 1.1778450012207016
v -8.862449951171875 -1.8068150329589847 1.1068199920654282
v -8.29094970703125 -1.8455499267578128 1.1778450012207016
v -8.29094970703125 -1.8068150329589847 1.1068199920654282
v -8.862449951171875 -1.8455499267578128 1.1778450012207016
v -8.862449951171875 -1.898114929199219 1.2420400238037095
v -8.29094970703125 -1.898114929199219 1.2420400238037095
v -8.862449951171875 -1.8455499267578128 1.1778450012207016
v -8.29094970703125 -1.898114929199219 1.2420400238037095
v -8.29094970703125 -1.8455499267578128 1.1778450012207016
v -8.862449951171875 -1.898114929199219 1.2420400238037095
v -8.862449951171875 -1.962920074462891 1.2974499511718736
v -8.29094970703125 -1.962920074462891 1.2974499511718736
v -8.862449951171875 -1.898114929199219 1.2420400238037095
v -8.29094970703125 -1.962920074462891 1.2974499511718736
v -8.29094970703125 -1.898114929199219 1.2420400238037095
v -8.862449951171875 -1.962920074462891 1.2974499511718736
v -8.862449951171875 -2.037994995117188 1.342400054931639
v -8.29094970703125 -2.037994995117188 1.342400054931639
v -8.862449951171875 -1.962920074462891 1.2974499511718736
v -8.29094970703125 -2.037994995117188 1.342400054931639
v -8.29094970703125 -1.962920074462891 1.2974499511718736
v -8.862449951171875 -2.037994995117188 1.342400054931639
v -8.862449951171875 -2.1210600280761724 1.3755200195312485
v -8.29094970703125 -2.1210600280761724 1.3755200195312485
v -8.862449951171875 -2.037994995117188 1.342400054931639
v -8.29094970703125 -2.1210600280761724 1.3755200195312485
v -8.29094970703125 -2.037994995117188 1.342400054931639
v -8.862449951171875 -2.1210600280761724 1.3755200195312485
v -8.862449951171875 -2.2095849609375007 1.3958050537109359
v -8.29094970703125 -2.2095849609375007 1.3958050537109359
v -8.862449951171875 -2.1210600280761724 1.3755200195312485
v -8.29094970703125 -2.2095849609375007 1.3958050537109359
v -8.29094970703125 -2.1210600280761724 1.3755200195312485
v -7.915750122070313 -2.3008850097656253 0.42540451049804545
v -7.909949951171876 -2.3008850097656253 0.5034749984741196
v -7.909949951171876 -3.0895550537109377 0.5034749984741195
v -7.915750122070313 -2.3008850097656253 0.42540451049804545
v -7.909949951171876 -3.0895550537109377 0.5034749984741195
v -7.915750122070313 -3.0895550537109377 0.4254045104980453
v -7.932949829101562 -2.3008850097656253 0.34970798492431493
v -7.915750122070313 -2.3008850097656253 0.42540451049804545
v -7.915750122070313 -3.0895550537109377 0.4254045104980453
v -7.932949829101562 -2.3008850097656253 0.34970798492431493
v -7.915750122070313 -3.0895550537109377 0.4254045104980453
v -7.932949829101562 -3.0895550537109377 0.34970798492431476
v -7.960999755859375 -2.3008850097656253 0.27868349075317234
v -7.932949829101562 -2.3008850097656253 0.34970798492431493
v -7.932949829101562 -3.0895550537109377 0.34970798492431476
v -7.960999755859375 -2.3008850097656253 0.27868349075317234
v -7.932949829101562 -3.0895550537109377 0.34970798492431476
v -7.960999755859375 -3.0895550537109377 0.27868349075317217
v -7.9990997314453125 -2.3008850097656253 0.21448900222778175
v -7.960999755859375 -2.3008850097656253 0.27868349075317234
v -7.960999755859375 -3.0895550537109377 0.27868349075317217
v -7.9990997314453125 -2.3008850097656253 0.21448900222778175
v -7.960999755859375 -3.0895550537109377 0.27868349075317217
v -7.9990997314453125 -3.0895550537109377 0.21448900222778156
v -9.340599975585938 -1.4760049438476563 -1.4716325208457624e-15
v -8.789249877929688 -1.7043800354003906 -1.4548210645938763e-15
v -8.789249877929688 -1.7043800354003906 -0.1614999961853042
v -9.340599975585938 -1.4760049438476563 -1.4716325208457624e-15
v -8.789249877929688 -1.7043800354003906 -0.1614999961853042
v -9.340599975585938 -1.4760049438476563 -0.1614999961853042
v -8.789249877929688 -1.7043800354003906 -1.4548210645938763e-15
v -8.315800170898438 -2.0676649475097655 -1.47750565255112e-15
v -8.315800170898438 -2.0676649475097655 -0.16149999618530422
v -8.789249877929688 -1.7043800354003906 -1.4548210645938763e-15
v -8.315800170898438 -2.0676649475097655 -0.16149999618530422
v -8.789249877929688 -1.7043800354003906 -0.1614999961853042
v -8.315800170898438 -2.0676649475097655 -1.47750565255112e-15
v -7.952550048828125 -2.541109924316406 -1.5381462454515616e-15
v -7.952550048828125 -2.541109924316406 -0.16149999618530425
v -8.315800170898438 -2.0676649475097655 -1.47750565255112e-15
v -7.952550048828125 -2.541109924316406 -0.16149999618530425
v -8.315800170898438 -2.0676649475097655 -0.16149999618530422
v -7.952550048828125 -2.541109924316406 -1.5381462454515616e-15
v -7.724149780273438 -3.0924499511718753 -1.6325973581130512e-15
v -7.724149780273438 -3.0924499511718753 -0.16149999618530436
v -7.952550048828125 -2.541109924316406 -1.5381462454515616e-15
v -7.724149780273438 -3.0924499511718753 -0.16149999618530436
v -7.952550048828125 -2.541109924316406 -0.16149999618530425
v -7.724149780273438 -3.0924499511718753 -1.6325973581130512e-15
v -7.672349853515625 -3.485824890136719 -1.826398976244496e-15
v -7.672349853515625 -3.485824890136719 -0.16149999618530445
v -7.724149780273438 -3.0924499511718753 -1.6325973581130512e-15
v -7.672349853515625 -3.485824890136719 -0.16149999618530445
v -7.724149780273438 -3.0924499511718753 -0.16149999618530436
v -7.9038500976562505 -3.4858248901367195 1.5239999389648422
v -7.672349853515625 -3.485824890136719 -1.826398976244496e-15
v -7.724149780273438 -3.0924499511718753 -1.6325973581130512e-15
v -7.9038500976562505 -3.4858248901367195 1.5239999389648422
v -7.724149780273438 -3.0924499511718753 -1.6325973581130512e-15
v -7.955650024414063 -3.0924499511718757 1.5239999389648422
v -7.6575 -3.4838650512695315 -0.16149999618530445
v -7.672349853515625 -3.485824890136719 -0.16149999618530445
v -7.672349853515625 -3.485824890136719 -1.826398976244496e-15
v -7.6575 -3.4838650512695315 -0.16149999618530445
v -7.672349853515625 -3.485824890136719 -1.826398976244496e-15
v -7.6575 -3.4838650512695315 -1.8241452220399426e-15
v -7.65094970703125 -3.53343505859375 -0.16149999618530445
v -7.6575 -3.4838650512695315 -0.16149999618530445
v -7.6575 -3.4838650512695315 -1.8241452220399426e-15
v -7.65094970703125 -3.53343505859375 -0.16149999618530445
v -7.6575 -3.4838650512695315 -1.8241452220399426e-15
v -7.65094970703125 -3.53343505859375 -1.834349795200614e-15
v -9.932249755859376 -1.3981100463867189 -1.5267925800761827e-15
v -9.340599975585938 -1.4760049438476563 -1.4716325208457624e-15
v -9.340599975585938 -1.4760049438476563 -0.1614999961853042
v -9.932249755859376 -1.3981100463867189 -1.5267925800761827e-15
v -9.340599975585938 -1.4760049438476563 -0.1614999961853042
v -9.932249755859376 -1.3981100463867189 -0.16149999618530425
v -9.932249755859376 -1.3981100463867189 -1.5267925800761827e-15
v -9.932249755859376 -3.0924499511718757 1.3554699707031233
v -9.773699951171876 -3.0924499511718757 1.3387750244140608
v -9.932249755859376 -1.3981100463867189 -1.5267925800761827e-15
v -9.773699951171876 -3.0924499511718757 1.3387750244140608
v -9.340599975585938 -1.4760049438476563 -1.4716325208457624e-15
v -10.523900146484376 -1.4760049438476563 -1.616544997517891e-15
v -9.932249755859376 -1.3981100463867189 -1.5267925800761827e-15
v -9.932249755859376 -1.3981100463867189 -0.16149999618530425
v -10.523900146484376 -1.4760049438476563 -1.616544997517891e-15
v -9.932249755859376 -1.3981100463867189 -0.16149999618530425
v -10.523900146484376 -1.4760049438476563 -0.16149999618530433
v -11.075250244140625 -1.7043800354003906 -1.7347753677268665e-15
v -10.523900146484376 -1.4760049438476563 -1.616544997517891e-15
v -10.523900146484376 -1.4760049438476563 -0.16149999618530433
v -11.075250244140625 -1.7043800354003906 -1.7347753677268665e-15
v -10.523900146484376 -1.4760049438476563 -0.16149999618530433
v -11.075250244140625 -1.7043800354003906 -0.16149999618530447
v -11.548699951171875 -2.0676649475097655 -1.8734216893387248e-15
v -11.075250244140625 -1.7043800354003906 -1.7347753677268665e-15
v -11.075250244140625 -1.7043800354003906 -0.16149999618530447
v -11.548699951171875 -2.0676649475097655 -1.8734216893387248e-15
v -11.075250244140625 -1.7043800354003906 -0.16149999618530447
v -11.548699951171875 -2.0676649475097655 -0.1614999961853046
v -11.91199951171875 -2.541109924316406 -2.0230389565630325e-15
v -11.548699951171875 -2.0676649475097655 -1.8734216893387248e-15
v -11.548699951171875 -2.0676649475097655 -0.1614999961853046
v -11.91199951171875 -2.541109924316406 -2.0230389565630325e-15
v -11.548699951171875 -2.0676649475097655 -0.1614999961853046
v -11.91199951171875 -2.541109924316406 -0.16149999618530475
v -12.140350341796875 -3.0924499511718753 -2.173425946319293e-15
v -11.91199951171875 -2.541109924316406 -2.0230389565630325e-15
v -11.91199951171875 -2.541109924316406 -0.16149999618530475
v -12.140350341796875 -3.0924499511718753 -2.173425946319293e-15
v -11.91199951171875 -2.541109924316406 -0.16149999618530475
v -12.140350341796875 -3.0924499511718753 -0.16149999618530492
v -12.218249511718751 -3.684110107421875 -2.3143407888738126e-15
v -12.140350341796875 -3.0924499511718753 -2.173425946319293e-15
v -12.140350341796875 -3.0924499511718753 -0.16149999618530492
v -12.218249511718751 -3.684110107421875 -2.3143407888738126e-15
v -12.140350341796875 -3.0924499511718753 -0.16149999618530492
v -12.218249511718751 -3.684110107421875 -0.16149999618530503
v -10.26219970703125 -3.874609985351563 1.5239999389648415
v -10.30030029296875 -3.7827200317382816 1.5239999389648415
v -12.140350341796875 -4.2757699584960935 -2.4361757698454843e-15
v -10.26219970703125 -3.874609985351563 1.5239999389648415
v -12.140350341796875 -4.2757699584960935 -2.4361757698454843e-15
v -11.91199951171875 -4.827109985351562 -2.5306329369741813e-15
v -11.91199951171875 -4.827109985351562 -2.5306329369741813e-15
v -12.140350341796875 -4.2757699584960935 -2.4361757698454843e-15
v -12.140350341796875 -4.2757699584960935 -0.16149999618530517
v -11.91199951171875 -4.827109985351562 -2.5306329369741813e-15
v -12.140350341796875 -4.2757699584960935 -0.16149999618530517
v -11.91199951171875 -4.827109985351562 -0.16149999618530528
v -11.548699951171875 -5.300549926757813 -2.5912663573239253e-15
v -11.91199951171875 -4.827109985351562 -2.5306329369741813e-15
v -11.91199951171875 -4.827109985351562 -0.16149999618530528
v -11.548699951171875 -5.300549926757813 -2.5912663573239253e-15
v -11.91199951171875 -4.827109985351562 -0.16149999618530528
v -11.548699951171875 -5.300549926757813 -0.1614999961853053
v -11.075250244140625 -5.66385009765625 -2.613954333412958e-15
v -11.548699951171875 -5.300549926757813 -2.5912663573239253e-15
v -11.548699951171875 -5.300549926757813 -0.1614999961853053
v -11.075250244140625 -5.66385009765625 -2.613954333412958e-15
v -11.548699951171875 -5.300549926757813 -0.1614999961853053
v -11.075250244140625 -5.66385009765625 -0.16149999618530533
v -11.075250244140625 -5.66385009765625 -2.613954333412958e-15
v -10.122750244140626 -4.01406494140625 1.5239999389648415
v -10.201649780273438 -3.953519897460938 1.5239999389648415
v -11.075250244140625 -5.66385009765625 -2.613954333412958e-15
v -10.201649780273438 -3.953519897460938 1.5239999389648415
v -11.548699951171875 -5.300549926757813 -2.5912663573239253e-15
v -10.030850219726563 -4.052130126953125 1.5239999389648415
v -10.122750244140626 -4.01406494140625 1.5239999389648415
v -11.075250244140625 -5.66385009765625 -2.613954333412958e-15
v -10.030850219726563 -4.052130126953125 1.5239999389648415
v -11.075250244140625 -5.66385009765625 -2.613954333412958e-15
v -10.523900146484376 -5.89219970703125 -2.597137218980984e-15
v -10.523900146484376 -5.89219970703125 -2.597137218980984e-15
v -11.075250244140625 -5.66385009765625 -2.613954333412958e-15
v -11.075250244140625 -5.66385009765625 -0.16149999618530533
v -10.523900146484376 -5.89219970703125 -2.597137218980984e-15
v -11.075250244140625 -5.66385009765625 -0.16149999618530533
v -10.523900146484376 -5.89219970703125 -0.1614999961853053
v -9.932249755859376 -5.97010009765625 -2.5419783047314992e-15
v -10.523900146484376 -5.89219970703125 -2.597137218980984e-15
v -10.523900146484376 -5.89219970703125 -0.1614999961853053
v -9.932249755859376 -5.97010009765625 -2.5419783047314992e-15
v -10.523900146484376 -5.89219970703125 -0.1614999961853053
v -9.932249755859376 -5.97010009765625 -0.16149999618530528
v -9.932249755859376 -5.97010009765625 -2.5419783047314992e-15
v -9.932249755859376 -4.2757699584960935 1.355469970703123
v -10.030850219726563 -4.052130126953125 1.5239999389648415
v -9.932249755859376 -5.97010009765625 -2.5419783047314992e-15
v -10.030850219726563 -4.052130126953125 1.5239999389648415
v -10.523900146484376 -5.89219970703125 -2.597137218980984e-15
v -9.340599975585938 -5.89219970703125 -2.4522247423088556e-15
v -9.773699951171876 -4.2757699584960935 1.3387750244140606
v -9.932249755859376 -4.2757699584960935 1.355469970703123
v -9.340599975585938 -5.89219970703125 -2.4522247423088556e-15
v -9.932249755859376 -4.2757699584960935 1.355469970703123
v -9.932249755859376 -5.97010009765625 -2.5419783047314992e-15
v -8.789249877929688 -5.66385009765625 -2.334000030279968e-15
v -9.590650024414062 -4.2757699584960935 1.2822500610351544
v -9.773699951171876 -4.2757699584960935 1.3387750244140606
v -8.789249877929688 -5.66385009765625 -2.334000030279968e-15
v -9.773699951171876 -4.2757699584960935 1.3387750244140606
v -9.340599975585938 -5.89219970703125 -2.4522247423088556e-15
v -8.315800170898438 -5.300549926757813 -2.195350320536321e-15
v -9.340599975585938 -4.2757699584960935 1.1594149780273417
v -9.590650024414062 -4.2757699584960935 1.2822500610351544
v -8.315800170898438 -5.300549926757813 -2.195350320536321e-15
v -9.590650024414062 -4.2757699584960935 1.2822500610351544
v -8.789249877929688 -5.66385009765625 -2.334000030279968e-15
v -7.952550048828125 -4.827109985351562 -2.04574022586271e-15
v -8.907449951171875 -4.2757699584960935 0.8821450042724589
v -9.340599975585938 -4.2757699584960935 1.1594149780273417
v -7.952550048828125 -4.827109985351562 -2.04574022586271e-15
v -9.340599975585938 -4.2757699584960935 1.1594149780273417
v -8.315800170898438 -5.300549926757813 -2.195350320536321e-15
v -7.952550048828125 -4.827109985351562 -2.04574022586271e-15
v -7.724149780273438 -4.2757699584960935 -1.8953471816392423e-15
v -7.74885009765625 -4.2757699584960935 0.01842229962348748
v -7.952550048828125 -4.827109985351562 -2.04574022586271e-15
v -7.74885009765625 -4.2757699584960935 0.01842229962348748
v -8.907449951171875 -4.2757699584960935 0.8821450042724589
v -7.724149780273438 -4.2757699584960935 -1.8953471816392423e-15
v -7.952550048828125 -4.827109985351562 -2.04574022586271e-15
v -7.952550048828125 -4.827109985351562 -0.16149999618530478
v -7.724149780273438 -4.2757699584960935 -1.8953471816392423e-15
v -7.952550048828125 -4.827109985351562 -0.16149999618530478
v -7.724149780273438 -4.2757699584960935 -0.1614999961853046
v -7.952550048828125 -4.827109985351562 -2.04574022586271e-15
v -8.315800170898438 -5.300549926757813 -2.195350320536321e-15
v -8.315800170898438 -5.300549926757813 -0.16149999618530492
v -7.952550048828125 -4.827109985351562 -2.04574022586271e-15
v -8.315800170898438 -5.300549926757813 -0.16149999618530492
v -7.952550048828125 -4.827109985351562 -0.16149999618530478
v -8.315800170898438 -5.300549926757813 -2.195350320536321e-15
v -8.789249877929688 -5.66385009765625 -2.334000030279968e-15
v -8.789249877929688 -5.66385009765625 -0.16149999618530506
v -8.315800170898438 -5.300549926757813 -2.195350320536321e-15
v -8.789249877929688 -5.66385009765625 -0.16149999618530506
v -8.315800170898438 -5.300549926757813 -0.16149999618530492
v -8.789249877929688 -5.66385009765625 -2.334000030279968e-15
v -9.340599975585938 -5.89219970703125 -2.4522247423088556e-15
v -9.340599975585938 -5.89219970703125 -0.16149999618530517
v -8.789249877929688 -5.66385009765625 -2.334000030279968e-15
v -9.340599975585938 -5.89219970703125 -0.16149999618530517
v -8.789249877929688 -5.66385009765625 -0.16149999618530506
v -9.340599975585938 -5.89219970703125 -2.4522247423088556e-15
v -9.932249755859376 -5.97010009765625 -2.5419783047314992e-15
v -9.932249755859376 -5.97010009765625 -0.16149999618530528
v -9.340599975585938 -5.89219970703125 -2.4522247423088556e-15
v -9.932249755859376 -5.97010009765625 -0.16149999618530528
v -9.340599975585938 -5.89219970703125 -0.16149999618530517
v -7.724149780273438 -4.2757699584960935 -0.1614999961853046
v -7.673350219726562 -3.8898348999023438 -0.16149999618530453
v -7.673350219726562 -3.8898348999023438 -1.9726292312221613e-15
v -7.724149780273438 -4.2757699584960935 -0.1614999961853046
v -7.673350219726562 -3.8898348999023438 -1.9726292312221613e-15
v -7.724149780273438 -4.2757699584960935 -1.8953471816392423e-15
v -7.673350219726562 -3.8898348999023438 -0.16149999618530453
v -7.6584497070312505 -3.8917950439453124 -0.16149999618530453
v -7.6584497070312505 -3.8917950439453124 -1.9712396841139815e-15
v -7.673350219726562 -3.8898348999023438 -0.16149999618530453
v -7.6584497070312505 -3.8917950439453124 -1.9712396841139815e-15
v -7.673350219726562 -3.8898348999023438 -1.9726292312221613e-15
v -7.6584497070312505 -3.8917950439453124 -0.16149999618530453
v -7.673350219726562 -3.8898348999023438 -0.16149999618530453
v -7.666799926757813 -3.840264892578125 -0.16149999618530453
v -7.6584497070312505 -3.8917950439453124 -0.16149999618530453
v -7.666799926757813 -3.840264892578125 -0.16149999618530453
v -7.651950073242188 -3.8422198486328125 -0.16149999618530453
v -7.666799926757813 -3.840264892578125 -1.9608202989979586e-15
v -7.673350219726562 -3.8898348999023438 -1.9726292312221613e-15
v -7.673350219726562 -3.8898348999023438 -0.16149999618530453
v -7.666799926757813 -3.840264892578125 -1.9608202989979586e-15
v -7.673350219726562 -3.8898348999023438 -0.16149999618530453
v -7.666799926757813 -3.840264892578125 -0.16149999618530453
v -7.673350219726562 -3.8898348999023438 -1.9726292312221613e-15
v -7.6584497070312505 -3.8917950439453124 -1.9712396841139815e-15
v -7.651950073242188 -3.8422198486328125 -1.9594358038851957e-15
v -7.673350219726562 -3.8898348999023438 -1.9726292312221613e-15
v -7.651950073242188 -3.8422198486328125 -1.9594358038851957e-15
v -7.666799926757813 -3.840264892578125 -1.9608202989979586e-15
v -7.6584497070312505 -3.8917950439453124 -1.9712396841139815e-15
v -7.889949951171875 -3.891795043945313 1.523999938964842
v -7.904849853515625 -3.889834899902344 1.523999938964842
v -7.6584497070312505 -3.8917950439453124 -1.9712396841139815e-15
v -7.904849853515625 -3.889834899902344 1.523999938964842
v -7.673350219726562 -3.8898348999023438 -1.9726292312221613e-15
v -7.651950073242188 -3.8422198486328125 -1.9594358038851957e-15
v -7.88344970703125 -3.842219848632813 1.523999938964842
v -7.889949951171875 -3.891795043945313 1.523999938964842
v -7.651950073242188 -3.8422198486328125 -1.9594358038851957e-15
v -7.889949951171875 -3.891795043945313 1.523999938964842
v -7.6584497070312505 -3.8917950439453124 -1.9712396841139815e-15
v -7.88344970703125 -3.842219848632813 1.523999938964842
v -7.651950073242188 -3.8422198486328125 -1.9594358038851957e-15
v -7.897550048828125 -3.8402648925781255 1.523999938964842
v -7.666799926757813 -3.840264892578125 -1.9608202989979586e-15
v -7.897550048828125 -3.8402648925781255 1.523999938964842
v -7.651950073242188 -3.8422198486328125 -1.9594358038851957e-15
v -7.651950073242188 -3.8422198486328125 -0.16149999618530453
v -7.666799926757813 -3.840264892578125 -0.16149999618530453
v -7.666799926757813 -3.840264892578125 -1.9608202989979586e-15
v -7.651950073242188 -3.8422198486328125 -0.16149999618530453
v -7.666799926757813 -3.840264892578125 -1.9608202989979586e-15
v -7.651950073242188 -3.8422198486328125 -1.9594358038851957e-15
v -7.64625 -3.684110107421875 -1.7544323321008498e-15
v -7.666799926757813 -3.840264892578125 -1.9608202989979586e-15
v -7.666799926757813 -3.840264892578125 -0.16149999618530453
v -7.64625 -3.684110107421875 -1.7544323321008498e-15
v -7.666799926757813 -3.840264892578125 -0.16149999618530453
v -7.64625 -3.684110107421875 -0.16149999618530447
v -7.64625 -3.684110107421875 -0.16149999618530447
v -7.665850219726563 -3.5353948974609377 -0.16149999618530445
v -7.665850219726563 -3.5353948974609377 -1.8366097533653924e-15
v -7.64625 -3.684110107421875 -0.16149999618530447
v -7.665850219726563 -3.5353948974609377 -1.8366097533653924e-15
v -7.64625 -3.684110107421875 -1.7544323321008498e-15
v -7.6584497070312505 -3.8917950439453124 -0.16149999618530453
v -7.651950073242188 -3.8422198486328125 -0.16149999618530453
v -7.651950073242188 -3.8422198486328125 -1.9594358038851957e-15
v -7.6584497070312505 -3.8917950439453124 -0.16149999618530453
v -7.651950073242188 -3.8422198486328125 -1.9594358038851957e-15
v -7.6584497070312505 -3.8917950439453124 -1.9712396841139815e-15
v -7.88344970703125 -3.842219848632813 1.523999938964842
v -7.8983001708984375 -3.8402648925781255 1.538999938964842
v -7.904849853515625 -3.889834899902344 1.538999938964842
v -7.88344970703125 -3.842219848632813 1.523999938964842
v -7.904849853515625 -3.889834899902344 1.538999938964842
v -7.889949951171875 -3.891795043945313 1.523999938964842
v -8.480549926757813 -3.540589904785157 1.5389999389648419
v -8.441099853515626 -3.535394897460938 1.5389999389648419
v -7.8973498535156255 -3.535394897460938 1.538999938964842
v -8.480549926757813 -3.540589904785157 1.5389999389648419
v -7.8973498535156255 -3.535394897460938 1.538999938964842
v -7.9038500976562505 -3.4858248901367195 1.5389999389648423
v -8.480549926757813 -3.540589904785157 1.5389999389648419
v -7.9038500976562505 -3.4858248901367195 1.5389999389648423
v -8.441099853515626 -3.4858248901367195 1.538999938964842
v -8.480549926757813 -3.540589904785157 1.5389999389648419
v -8.441099853515626 -3.4858248901367195 1.538999938964842
v -8.493400268554687 -3.4927050781250006 1.538999938964842
v -8.480549926757813 -3.540589904785157 1.5389999389648419
v -8.493400268554687 -3.4927050781250006 1.538999938964842
v -8.542100219726562 -3.512885131835938 1.5389999389648419
v -8.480549926757813 -3.540589904785157 1.5389999389648419
v -8.542100219726562 -3.512885131835938 1.5389999389648419
v -8.5714501953125 -3.535394897460938 1.5389999389648419
v -8.480549926757813 -3.540589904785157 1.5389999389648419
v -8.5714501953125 -3.535394897460938 1.5389999389648419
v -8.5839501953125 -3.544989929199219 1.5389999389648419
v -8.480549926757813 -3.540589904785157 1.5389999389648419
v -8.5839501953125 -3.544989929199219 1.5389999389648419
v -8.616049804687501 -3.5868249511718755 1.5389999389648419
v -8.480549926757813 -3.540589904785157 1.5389999389648419
v -8.616049804687501 -3.5868249511718755 1.5389999389648419
v -8.636199951171875 -3.635545043945313 1.5389999389648419
v -8.480549926757813 -3.540589904785157 1.5389999389648419
v -8.636199951171875 -3.635545043945313 1.5389999389648419
v -8.643099975585939 -3.6878298950195316 1.5389999389648419
v -8.480549926757813 -3.540589904785157 1.5389999389648419
v -8.643099975585939 -3.6878298950195316 1.5389999389648419
v -8.636199951171875 -3.7401150512695316 1.5389999389648419
v -8.480549926757813 -3.540589904785157 1.5389999389648419
v -8.636199951171875 -3.7401150512695316 1.5389999389648419
v -8.616049804687501 -3.7888351440429693 1.5389999389648419
v -8.480549926757813 -3.540589904785157 1.5389999389648419
v -8.616049804687501 -3.7888351440429693 1.5389999389648419
v -8.5839501953125 -3.830669860839844 1.5389999389648419
v -8.480549926757813 -3.540589904785157 1.5389999389648419
v -8.5839501953125 -3.830669860839844 1.5389999389648419
v -8.5714501953125 -3.8402648925781255 1.5389999389648419
v -8.480549926757813 -3.540589904785157 1.5389999389648419
v -8.5714501953125 -3.8402648925781255 1.5389999389648419
v -8.542100219726562 -3.862774963378907 1.5389999389648419
v -8.480549926757813 -3.540589904785157 1.5389999389648419
v -8.542100219726562 -3.862774963378907 1.5389999389648419
v -8.493400268554687 -3.882955017089844 1.5389999389648419
v -8.480549926757813 -3.540589904785157 1.5389999389648419
v -8.493400268554687 -3.882955017089844 1.5389999389648419
v -8.441099853515626 -3.889834899902344 1.5389999389648419
v -8.480549926757813 -3.540589904785157 1.5389999389648419
v -8.441099853515626 -3.889834899902344 1.5389999389648419
v -7.904849853515625 -3.889834899902344 1.538999938964842
v -8.480549926757813 -3.540589904785157 1.5389999389648419
v -7.904849853515625 -3.889834899902344 1.538999938964842
v -7.8983001708984375 -3.8402648925781255 1.538999938964842
v -8.480549926757813 -3.540589904785157 1.5389999389648419
v -7.8983001708984375 -3.8402648925781255 1.538999938964842
v -8.441099853515626 -3.8402648925781255 1.5389999389648419
v -8.480549926757813 -3.540589904785157 1.5389999389648419
v -8.441099853515626 -3.8402648925781255 1.5389999389648419
v -8.480549926757813 -3.835069885253907 1.5389999389648419
v -8.480549926757813 -3.540589904785157 1.5389999389648419
v -8.480549926757813 -3.835069885253907 1.5389999389648419
v -8.5172998046875 -3.8198400878906256 1.5389999389648419
v -8.480549926757813 -3.540589904785157 1.5389999389648419
v -8.5172998046875 -3.8198400878906256 1.5389999389648419
v -8.548900146484375 -3.7956149291992194 1.5389999389648419
v -8.480549926757813 -3.540589904785157 1.5389999389648419
v -8.548900146484375 -3.7956149291992194 1.5389999389648419
v -8.573099975585938 -3.764045104980469 1.5389999389648419
v -8.480549926757813 -3.540589904785157 1.5389999389648419
v -8.573099975585938 -3.764045104980469 1.5389999389648419
v -8.588350219726562 -3.727284851074219 1.5389999389648419
v -8.480549926757813 -3.540589904785157 1.5389999389648419
v -8.588350219726562 -3.727284851074219 1.5389999389648419
v -8.5935498046875 -3.6878298950195316 1.5389999389648419
v -8.480549926757813 -3.540589904785157 1.5389999389648419
v -8.5935498046875 -3.6878298950195316 1.5389999389648419
v -8.588350219726562 -3.648374938964844 1.5389999389648419
v -8.480549926757813 -3.540589904785157 1.5389999389648419
v -8.588350219726562 -3.648374938964844 1.5389999389648419
v -8.573099975585938 -3.6116101074218756 1.5389999389648419
v -8.480549926757813 -3.540589904785157 1.5389999389648419
v -8.573099975585938 -3.6116101074218756 1.5389999389648419
v -8.548900146484375 -3.580039978027344 1.5389999389648419
v -8.480549926757813 -3.540589904785157 1.5389999389648419
v -8.548900146484375 -3.580039978027344 1.5389999389648419
v -8.5172998046875 -3.555815124511719 1.5389999389648419
v -7.9038500976562505 -3.4858248901367195 1.5239999389648422
v -8.441099853515626 -3.4858248901367195 1.523999938964842
v -8.441099853515626 -3.4858248901367195 1.538999938964842
v -7.9038500976562505 -3.4858248901367195 1.5239999389648422
v -8.441099853515626 -3.4858248901367195 1.538999938964842
v -7.9038500976562505 -3.4858248901367195 1.5389999389648423
v -8.441099853515626 -3.4858248901367195 1.523999938964842
v -8.493400268554687 -3.4927050781250006 1.523999938964842
v -8.493400268554687 -3.4927050781250006 1.538999938964842
v -8.441099853515626 -3.4858248901367195 1.523999938964842
v -8.493400268554687 -3.4927050781250006 1.538999938964842
v -8.441099853515626 -3.4858248901367195 1.538999938964842
v -8.493400268554687 -3.4927050781250006 1.523999938964842
v -8.542100219726562 -3.512885131835938 1.5239999389648418
v -8.542100219726562 -3.512885131835938 1.5389999389648419
v -8.493400268554687 -3.4927050781250006 1.523999938964842
v -8.542100219726562 -3.512885131835938 1.5389999389648419
v -8.493400268554687 -3.4927050781250006 1.538999938964842
v -8.542100219726562 -3.512885131835938 1.5239999389648418
v -8.5714501953125 -3.535394897460938 1.5239999389648418
v -8.5714501953125 -3.535394897460938 1.5389999389648419
v -8.542100219726562 -3.512885131835938 1.5239999389648418
v -8.5714501953125 -3.535394897460938 1.5389999389648419
v -8.542100219726562 -3.512885131835938 1.5389999389648419
v -8.5714501953125 -3.535394897460938 1.5239999389648418
v -8.5839501953125 -3.544989929199219 1.5239999389648418
v -8.5839501953125 -3.544989929199219 1.5389999389648419
v -8.5714501953125 -3.535394897460938 1.5239999389648418
v -8.5839501953125 -3.544989929199219 1.5389999389648419
v -8.5714501953125 -3.535394897460938 1.5389999389648419
v -8.5839501953125 -3.544989929199219 1.5239999389648418
v -8.616049804687501 -3.5868249511718755 1.5239999389648418
v -8.616049804687501 -3.5868249511718755 1.5389999389648419
v -8.5839501953125 -3.544989929199219 1.5239999389648418
v -8.616049804687501 -3.5868249511718755 1.5389999389648419
v -8.5839501953125 -3.544989929199219 1.5389999389648419
v -8.616049804687501 -3.5868249511718755 1.5239999389648418
v -8.636199951171875 -3.635545043945313 1.5239999389648418
v -8.636199951171875 -3.635545043945313 1.5389999389648419
v -8.616049804687501 -3.5868249511718755 1.5239999389648418
v -8.636199951171875 -3.635545043945313 1.5389999389648419
v -8.616049804687501 -3.5868249511718755 1.5389999389648419
v -8.636199951171875 -3.635545043945313 1.5239999389648418
v -8.643099975585939 -3.6878298950195316 1.5239999389648418
v -8.643099975585939 -3.6878298950195316 1.5389999389648419
v -8.636199951171875 -3.635545043945313 1.5239999389648418
v -8.643099975585939 -3.6878298950195316 1.5389999389648419
v -8.636199951171875 -3.635545043945313 1.5389999389648419
v -8.643099975585939 -3.6878298950195316 1.5239999389648418
v -8.636199951171875 -3.7401150512695316 1.5239999389648418
v -8.636199951171875 -3.7401150512695316 1.5389999389648419
v -8.643099975585939 -3.6878298950195316 1.5239999389648418
v -8.636199951171875 -3.7401150512695316 1.5389999389648419
v -8.643099975585939 -3.6878298950195316 1.5389999389648419
v -8.636199951171875 -3.7401150512695316 1.5239999389648418
v -8.616049804687501 -3.7888351440429693 1.5239999389648418
v -8.616049804687501 -3.7888351440429693 1.5389999389648419
v -8.636199951171875 -3.7401150512695316 1.5239999389648418
v -8.616049804687501 -3.7888351440429693 1.5389999389648419
v -8.636199951171875 -3.7401150512695316 1.5389999389648419
v -8.616049804687501 -3.7888351440429693 1.5239999389648418
v -8.5839501953125 -3.830669860839844 1.5239999389648418
v -8.5839501953125 -3.830669860839844 1.5389999389648419
v -8.616049804687501 -3.7888351440429693 1.5239999389648418
v -8.5839501953125 -3.830669860839844 1.5389999389648419
v -8.616049804687501 -3.7888351440429693 1.5389999389648419
v -8.5839501953125 -3.830669860839844 1.5239999389648418
v -8.5714501953125 -3.8402648925781255 1.5239999389648418
v -8.5714501953125 -3.8402648925781255 1.5389999389648419
v -8.5839501953125 -3.830669860839844 1.5239999389648418
v -8.5714501953125 -3.8402648925781255 1.5389999389648419
v -8.5839501953125 -3.830669860839844 1.5389999389648419
v -8.5714501953125 -3.8402648925781255 1.5239999389648418
v -8.542100219726562 -3.862774963378907 1.5239999389648418
v -8.542100219726562 -3.862774963378907 1.5389999389648419
v -8.5714501953125 -3.8402648925781255 1.5239999389648418
v -8.542100219726562 -3.862774963378907 1.5389999389648419
v -8.5714501953125 -3.8402648925781255 1.5389999389648419
v -8.542100219726562 -3.862774963378907 1.5239999389648418
v -8.493400268554687 -3.882955017089844 1.5239999389648418
v -8.493400268554687 -3.882955017089844 1.5389999389648419
v -8.542100219726562 -3.862774963378907 1.5239999389648418
v -8.493400268554687 -3.882955017089844 1.5389999389648419
v -8.542100219726562 -3.862774963378907 1.5389999389648419
v -8.493400268554687 -3.882955017089844 1.5239999389648418
v -8.441099853515626 -3.889834899902344 1.5239999389648418
v -8.441099853515626 -3.889834899902344 1.5389999389648419
v -8.493400268554687 -3.882955017089844 1.5239999389648418
v -8.441099853515626 -3.889834899902344 1.5389999389648419
v -8.493400268554687 -3.882955017089844 1.5389999389648419
v -7.889949951171875 -3.891795043945313 1.523999938964842
v -7.904849853515625 -3.889834899902344 1.538999938964842
v -7.904849853515625 -3.889834899902344 1.523999938964842
v -7.673350219726562 -3.8898348999023438 -1.9726292312221613e-15
v -7.904849853515625 -3.889834899902344 1.523999938964842
v -7.955650024414063 -4.2757699584960935 1.523999938964842
v -7.673350219726562 -3.8898348999023438 -1.9726292312221613e-15
v -7.955650024414063 -4.2757699584960935 1.523999938964842
v -7.724149780273438 -4.2757699584960935 -1.8953471816392423e-15
v -7.724149780273438 -4.2757699584960935 -1.8953471816392423e-15
v -7.955650024414063 -4.2757699584960935 1.523999938964842
v -7.74885009765625 -4.2757699584960935 0.01842229962348748
v -8.907449951171875 -4.2757699584960935 0.8821450042724589
v -7.74885009765625 -4.2757699584960935 0.01842229962348748
v -7.955650024414063 -4.2757699584960935 1.523999938964842
v -8.907449951171875 -4.2757699584960935 0.8821450042724589
v -7.955650024414063 -4.2757699584960935 1.523999938964842
v -9.932249755859376 -4.2757699584960935 1.5239999389648418
v -8.907449951171875 -4.2757699584960935 0.8821450042724589
v -9.932249755859376 -4.2757699584960935 1.5239999389648418
v -9.932249755859376 -4.2757699584960935 1.355469970703123
v -8.907449951171875 -4.2757699584960935 0.8821450042724589
v -9.932249755859376 -4.2757699584960935 1.355469970703123
v -9.773699951171876 -4.2757699584960935 1.3387750244140606
v -8.907449951171875 -4.2757699584960935 0.8821450042724589
v -9.773699951171876 -4.2757699584960935 1.3387750244140606
v -9.590650024414062 -4.2757699584960935 1.2822500610351544
v -8.907449951171875 -4.2757699584960935 0.8821450042724589
v -9.590650024414062 -4.2757699584960935 1.2822500610351544
v -9.340599975585938 -4.2757699584960935 1.1594149780273417
v -9.932249755859376 -4.2757699584960935 1.5239999389648418
v -10.030850219726563 -4.052130126953125 1.5239999389648415
v -9.932249755859376 -4.2757699584960935 1.355469970703123
vt -24.203500747680664 -56.80889892578125
vt -24.986600875854492 -56.80889892578125
vt -26.944499969482422 -75.91819763183594
vt -24.203500747680664 -56.80889892578125
vt -26.944499969482422 -75.91819763183594
vt -22.2455997467041 -75.91819763183594
vt 62.24290084838867 30.628599166870117
vt 66.46530151367188 30.628599166870117
vt 66.87699890136719 30.574399948120117
vt 62.24290084838867 30.628599166870117
vt 66.87699890136719 30.574399948120117
vt 67.2605972290039 30.41550064086914
vt 62.24290084838867 30.628599166870117
vt 67.2605972290039 30.41550064086914
vt 67.4916000366211 30.238300323486328
vt 62.24290084838867 30.628599166870117
vt 67.4916000366211 30.238300323486328
vt 67.58999633789062 30.162799835205078
vt 62.24290084838867 30.628599166870117
vt 67.58999633789062 30.162799835205078
vt 67.8427963256836 29.83329963684082
vt 62.24290084838867 30.628599166870117
vt 67.8427963256836 29.83329963684082
vt 68.00170135498047 29.44969940185547
vt 62.24290084838867 30.628599166870117
vt 68.00170135498047 29.44969940185547
vt 68.05590057373047 29.038000106811523
vt 62.24290084838867 30.628599166870117
vt 68.05590057373047 29.038000106811523
vt 68.00170135498047 28.626300811767578
vt 62.24290084838867 30.628599166870117
vt 68.00170135498047 28.626300811767578
vt 67.8427963256836 28.242700576782227
vt 62.24290084838867 30.628599166870117
vt 67.8427963256836 28.242700576782227
vt 67.58999633789062 27.913299560546875
vt 62.24290084838867 30.628599166870117
vt 67.58999633789062 27.913299560546875
vt 67.4916000366211 27.837799072265625
vt 62.24290084838867 30.628599166870117
vt 67.4916000366211 27.837799072265625
vt 67.2605972290039 27.660499572753906
vt 62.24290084838867 30.628599166870117
vt 67.2605972290039 27.660499572753906
vt 66.87699890136719 27.50160026550293
vt 62.24290084838867 30.628599166870117
vt 66.87699890136719 27.50160026550293
vt 66.46530151367188 27.447399139404297
vt 62.24290084838867 30.628599166870117
vt 66.46530151367188 27.447399139404297
vt 62.235198974609375 27.447399139404297
vt 62.24290084838867 30.628599166870117
vt 62.235198974609375 27.447399139404297
vt 62.64289855957031 24.350000381469727
vt 62.24290084838867 30.628599166870117
vt 62.64289855957031 24.350000381469727
vt 78.20680236816406 24.350000381469727
vt 62.24290084838867 30.628599166870117
vt 78.20680236816406 24.350000381469727
vt 78.98320007324219 26.111000061035156
vt 62.24290084838867 30.628599166870117
vt 78.98320007324219 26.111000061035156
vt 79.70680236816406 26.41069984436035
vt 62.24290084838867 30.628599166870117
vt 79.70680236816406 26.41069984436035
vt 80.3281021118164 26.887399673461914
vt 62.24290084838867 30.628599166870117
vt 80.3281021118164 26.887399673461914
vt 80.80480194091797 27.508800506591797
vt 62.24290084838867 30.628599166870117
vt 80.80480194091797 27.508800506591797
vt 81.10449981689453 28.2322998046875
vt 62.24290084838867 30.628599166870117
vt 81.10449981689453 28.2322998046875
vt 81.20680236816406 29.008800506591797
vt 62.24290084838867 30.628599166870117
vt 81.20680236816406 29.008800506591797
vt 81.10449981689453 29.785200119018555
vt 62.24290084838867 30.628599166870117
vt 81.10449981689453 29.785200119018555
vt 80.80480194091797 30.508800506591797
vt 62.24290084838867 30.628599166870117
vt 80.80480194091797 30.508800506591797
vt 80.3281021118164 31.13010025024414
vt 62.24290084838867 30.628599166870117
vt 80.3281021118164 31.13010025024414
vt 79.70680236816406 31.606800079345703
vt 62.24290084838867 30.628599166870117
vt 79.70680236816406 31.606800079345703
vt 78.98320007324219 31.9064998626709
vt 62.24290084838867 30.628599166870117
vt 78.98320007324219 31.9064998626709
vt 78.20680236816406 33.66749954223633
vt 62.24290084838867 30.628599166870117
vt 78.20680236816406 33.66749954223633
vt 62.64289855957031 33.66749954223633
vt -66.46530151367188 12
vt -62.24290084838867 12
vt -62.24290084838867 12.1181001663208
vt -66.46530151367188 12
vt -62.24290084838867 12.1181001663208
vt -66.46530151367188 12.1181001663208
vt 62.185298919677734 30.238300323486328
vt 62.19150161743164 30.238300323486328
vt 66.46530151367188 30.238300323486328
vt 62.185298919677734 30.238300323486328
vt 66.46530151367188 30.238300323486328
vt 66.7760009765625 30.197399139404297
vt 62.185298919677734 30.238300323486328
vt 66.7760009765625 30.197399139404297
vt 67.06539916992188 30.077499389648438
vt 62.185298919677734 30.238300323486328
vt 67.06539916992188 30.077499389648438
vt 67.31400299072266 29.88680076599121
vt 62.185298919677734 30.238300323486328
vt 67.31400299072266 29.88680076599121
vt 67.50479888916016 29.638200759887695
vt 62.185298919677734 30.238300323486328
vt 67.50479888916016 29.638200759887695
vt 67.62470245361328 29.34869956970215
vt 62.185298919677734 30.238300323486328
vt 67.62470245361328 29.34869956970215
vt 67.66560363769531 29.038000106811523
vt 62.185298919677734 30.238300323486328
vt 67.66560363769531 29.038000106811523
vt 67.62470245361328 28.727399826049805
vt 62.185298919677734 30.238300323486328
vt 67.62470245361328 28.727399826049805
vt 67.50479888916016 28.43790054321289
vt 62.185298919677734 30.238300323486328
vt 67.50479888916016 28.43790054321289
vt 67.31400299072266 28.189300537109375
vt 62.185298919677734 30.238300323486328
vt 67.31400299072266 28.189300537109375
vt 67.06539916992188 27.998600006103516
vt 62.185298919677734 30.238300323486328
vt 67.06539916992188 27.998600006103516
vt 66.7760009765625 27.878700256347656
vt 62.185298919677734 30.238300323486328
vt 66.7760009765625 27.878700256347656
vt 66.46530151367188 27.837799072265625
vt 62.185298919677734 30.238300323486328
vt 66.46530151367188 27.837799072265625
vt 62.179500579833984 27.837799072265625
vt 62.185298919677734 30.238300323486328
vt 62.179500579833984 27.837799072265625
vt 62.06669998168945 27.82229995727539
vt 62.185298919677734 30.238300323486328
vt 62.06669998168945 27.82229995727539
vt 62.118099212646484 27.43199920654297
vt 62.185298919677734 30.238300323486328
vt 62.118099212646484 27.43199920654297
vt 62.235198974609375 27.447399139404297
vt 62.185298919677734 30.238300323486328
vt 62.235198974609375 27.447399139404297
vt 66.46530151367188 27.447399139404297
vt 62.185298919677734 30.238300323486328
vt 66.46530151367188 27.447399139404297
vt 66.87699890136719 27.50160026550293
vt 62.185298919677734 30.238300323486328
vt 66.87699890136719 27.50160026550293
vt 67.2605972290039 27.660499572753906
vt 62.185298919677734 30.238300323486328
vt 67.2605972290039 27.660499572753906
vt 67.4916000366211 27.837799072265625
vt 62.185298919677734 30.238300323486328
vt 67.4916000366211 27.837799072265625
vt 67.58999633789062 27.913299560546875
vt 62.185298919677734 30.238300323486328
vt 67.58999633789062 27.913299560546875
vt 67.8427963256836 28.242700576782227
vt 62.185298919677734 30.238300323486328
vt 67.8427963256836 28.242700576782227
vt 68.00170135498047 28.626300811767578
vt 62.185298919677734 30.238300323486328
vt 68.00170135498047 28.626300811767578
vt 68.05590057373047 29.038000106811523
vt 62.185298919677734 30.238300323486328
vt 68.05590057373047 29.038000106811523
vt 68.00170135498047 29.44969940185547
vt 62.185298919677734 30.238300323486328
vt 68.00170135498047 29.44969940185547
vt 67.8427963256836 29.83329963684082
vt 62.185298919677734 30.238300323486328
vt 67.8427963256836 29.83329963684082
vt 67.58999633789062 30.162799835205078
vt 62.185298919677734 30.238300323486328
vt 67.58999633789062 30.162799835205078
vt 67.4916000366211 30.238300323486328
vt 62.185298919677734 30.238300323486328
vt 67.4916000366211 30.238300323486328
vt 67.2605972290039 30.41550064086914
vt 62.185298919677734 30.238300323486328
vt 67.2605972290039 30.41550064086914
vt 66.87699890136719 30.574399948120117
vt 62.185298919677734 30.238300323486328
vt 66.87699890136719 30.574399948120117
vt 66.46530151367188 30.628599166870117
vt 62.185298919677734 30.238300323486328
vt 66.46530151367188 30.628599166870117
vt 62.24290084838867 30.628599166870117
vt 62.185298919677734 30.238300323486328
vt 62.24290084838867 30.628599166870117
vt 62.12580108642578 30.644100189208984
vt 62.185298919677734 30.238300323486328
vt 62.12580108642578 30.644100189208984
vt 62.07440185546875 30.253700256347656
vt 62.19150161743164 12
vt 66.46530151367188 12
vt 66.46530151367188 12.1181001663208
vt 62.19150161743164 12
vt 66.46530151367188 12.1181001663208
vt 62.19150161743164 12.1181001663208
vt 61.949798583984375 12
vt 62.263099670410156 12
vt 62.263099670410156 12.1181001663208
vt 61.949798583984375 12
vt 62.263099670410156 12.1181001663208
vt 61.949798583984375 12.1181001663208
vt 50.13690185546875 12
vt 50.450199127197266 12
vt 50.450199127197266 12.1181001663208
vt 50.13690185546875 12
vt 50.450199127197266 12.1181001663208
vt 50.13690185546875 12.1181001663208
vt 34.89659881591797 12
vt 35.20989990234375 12
vt 35.20989990234375 12.1181001663208
vt 34.89659881591797 12
vt 35.20989990234375 12.1181001663208
vt 34.89659881591797 12.1181001663208
vt 17.26740074157715 12
vt 17.580799102783203 12
vt 17.580799102783203 12.1181001663208
vt 17.26740074157715 12
vt 17.580799102783203 12.1181001663208
vt 17.26740074157715 12.1181001663208
vt -1.5491399765014648 12
vt -1.23580002784729 12
vt -1.23580002784729 12.1181001663208
vt -1.5491399765014648 12
vt -1.23580002784729 12.1181001663208
vt -1.5491399765014648 12.1181001663208
vt -20.27079963684082 12
vt -19.957500457763672 12
vt -19.957500457763672 12.1181001663208
vt -20.27079963684082 12
vt -19.957500457763672 12.1181001663208
vt -20.27079963684082 12.1181001663208
vt -37.621700286865234 12
vt -37.30839920043945 12
vt -37.30839920043945 12.1181001663208
vt -37.621700286865234 12
vt -37.30839920043945 12.1181001663208
vt -37.621700286865234 12.1181001663208
vt -52.419498443603516 12
vt -52.10609817504883 12
vt -52.10609817504883 12.1181001663208
vt -52.419498443603516 12
vt -52.10609817504883 12.1181001663208
vt -52.419498443603516 12.1181001663208
vt -63.655601501464844 12
vt -63.34230041503906 12
vt -63.34230041503906 12.1181001663208
vt -63.655601501464844 12
vt -63.34230041503906 12.1181001663208
vt -63.655601501464844 12.1181001663208
vt -70.56439971923828 12
vt -70.2509994506836 12
vt -70.2509994506836 12.1181001663208
vt -70.56439971923828 12
vt -70.2509994506836 12.1181001663208
vt -70.56439971923828 12.1181001663208
vt -72.67500305175781 12
vt -72.36160278320312 12
vt -72.36160278320312 12.1181001663208
vt -72.67500305175781 12
vt -72.36160278320312 12.1181001663208
vt -72.67500305175781 12.1181001663208
vt -69.84359741210938 12
vt -69.53019714355469 12
vt -69.53019714355469 12.1181001663208
vt -69.84359741210938 12
vt -69.53019714355469 12.1181001663208
vt -69.84359741210938 12.1181001663208
vt -66.46530151367188 12.117899894714355
vt -66.46530151367188 11.999799728393555
vt -62.179500579833984 11.999799728393555
vt -66.46530151367188 12.117899894714355
vt -62.179500579833984 11.999799728393555
vt -62.183799743652344 12.117899894714355
vt -65.26180267333984 11.906100273132324
vt -65.37989807128906 12.024200439453125
vt -65.37570190429688 11.906100273132324
vt -19.08930015563965 54.56549835205078
vt -19.08930015563965 54.73249816894531
vt -19.482999801635742 54.73249816894531
vt -19.08930015563965 54.56549835205078
vt -19.482999801635742 54.73249816894531
vt -19.482999801635742 54.56549835205078
vt 65.2853012084961 12.1181001663208
vt 65.16719818115234 12
vt 65.2853012084961 12
vt 65.16719818115234 11.619199752807617
vt 63.36000061035156 -0.38313499093055725
vt 63.47809982299805 -0.38313499093055725
vt 65.16719818115234 11.619199752807617
vt 63.47809982299805 -0.38313499093055725
vt 65.2853012084961 11.619199752807617
vt -19.482999801635742 21.57110023498535
vt -19.72089958190918 9.435819625854492
vt -19.327199935913086 9.435819625854492
vt -19.482999801635742 21.57110023498535
vt -19.327199935913086 9.435819625854492
vt -19.08930015563965 21.57110023498535
vt -63.36000061035156 -0.39093899726867676
vt -65.16719818115234 11.61139965057373
vt -63.47809982299805 -0.39093899726867676
vt -65.37570190429688 11.604399681091309
vt -63.57379913330078 -0.3981339931488037
vt -65.26180267333984 11.604399681091309
vt 60.36090087890625 27.837799072265625
vt 60.24380111694336 27.82229995727539
vt 60.29520034790039 27.43199920654297
vt 60.36090087890625 27.837799072265625
vt 60.29520034790039 27.43199920654297
vt 60.41230010986328 27.447399139404297
vt -63.47809982299805 -1.271649956703186
vt -63.36000061035156 -1.271649956703186
vt -63.36000061035156 -8.881779961836516e-16
vt -63.47809982299805 -1.271649956703186
vt -63.36000061035156 -8.881779961836516e-16
vt -63.47809982299805 -8.881779961836516e-16
vt -60.24380111694336 27.82229995727539
vt -60.36090087890625 27.837799072265625
vt -60.41230010986328 27.447399139404297
vt -60.24380111694336 27.82229995727539
vt -60.41230010986328 27.447399139404297
vt -60.29520034790039 27.43199920654297
vt -19.72089958190918 -1.271649956703186
vt -19.327199935913086 -1.271649956703186
vt -19.327199935913086 -8.881779961836516e-16
vt -19.72089958190918 -1.271649956703186
vt -19.327199935913086 -8.881779961836516e-16
vt -19.72089958190918 -8.881779961836516e-16
vt -95.59339904785156 33.66749954223633
vt -96.20680236816406 29.008800506591797
vt -95.59339904785156 24.350000381469727
vt -95.59339904785156 33.66749954223633
vt -95.59339904785156 24.350000381469727
vt -93.79519653320312 20.008800506591797
vt -95.59339904785156 33.66749954223633
vt -93.79519653320312 20.008800506591797
vt -90.93470001220703 16.280799865722656
vt -95.59339904785156 33.66749954223633
vt -90.93470001220703 16.280799865722656
vt -87.20680236816406 13.420299530029297
vt -95.59339904785156 33.66749954223633
vt -87.20680236816406 13.420299530029297
vt -82.8655014038086 11.622099876403809
vt -95.59339904785156 33.66749954223633
vt -82.8655014038086 11.622099876403809
vt -78.20680236816406 11.00879955291748
vt -95.59339904785156 33.66749954223633
vt -78.20680236816406 11.00879955291748
vt -73.5479965209961 11.622099876403809
vt -95.59339904785156 33.66749954223633
vt -73.5479965209961 11.622099876403809
vt -69.20680236816406 13.420299530029297
vt -95.59339904785156 33.66749954223633
vt -69.20680236816406 13.420299530029297
vt -65.47879791259766 16.280799865722656
vt -95.59339904785156 33.66749954223633
vt -65.47879791259766 16.280799865722656
vt -62.61830139160156 20.008800506591797
vt -95.59339904785156 33.66749954223633
vt -62.61830139160156 20.008800506591797
vt -60.820098876953125 24.350000381469727
vt -95.59339904785156 33.66749954223633
vt -60.820098876953125 24.350000381469727
vt -60.41230010986328 27.447399139404297
vt -95.59339904785156 33.66749954223633
vt -60.41230010986328 27.447399139404297
vt -60.36090087890625 27.837799072265625
vt -95.59339904785156 33.66749954223633
vt -60.36090087890625 27.837799072265625
vt -60.2067985534668 29.008800506591797
vt -95.59339904785156 33.66749954223633
vt -60.2067985534668 29.008800506591797
vt -60.36859893798828 30.238300323486328
vt -95.59339904785156 33.66749954223633
vt -60.36859893798828 30.238300323486328
vt -60.41999816894531 30.628599166870117
vt -95.59339904785156 33.66749954223633
vt -60.41999816894531 30.628599166870117
vt -60.820098876953125 33.66749954223633
vt -95.59339904785156 33.66749954223633
vt -60.820098876953125 33.66749954223633
vt -62.61830139160156 38.0088005065918
vt -95.59339904785156 33.66749954223633
vt -62.61830139160156 38.0088005065918
vt -65.47879791259766 41.736698150634766
vt -95.59339904785156 33.66749954223633
vt -65.47879791259766 41.736698150634766
vt -69.20680236816406 44.597198486328125
vt -95.59339904785156 33.66749954223633
vt -69.20680236816406 44.597198486328125
vt -73.5479965209961 46.39540100097656
vt -95.59339904785156 33.66749954223633
vt -73.5479965209961 46.39540100097656
vt -78.20680236816406 47.0088005065918
vt -95.59339904785156 33.66749954223633
vt -78.20680236816406 47.0088005065918
vt -82.8655014038086 46.39540100097656
vt -95.59339904785156 33.66749954223633
vt -82.8655014038086 46.39540100097656
vt -87.20680236816406 44.597198486328125
vt -95.59339904785156 33.66749954223633
vt -87.20680236816406 44.597198486328125
vt -90.93470001220703 41.736698150634766
vt -95.59339904785156 33.66749954223633
vt -90.93470001220703 41.736698150634766
vt -93.79519653320312 38.0088005065918
vt 20.902000427246094 0
vt 16.203100204467773 0
vt 16.203100204467773 -1.271649956703186
vt 20.902000427246094 0
vt 16.203100204467773 -1.271649956703186
vt 20.902000427246094 -1.271649956703186
vt 18.94409942626953 -58.06890106201172
vt 18.160999298095703 -58.06890106201172
vt 16.203100204467773 -77.17829895019531
vt 18.94409942626953 -58.06890106201172
vt 16.203100204467773 -77.17829895019531
vt 20.902000427246094 -77.17829895019531
vt 38.57699966430664 -52.175498962402344
vt 36.61909866333008 -71.28479766845703
vt 41.31809997558594 -71.28479766845703
vt 38.57699966430664 -52.175498962402344
vt 41.31809997558594 -71.28479766845703
vt 39.360198974609375 -52.175498962402344
vt 56.337398529052734 -42.37049865722656
vt 54.379600524902344 -61.47990036010742
vt 59.07849884033203 -61.47990036010742
vt 56.337398529052734 -42.37049865722656
vt 59.07849884033203 -61.47990036010742
vt 57.120601654052734 -42.37049865722656
vt 70.23190307617188 -29.32229995727539
vt 68.27400207519531 -48.43170166015625
vt 72.972900390625 -48.43170166015625
vt 70.23190307617188 -29.32229995727539
vt 72.972900390625 -48.43170166015625
vt 71.01499938964844 -29.32229995727539
vt 79.31340026855469 -13.920100212097168
vt 77.35549926757812 -33.02939987182617
vt 82.05449676513672 -33.02939987182617
vt 79.31340026855469 -13.920100212097168
vt 82.05449676513672 -33.02939987182617
vt 80.09660339355469 -13.920100212097168
vt 83.74639892578125 2.7866199016571045
vt 82.96320343017578 2.7866199016571045
vt 81.00530242919922 -16.32270050048828
vt 83.74639892578125 2.7866199016571045
vt 81.00530242919922 -16.32270050048828
vt 85.70429992675781 -16.32270050048828
vt 83.67359924316406 0.5498600006103516
vt 81.7156982421875 19.65920066833496
vt 80.71600341796875 17.54599952697754
vt 83.67359924316406 0.5498600006103516
vt 80.71600341796875 17.54599952697754
vt 78.97460174560547 0.5498600006103516
vt 53.832801818847656 10.67300033569336
vt 55.757301330566406 12
vt 53.832801818847656 12
vt 62.28459930419922 7.504360198974609
vt 62.330101013183594 8.119070053100586
vt 62.46549987792969 8.715109825134277
vt 62.28459930419922 7.504360198974609
vt 62.46549987792969 8.715109825134277
vt 62.686500549316406 9.274359703063965
vt 62.28459930419922 7.504360198974609
vt 62.686500549316406 9.274359703063965
vt 62.98640060424805 9.779829978942871
vt 62.28459930419922 7.504360198974609
vt 62.98640060424805 9.779829978942871
vt 63.356201171875 10.21619987487793
vt 62.28459930419922 7.504360198974609
vt 63.356201171875 10.21619987487793
vt 63.78459930419922 10.570099830627441
vt 62.28459930419922 7.504360198974609
vt 63.78459930419922 10.570099830627441
vt 64.25849914550781 10.830900192260742
vt 62.28459930419922 7.504360198974609
vt 64.25849914550781 10.830900192260742
vt 64.76360321044922 10.990599632263184
vt 62.28459930419922 7.504360198974609
vt 64.76360321044922 10.990599632263184
vt 65.18939971923828 11.034500122070312
vt 62.28459930419922 7.504360198974609
vt 65.18939971923828 11.034500122070312
vt 65.23770141601562 11.039400100708008
vt 62.28459930419922 7.504360198974609
vt 65.23770141601562 11.039400100708008
vt 65.25450134277344 11.040900230407715
vt 62.28459930419922 7.504360198974609
vt 65.25450134277344 11.040900230407715
vt 65.26339721679688 11.04170036315918
vt 62.28459930419922 7.504360198974609
vt 65.26339721679688 11.04170036315918
vt 65.26920318603516 11.042099952697754
vt 62.28459930419922 7.504360198974609
vt 65.26920318603516 11.042099952697754
vt 65.27359771728516 11.042400360107422
vt 62.28459930419922 7.504360198974609
vt 65.27359771728516 11.042400360107422
vt 65.277099609375 11.042499542236328
vt 62.28459930419922 7.504360198974609
vt 65.277099609375 11.042499542236328
vt 65.28019714355469 11.04259967803955
vt 62.28459930419922 7.504360198974609
vt 65.28019714355469 11.04259967803955
vt 65.28309631347656 11.042699813842773
vt 62.28459930419922 7.504360198974609
vt 65.28309631347656 11.042699813842773
vt 69.78309631347656 11.042699813842773
vt 62.28459930419922 7.504360198974609
vt 69.78309631347656 11.042699813842773
vt 69.78600311279297 11.04259967803955
vt 62.28459930419922 7.504360198974609
vt 69.78600311279297 11.04259967803955
vt 69.78910064697266 11.042499542236328
vt 62.28459930419922 7.504360198974609
vt 69.78910064697266 11.042499542236328
vt 69.7926025390625 11.042400360107422
vt 62.28459930419922 7.504360198974609
vt 69.7926025390625 11.042400360107422
vt 69.7969970703125 11.042099952697754
vt 62.28459930419922 7.504360198974609
vt 69.7969970703125 11.042099952697754
vt 69.80280303955078 11.04170036315918
vt 62.28459930419922 7.504360198974609
vt 69.80280303955078 11.04170036315918
vt 69.81169891357422 11.040900230407715
vt 62.28459930419922 7.504360198974609
vt 69.81169891357422 11.040900230407715
vt 69.82849884033203 11.039400100708008
vt 62.28459930419922 7.504360198974609
vt 69.82849884033203 11.039400100708008
vt 69.87680053710938 11.034500122070312
vt 62.28459930419922 7.504360198974609
vt 69.87680053710938 11.034500122070312
vt 70.30259704589844 10.990599632263184
vt 62.28459930419922 7.504360198974609
vt 70.30259704589844 10.990599632263184
vt 70.80770111083984 10.830900192260742
vt 62.28459930419922 7.504360198974609
vt 70.80770111083984 10.830900192260742
vt 71.28170013427734 10.570099830627441
vt 62.28459930419922 7.504360198974609
vt 71.28170013427734 10.570099830627441
vt 71.70999908447266 10.21619987487793
vt 62.28459930419922 7.504360198974609
vt 71.70999908447266 10.21619987487793
vt 72.07980346679688 9.779829978942871
vt 62.28459930419922 7.504360198974609
vt 72.07980346679688 9.779829978942871
vt 72.37969970703125 9.274359703063965
vt 62.28459930419922 7.504360198974609
vt 72.37969970703125 9.274359703063965
vt 72.60070037841797 8.715109825134277
vt 62.28459930419922 7.504360198974609
vt 72.60070037841797 8.715109825134277
vt 72.63890075683594 8.547229766845703
vt 62.28459930419922 7.504360198974609
vt 72.63890075683594 8.547229766845703
vt 73.5479965209961 9.129229545593262
vt 62.28459930419922 7.504360198974609
vt 73.5479965209961 9.129229545593262
vt 75.51699829101562 10.096400260925293
vt 62.28459930419922 7.504360198974609
vt 75.51699829101562 10.096400260925293
vt 76.95850372314453 10.541500091552734
vt 62.28459930419922 7.504360198974609
vt 76.95850372314453 10.541500091552734
vt 78.20680236816406 10.67300033569336
vt 62.28459930419922 7.504360198974609
vt 78.20680236816406 10.67300033569336
vt 78.20680236816406 12
vt 62.28459930419922 7.504360198974609
vt 78.20680236816406 12
vt 62.64289855957031 12
vt 62.28459930419922 7.504360198974609
vt 62.64289855957031 12
vt 60.820098876953125 3.6845499101176597e-16
vt 62.28459930419922 7.504360198974609
vt 60.820098876953125 3.6845499101176597e-16
vt 63.02479934692383 1.6435799598693848
vt 62.28459930419922 7.504360198974609
vt 63.02479934692383 1.6435799598693848
vt 62.98640060424805 1.688889980316162
vt 62.28459930419922 7.504360198974609
vt 62.98640060424805 1.688889980316162
vt 62.686500549316406 2.1943600177764893
vt 62.28459930419922 7.504360198974609
vt 62.686500549316406 2.1943600177764893
vt 62.46549987792969 2.7536098957061768
vt 62.28459930419922 7.504360198974609
vt 62.46549987792969 2.7536098957061768
vt 62.330101013183594 3.349639892578125
vt 62.28459930419922 7.504360198974609
vt 62.330101013183594 3.349639892578125
vt 62.28459930419922 3.964359998703003
vt -28.222000122070312 12.57349967956543
vt -28.24489974975586 12.57349967956543
vt -28.242000579833984 11.957099914550781
vt -28.222000122070312 12.57349967956543
vt -28.242000579833984 11.957099914550781
vt -28.219200134277344 11.957099914550781
vt -28.230600357055664 21.937299728393555
vt -28.253400802612305 21.937299728393555
vt -28.24489974975586 21.326200485229492
vt -28.230600357055664 21.937299728393555
vt -28.24489974975586 21.326200485229492
vt -28.222000122070312 21.326200485229492
vt -28.244600296020508 31.01490020751953
vt -28.26740074157715 31.01490020751953
vt -28.253400802612305 30.413700103759766
vt -28.244600296020508 31.01490020751953
vt -28.253400802612305 30.413700103759766
vt -28.230600357055664 30.413700103759766
vt -28.263599395751953 39.660701751708984
vt -28.286399841308594 39.660701751708984
vt -28.26740074157715 39.073299407958984
vt -28.263599395751953 39.660701751708984
vt -28.26740074157715 39.073299407958984
vt -28.244600296020508 39.073299407958984
vt -28.28700065612793 47.63679885864258
vt -28.309799194335938 47.63679885864258
vt -28.286399841308594 47.065399169921875
vt -28.28700065612793 47.63679885864258
vt -28.286399841308594 47.065399169921875
vt -28.263599395751953 47.065399169921875
vt -28.31410026550293 54.587100982666016
vt -28.33690071105957 54.587100982666016
vt -28.309799194335938 54.032100677490234
vt -28.31410026550293 54.587100982666016
vt -28.309799194335938 54.032100677490234
vt -28.28700065612793 54.032100677490234
vt -28.344100952148438 60.039798736572266
vt -28.366899490356445 60.039798736572266
vt -28.33690071105957 59.49959945678711
vt -28.344100952148438 60.039798736572266
vt -28.33690071105957 59.49959945678711
vt -28.31410026550293 59.49959945678711
vt -28.375999450683594 63.46620178222656
vt -28.39889907836914 63.46620178222656
vt -28.366899490356445 62.937400817871094
vt -28.375999450683594 63.46620178222656
vt -28.366899490356445 62.937400817871094
vt -28.344100952148438 62.937400817871094
vt -28.409000396728516 64.41190338134766
vt -28.425800323486328 64.31639862060547
vt -28.39889907836914 63.889198303222656
vt -28.409000396728516 64.41190338134766
vt -28.39889907836914 63.889198303222656
vt -28.375999450683594 63.889198303222656
vt -24.327199935913086 66.07209777832031
vt -24.327199935913086 65.54840087890625
vt -18.11720085144043 65.54840087890625
vt -24.327199935913086 66.07209777832031
vt -18.11720085144043 65.54840087890625
vt -18.11720085144043 66.07209777832031
vt -24.327199935913086 65.0625
vt -24.327199935913086 64.53269958496094
vt -18.11720085144043 64.53269958496094
vt -24.327199935913086 65.0625
vt -18.11720085144043 64.53269958496094
vt -18.11720085144043 65.0625
vt -24.327199935913086 61.51860046386719
vt -24.327199935913086 60.977699279785156
vt -18.11720085144043 60.977699279785156
vt -24.327199935913086 61.51860046386719
vt -18.11720085144043 60.977699279785156
vt -18.11720085144043 61.51860046386719
vt -24.327199935913086 55.9031982421875
vt -24.327199935913086 55.34749984741211
vt -18.11720085144043 55.34749984741211
vt -24.327199935913086 55.9031982421875
vt -18.11720085144043 55.34749984741211
vt -18.11720085144043 55.9031982421875
vt -24.327199935913086 48.75410079956055
vt -24.327199935913086 48.182098388671875
vt -18.11720085144043 48.182098388671875
vt -24.327199935913086 48.75410079956055
vt -18.11720085144043 48.182098388671875
vt -18.11720085144043 48.75410079956055
vt -24.327199935913086 40.5526008605957
vt -24.327199935913086 39.964900970458984
vt -18.11720085144043 39.964900970458984
vt -24.327199935913086 40.5526008605957
vt -18.11720085144043 39.964900970458984
vt -18.11720085144043 40.5526008605957
vt -24.327199935913086 31.663299560546875
vt -24.327199935913086 31.062000274658203
vt -18.11720085144043 31.062000274658203
vt -24.327199935913086 31.663299560546875
vt -18.11720085144043 31.062000274658203
vt -18.11720085144043 31.663299560546875
vt -24.327199935913086 22.330699920654297
vt -24.327199935913086 21.719499588012695
vt -18.11720085144043 21.719499588012695
vt -24.327199935913086 22.330699920654297
vt -18.11720085144043 21.719499588012695
vt -18.11720085144043 22.330699920654297
vt -24.327199935913086 12.705400466918945
vt -24.327199935913086 12.08899974822998
vt -18.11720085144043 12.08899974822998
vt -24.327199935913086 12.705400466918945
vt -18.11720085144043 12.08899974822998
vt -18.11720085144043 12.705400466918945
vt -24.327199935913086 7.504360198974609
vt -24.327199935913086 3.964359998703003
vt -18.11720085144043 3.964359998703003
vt -24.327199935913086 7.504360198974609
vt -18.11720085144043 3.964359998703003
vt -18.11720085144043 7.504360198974609
vt -28.219200134277344 7.504360198974609
vt -28.242000579833984 7.504360198974609
vt -28.242000579833984 3.964359998703003
vt -28.219200134277344 7.504360198974609
vt -28.242000579833984 3.964359998703003
vt -28.219200134277344 3.964359998703003
vt -28.219200134277344 -0.5196959972381592
vt -28.242000579833984 -0.5196959972381592
vt -28.24489974975586 -1.1360900402069092
vt -28.219200134277344 -0.5196959972381592
vt -28.24489974975586 -1.1360900402069092
vt -28.222000122070312 -1.1360900402069092
vt -28.222000122070312 -10.14109992980957
vt -28.24489974975586 -10.14109992980957
vt -28.253400802612305 -10.75220012664795
vt -28.222000122070312 -10.14109992980957
vt -28.253400802612305 -10.75220012664795
vt -28.230600357055664 -10.75220012664795
vt -28.230600357055664 -19.744800567626953
vt -28.253400802612305 -19.744800567626953
vt -28.26740074157715 -20.34589958190918
vt -28.230600357055664 -19.744800567626953
vt -28.26740074157715 -20.34589958190918
vt -28.244600296020508 -20.34589958190918
vt -28.244600296020508 -29.2052001953125
vt -28.26740074157715 -29.2052001953125
vt -28.286399841308594 -29.792600631713867
vt -28.244600296020508 -29.2052001953125
vt -28.286399841308594 -29.792600631713867
vt -28.263599395751953 -29.792600631713867
vt -28.263599395751953 -38.30860137939453
vt -28.286399841308594 -38.30860137939453
vt -28.288799285888672 -38.36800003051758
vt -28.263599395751953 -38.30860137939453
vt -28.288799285888672 -38.36800003051758
vt -28.266300201416016 -38.3745002746582
vt 5.4773101806640625 50.98160171508789
vt 5.31702995300293 52.54600143432617
vt 3.6541199684143066 52.97629928588867
vt 5.4773101806640625 50.98160171508789
vt 3.6541199684143066 52.97629928588867
vt 1.6441999673843384 53.590999603271484
vt 5.4773101806640625 50.98160171508789
vt 1.6441999673843384 53.590999603271484
vt 1.6220799684524536 53.5989990234375
vt 5.4773101806640625 50.98160171508789
vt 1.6220799684524536 53.5989990234375
vt 0.7783669829368591 50.98160171508789
vt 26.944499969482422 48.14120101928711
vt 26.844900131225586 49.11349868774414
vt 25.990699768066406 48.9025993347168
vt 26.944499969482422 48.14120101928711
vt 25.990699768066406 48.9025993347168
vt 25.86240005493164 48.89120101928711
vt 26.944499969482422 48.14120101928711
vt 25.86240005493164 48.89120101928711
vt 25.756999969482422 48.8827018737793
vt 26.944499969482422 48.14120101928711
vt 25.756999969482422 48.8827018737793
vt 25.670000076293945 48.87739944458008
vt 26.944499969482422 48.14120101928711
vt 25.670000076293945 48.87739944458008
vt 25.593000411987305 48.874298095703125
vt 26.944499969482422 48.14120101928711
vt 25.593000411987305 48.874298095703125
vt 25.520999908447266 48.87300109863281
vt 26.944499969482422 48.14120101928711
vt 25.520999908447266 48.87300109863281
vt 25.449800491333008 48.87329864501953
vt 26.944499969482422 48.14120101928711
vt 25.449800491333008 48.87329864501953
vt 25.375600814819336 48.875099182128906
vt 26.944499969482422 48.14120101928711
vt 25.375600814819336 48.875099182128906
vt 25.294099807739258 48.87879943847656
vt 26.944499969482422 48.14120101928711
vt 25.294099807739258 48.87879943847656
vt 25.198999404907227 48.8849983215332
vt 26.944499969482422 48.14120101928711
vt 25.198999404907227 48.8849983215332
vt 25.07990074157715 48.894901275634766
vt 26.944499969482422 48.14120101928711
vt 25.07990074157715 48.894901275634766
vt 24.9950008392334 48.9025993347168
vt 26.944499969482422 48.14120101928711
vt 24.9950008392334 48.9025993347168
vt 23.90730094909668 49.15700149536133
vt 26.944499969482422 48.14120101928711
vt 23.90730094909668 49.15700149536133
vt 22.707599639892578 49.572200775146484
vt 26.944499969482422 48.14120101928711
vt 22.707599639892578 49.572200775146484
vt 22.405899047851562 49.70560073852539
vt 26.944499969482422 48.14120101928711
vt 22.405899047851562 49.70560073852539
vt 22.2455997467041 48.14120101928711
vt 46.73569869995117 41.07360076904297
vt 46.477901458740234 43.58890151977539
vt 46.45209884643555 43.56949996948242
vt 46.73569869995117 41.07360076904297
vt 46.45209884643555 43.56949996948242
vt 46.089500427246094 43.37220001220703
vt 46.73569869995117 41.07360076904297
vt 46.089500427246094 43.37220001220703
vt 45.41450119018555 43.068199157714844
vt 46.73569869995117 41.07360076904297
vt 45.41450119018555 43.068199157714844
vt 43.87179946899414 42.504600524902344
vt 46.73569869995117 41.07360076904297
vt 43.87179946899414 42.504600524902344
vt 42.37630081176758 42.089298248291016
vt 46.73569869995117 41.07360076904297
vt 42.37630081176758 42.089298248291016
vt 42.13629913330078 42.045799255371094
vt 46.73569869995117 41.07360076904297
vt 42.13629913330078 42.045799255371094
vt 42.03670120239258 41.07360076904297
vt 60.45029830932617 46.338401794433594
vt 59.73659896850586 39.37260055541992
vt 60.30970001220703 37.59489822387695
vt 60.45029830932617 46.338401794433594
vt 60.30970001220703 37.59489822387695
vt 60.542701721191406 36.71900177001953
vt 60.45029830932617 46.338401794433594
vt 60.542701721191406 36.71900177001953
vt 60.565799713134766 36.57339859008789
vt 60.45029830932617 46.338401794433594
vt 60.565799713134766 36.57339859008789
vt 60.64799880981445 35.828399658203125
vt 60.45029830932617 46.338401794433594
vt 60.64799880981445 35.828399658203125
vt 60.648799896240234 35.59450149536133
vt 60.45029830932617 46.338401794433594
vt 60.648799896240234 35.59450149536133
vt 60.59049987792969 34.991600036621094
vt 60.45029830932617 46.338401794433594
vt 60.59049987792969 34.991600036621094
vt 60.5161018371582 34.645301818847656
vt 60.45029830932617 46.338401794433594
vt 60.5161018371582 34.645301818847656
vt 60.39390182495117 34.27510070800781
vt 60.45029830932617 46.338401794433594
vt 60.39390182495117 34.27510070800781
vt 60.14580154418945 33.754798889160156
vt 60.45029830932617 46.338401794433594
vt 60.14580154418945 33.754798889160156
vt 60.11149978637695 33.69960021972656
vt 60.45029830932617 46.338401794433594
vt 60.11149978637695 33.69960021972656
vt 59.76380157470703 33.27989959716797
vt 60.45029830932617 46.338401794433594
vt 59.76380157470703 33.27989959716797
vt 59.40840148925781 32.962100982666016
vt 60.45029830932617 46.338401794433594
vt 59.40840148925781 32.962100982666016
vt 59.38909912109375 32.949798583984375
vt 60.45029830932617 46.338401794433594
vt 59.38909912109375 32.949798583984375
vt 59.060699462890625 32.775699615478516
vt 60.45029830932617 46.338401794433594
vt 59.060699462890625 32.775699615478516
vt 58.803001403808594 30.260400772094727
vt 60.45029830932617 46.338401794433594
vt 58.803001403808594 30.260400772094727
vt 63.50189971923828 30.260400772094727
vt 60.45029830932617 46.338401794433594
vt 63.50189971923828 30.260400772094727
vt 61.78200149536133 47.04719924926758
vt 43.52619934082031 55.61140060424805
vt 43.37350082397461 54.12080001831055
vt 43.4651985168457 54.00279998779297
vt 43.52619934082031 55.61140060424805
vt 43.4651985168457 54.00279998779297
vt 44.1072998046875 53.02389907836914
vt 43.52619934082031 55.61140060424805
vt 44.1072998046875 53.02389907836914
vt 45.801998138427734 50.18579864501953
vt 43.52619934082031 55.61140060424805
vt 45.801998138427734 50.18579864501953
vt 45.08829879760742 57.1515998840332
vt 25.454999923706055 62.67900085449219
vt 24.901599884033203 61.752201080322266
vt 24.92180061340332 61.73789978027344
vt 25.454999923706055 62.67900085449219
vt 24.92180061340332 61.73789978027344
vt 25.607799530029297 61.188499450683594
vt 19.684900283813477 -7.854720115661621
vt 19.68239974975586 -8.036049842834473
vt 19.705299377441406 -8.026860237121582
vt 19.684900283813477 -7.854720115661621
vt 19.705299377441406 -8.026860237121582
vt 19.707700729370117 -7.854720115661621
vt 18.11720085144043 -8.189359664916992
vt 23.39389991760254 -8.189359664916992
vt 23.5226993560791 -8.113329887390137
vt 18.11720085144043 -8.189359664916992
vt 23.5226993560791 -8.113329887390137
vt 24.327199935913086 -7.759510040283203
vt 18.11720085144043 -8.189359664916992
vt 24.327199935913086 -7.759510040283203
vt 24.327199935913086 -7.578149795532227
vt 18.11720085144043 -8.189359664916992
vt 24.327199935913086 -7.578149795532227
vt 18.11720085144043 -7.578149795532227
vt 18.11720085144043 2.1022300720214844
vt 22.398700714111328 2.1022300720214844
vt 23.39389991760254 2.718640089035034
vt 18.11720085144043 2.1022300720214844
vt 23.39389991760254 2.718640089035034
vt 18.11720085144043 2.718640089035034
vt 18.11720085144043 7.504360198974609
vt 18.11720085144043 4.605800151824951
vt 19.614700317382812 5.722149848937988
vt 18.11720085144043 7.504360198974609
vt 19.614700317382812 5.722149848937988
vt 22.398700714111328 7.504360198974609
vt 21.965599060058594 7.504360198974609
vt 21.965599060058594 4.055799961090088
vt 22.68589973449707 4.605800151824951
vt 21.965599060058594 7.504360198974609
vt 22.68589973449707 4.605800151824951
vt 22.68589973449707 7.504360198974609
vt 30.23349952697754 3.964359998703003
vt 30.827899932861328 3.964359998703003
vt 30.943599700927734 4.055799961090088
vt 30.23349952697754 3.964359998703003
vt 30.943599700927734 4.055799961090088
vt 30.943599700927734 7.504360198974609
vt 30.23349952697754 3.964359998703003
vt 30.943599700927734 7.504360198974609
vt 30.23349952697754 7.504360198974609
vt 30.23349952697754 9.049869537353516
vt 30.24340057373047 8.580690383911133
vt 30.827899932861328 9.049869537353516
vt 38.39070129394531 8.219200134277344
vt 38.88740158081055 8.219200134277344
vt 39.069000244140625 8.366490364074707
vt 38.39070129394531 8.219200134277344
vt 39.069000244140625 8.366490364074707
vt 39.063899993896484 8.835740089416504
vt 38.39070129394531 8.219200134277344
vt 39.063899993896484 8.835740089416504
vt 38.373600006103516 8.835740089416504
vt 38.39070129394531 17.84630012512207
vt 38.423099517822266 17.457199096679688
vt 38.88740158081055 17.84630012512207
vt 46.47919845581055 16.325300216674805
vt 46.81669998168945 16.325300216674805
vt 47.09109878540039 16.5492000579834
vt 46.47919845581055 16.325300216674805
vt 47.09109878540039 16.5492000579834
vt 47.0718994140625 16.93910026550293
vt 46.47919845581055 16.325300216674805
vt 47.0718994140625 16.93910026550293
vt 46.41910171508789 16.93910026550293
vt 46.47919845581055 25.020000457763672
vt 46.52009963989258 24.767000198364258
vt 46.81669998168945 25.020000457763672
vt 54.37329864501953 22.072900772094727
vt 54.432899475097656 22.072900772094727
vt 54.8843994140625 22.431400299072266
vt 54.37329864501953 22.072900772094727
vt 54.8843994140625 22.431400299072266
vt 54.85969924926758 22.686399459838867
vt 54.37329864501953 22.072900772094727
vt 54.85969924926758 22.686399459838867
vt 54.26750183105469 22.686399459838867
vt 54.37329864501953 29.195899963378906
vt 54.383201599121094 29.15410041809082
vt 54.432899475097656 29.195899963378906
vt 61.54859924316406 24.25749969482422
vt 61.63199996948242 23.89069938659668
vt 62.070098876953125 24.21489906311035
vt 61.54859924316406 24.25749969482422
vt 62.070098876953125 24.21489906311035
vt 62.06449890136719 24.25749969482422
vt 67.41079711914062 17.345600128173828
vt 67.533203125 16.72130012512207
vt 67.93890380859375 16.97170066833496
vt 67.41079711914062 17.345600128173828
vt 67.93890380859375 16.97170066833496
vt 67.8989028930664 17.345600128173828
vt 71.02629852294922 7.705239772796631
vt 71.4177017211914 7.705239772796631
vt 71.43830108642578 7.715030193328857
vt 71.02629852294922 7.705239772796631
vt 71.43830108642578 7.715030193328857
vt 71.40019989013672 8.350069999694824
vt 71.02629852294922 7.705239772796631
vt 71.40019989013672 8.350069999694824
vt 70.93379974365234 8.350069999694824
vt 71.02629852294922 8.818639755249023
vt 71.05809783935547 8.635140419006348
vt 71.08460235595703 8.653550148010254
vt 71.02629852294922 8.818639755249023
vt 71.08460235595703 8.653550148010254
vt 71.4177017211914 8.818639755249023
vt 71.07150268554688 -3.802880048751831
vt 71.10590362548828 -4.179009914398193
vt 71.47239685058594 -3.989109992980957
vt 71.07150268554688 -3.802880048751831
vt 71.47239685058594 -3.989109992980957
vt 71.47339630126953 -3.802880048751831
vt 65.28309631347656 -10.933099746704102
vt 69.10359954833984 -10.933099746704102
vt 69.78309631347656 -10.639399528503418
vt 65.28309631347656 -10.933099746704102
vt 69.78309631347656 -10.639399528503418
vt 69.78309631347656 -10.261699676513672
vt 65.28309631347656 -10.933099746704102
vt 69.78309631347656 -10.261699676513672
vt 65.28309631347656 -10.261699676513672
vt 65.28309631347656 -13.306500434875488
vt 67.61270141601562 -13.306500434875488
vt 69.10359954833984 -12.617500305175781
vt 65.28309631347656 -13.306500434875488
vt 69.10359954833984 -12.617500305175781
vt 65.28309631347656 -12.617500305175781
vt 65.28309631347656 -15.277299880981445
vt 66.22949981689453 -15.277299880981445
vt 67.61270141601562 -14.573200225830078
vt 65.28309631347656 -15.277299880981445
vt 67.61270141601562 -14.573200225830078
vt 65.28309631347656 -14.573200225830078
vt 65.28309631347656 -16.852100372314453
vt 65.36830139160156 -16.852100372314453
vt 66.01850128173828 -16.259300231933594
vt 65.28309631347656 -16.852100372314453
vt 66.01850128173828 -16.259300231933594
vt 66.22949981689453 -16.136999130249023
vt 65.28309631347656 -16.852100372314453
vt 66.22949981689453 -16.136999130249023
vt 65.28309631347656 -16.136999130249023
vt 65.28309631347656 -17.314199447631836
vt 65.28309631347656 -17.41080093383789
vt 65.36830139160156 -17.314199447631836
vt 62.63589859008789 -24.991100311279297
vt 62.637001037597656 -25.157899856567383
vt 62.71549987792969 -25.086999893188477
vt 62.63589859008789 -24.991100311279297
vt 62.71549987792969 -25.086999893188477
vt 62.72700119018555 -24.991100311279297
vt 55.01490020751953 -38.7859001159668
vt 54.99509811401367 -38.99150085449219
vt 55.07099914550781 -38.94850158691406
vt 55.01490020751953 -38.7859001159668
vt 55.07099914550781 -38.94850158691406
vt 55.1083984375 -38.7859001159668
vt 45.212398529052734 -49.69710159301758
vt 45.173500061035156 -49.91740036010742
vt 45.246700286865234 -49.89360046386719
vt 45.212398529052734 -49.69710159301758
vt 45.246700286865234 -49.89360046386719
vt 45.310298919677734 -49.69710159301758
vt 34.499298095703125 -57.512901306152344
vt 34.450199127197266 -57.73109817504883
vt 34.52170181274414 -57.72140121459961
vt 34.499298095703125 -57.512901306152344
vt 34.52170181274414 -57.72140121459961
vt 34.602699279785156 -57.512901306152344
vt 23.776100158691406 -62.600399017333984
vt 23.728099822998047 -62.804901123046875
vt 23.799299240112305 -62.80670166015625
vt 23.776100158691406 -62.600399017333984
vt 23.799299240112305 -62.80670166015625
vt 23.88559913635254 -62.600399017333984
vt 13.49940013885498 -65.50879669189453
vt 13.4621000289917 -65.69110107421875
vt 13.535200119018555 -65.70339965820312
vt 13.49940013885498 -65.50879669189453
vt 13.535200119018555 -65.70339965820312
vt 13.61460018157959 -65.50879669189453
vt 3.81099009513855 -66.73040008544922
vt 3.7898199558258057 -66.88179779052734
vt 3.86788010597229 -66.90550231933594
vt 3.81099009513855 -66.73040008544922
vt 3.86788010597229 -66.90550231933594
vt 3.9308700561523438 -66.73040008544922
vt -5.316929817199707 -66.6178970336914
vt -5.322020053863525 -66.72679901123047
vt -5.23475980758667 -66.76519775390625
vt -5.316929817199707 -66.6178970336914
vt -5.23475980758667 -66.76519775390625
vt -5.193630218505859 -66.6178970336914
vt -13.983400344848633 -65.38040161132812
vt -13.980400085449219 -65.42739868164062
vt -13.87720012664795 -65.48770141601562
vt -13.983400344848633 -65.38040161132812
vt -13.87720012664795 -65.48770141601562
vt -13.85830020904541 -65.38040161132812
vt -18.11720085144043 -64.37069702148438
vt -18.188199996948242 -64.37069702148438
vt -18.11720085144043 -64.41780090332031
vt -18.11720085144043 -61.075199127197266
vt -19.171600341796875 -61.075199127197266
vt -18.188199996948242 -61.60499954223633
vt -18.11720085144043 -61.075199127197266
vt -18.188199996948242 -61.60499954223633
vt -18.11720085144043 -61.60499954223633
vt -18.11720085144043 -55.44879913330078
vt -20.320199966430664 -55.44879913330078
vt -19.171600341796875 -55.98979949951172
vt -18.11720085144043 -55.44879913330078
vt -19.171600341796875 -55.98979949951172
vt -18.11720085144043 -55.98979949951172
vt -18.11720085144043 -48.04249954223633
vt -22.287200927734375 -48.04249954223633
vt -20.622699737548828 -48.46670150756836
vt -18.11720085144043 -48.04249954223633
vt -20.622699737548828 -48.46670150756836
vt -20.320199966430664 -48.59809875488281
vt -18.11720085144043 -48.04249954223633
vt -20.320199966430664 -48.59809875488281
vt -18.11720085144043 -48.59809875488281
vt -24.327199935913086 -39.432701110839844
vt -24.327199935913086 -39.498600006103516
vt -22.287200927734375 -40.004600524902344
vt -24.327199935913086 -39.432701110839844
vt -22.287200927734375 -40.004600524902344
vt -18.11720085144043 -40.004600524902344
vt -24.327199935913086 -39.432701110839844
vt -18.11720085144043 -40.004600524902344
vt -18.11720085144043 -39.432701110839844
vt -13.543999671936035 -40.04280090332031
vt -14.095800399780273 -40.04280090332031
vt -14.072400093078613 -40.61429977416992
vt -13.543999671936035 -40.04280090332031
vt -14.072400093078613 -40.61429977416992
vt -13.609399795532227 -40.61429977416992
vt -13.491000175476074 -30.57360076904297
vt -14.114800453186035 -30.57360076904297
vt -14.095800399780273 -31.160999298095703
vt -13.491000175476074 -30.57360076904297
vt -14.095800399780273 -31.160999298095703
vt -13.543999671936035 -31.160999298095703
vt -13.451899528503418 -20.729999542236328
vt -14.128800392150879 -20.729999542236328
vt -14.114800453186035 -21.331199645996094
vt -13.451899528503418 -20.729999542236328
vt -14.114800453186035 -21.331199645996094
vt -13.491000175476074 -21.331199645996094
vt -13.427900314331055 -10.734600067138672
vt -14.137299537658691 -10.734600067138672
vt -14.128800392150879 -11.34570026397705
vt -13.427900314331055 -10.734600067138672
vt -14.128800392150879 -11.34570026397705
vt -13.451899528503418 -11.34570026397705
vt -13.419899940490723 -0.717864990234375
vt -14.140199661254883 -0.717864990234375
vt -14.137299537658691 -1.3342599868774414
vt -13.419899940490723 -0.717864990234375
vt -14.137299537658691 -1.3342599868774414
vt -13.427900314331055 -1.3342599868774414
vt -14.140199661254883 3.964359998703003
vt -13.419899940490723 3.964359998703003
vt -13.419899940490723 7.504360198974609
vt -14.140199661254883 3.964359998703003
vt -13.419899940490723 7.504360198974609
vt -14.140199661254883 7.504360198974609
vt -5.199100017547607 3.964359998703003
vt -4.489019870758057 3.964359998703003
vt -4.489019870758057 7.504360198974609
vt -5.199100017547607 3.964359998703003
vt -4.489019870758057 7.504360198974609
vt -5.199100017547607 7.504360198974609
vt -4.489019870758057 -0.8750029802322388
vt -5.199100017547607 -0.8750029802322388
vt -5.201260089874268 -1.4914499521255493
vt -4.489019870758057 -0.8750029802322388
vt -5.201260089874268 -1.4914499521255493
vt -4.501969814300537 -1.4914499521255493
vt -4.501969814300537 -11.197799682617188
vt -5.201260089874268 -11.197799682617188
vt -5.207699775695801 -11.809399604797363
vt -4.501969814300537 -11.197799682617188
vt -5.207699775695801 -11.809399604797363
vt -4.540440082550049 -11.809399604797363
vt -4.540440082550049 -21.471500396728516
vt -5.207699775695801 -21.471500396728516
vt -5.218200206756592 -22.07379913330078
vt -4.540440082550049 -21.471500396728516
vt -5.218200206756592 -22.07379913330078
vt -4.603260040283203 -22.07379913330078
vt -4.603260040283203 -31.54599952697754
vt -5.218200206756592 -31.54599952697754
vt -5.232460021972656 -32.13570022583008
vt -4.603260040283203 -31.54599952697754
vt -5.232460021972656 -32.13570022583008
vt -4.688509941101074 -32.13570022583008
vt -4.688509941101074 -41.18230056762695
vt -5.232460021972656 -41.18230056762695
vt -5.250030040740967 -41.757301330566406
vt -4.688509941101074 -41.18230056762695
vt -5.250030040740967 -41.757301330566406
vt -4.793600082397461 -41.757301330566406
vt -4.793600082397461 -50.02149963378906
vt -5.250030040740967 -50.02149963378906
vt -5.270390033721924 -50.581199645996094
vt -4.793600082397461 -50.02149963378906
vt -5.270390033721924 -50.581199645996094
vt -4.915359973907471 -50.581199645996094
vt -13.609399795532227 -48.78689956665039
vt -14.072400093078613 -48.78689956665039
vt -14.045299530029297 -49.34189987182617
vt -13.609399795532227 -48.78689956665039
vt -14.045299530029297 -49.34189987182617
vt -13.685199737548828 -49.34189987182617
vt -13.685199737548828 -56.31399917602539
vt -14.045299530029297 -56.31399917602539
vt -14.015299797058105 -56.85409927368164
vt -13.685199737548828 -56.31399917602539
vt -14.015299797058105 -56.85409927368164
vt -13.769000053405762 -56.85409927368164
vt -13.769000053405762 -62.03369903564453
vt -14.015299797058105 -62.03369903564453
vt -13.983400344848633 -62.5625
vt -13.769000053405762 -62.03369903564453
vt -13.983400344848633 -62.5625
vt -13.85830020904541 -62.5625
vt -5.050059795379639 -63.28710174560547
vt -5.292920112609863 -63.28710174560547
vt -5.316929817199707 -63.82279968261719
vt -5.050059795379639 -63.28710174560547
vt -5.316929817199707 -63.82279968261719
vt -5.193630218505859 -63.82279968261719
vt -4.915359973907471 -57.57820129394531
vt -5.270390033721924 -57.57820129394531
vt -5.292920112609863 -58.124298095703125
vt -4.915359973907471 -57.57820129394531
vt -5.292920112609863 -58.124298095703125
vt -5.050059795379639 -58.124298095703125
vt 4.299439907073975 -58.0099983215332
vt 3.9542601108551025 -58.0099983215332
vt 3.8849101066589355 -58.568199157714844
vt 4.299439907073975 -58.0099983215332
vt 3.8849101066589355 -58.568199157714844
vt 4.121029853820801 -58.568199157714844
vt 4.460700035095215 -50.6411018371582
vt 4.016940116882324 -50.6411018371582
vt 3.9542601108551025 -51.21049880981445
vt 4.460700035095215 -50.6411018371582
vt 3.9542601108551025 -51.21049880981445
vt 4.299439907073975 -51.21049880981445
vt 4.599899768829346 -41.9109992980957
vt 4.07105016708374 -41.9109992980957
vt 4.016940116882324 -42.49300003051758
vt 4.599899768829346 -41.9109992980957
vt 4.016940116882324 -42.49300003051758
vt 4.460700035095215 -42.49300003051758
vt 4.712820053100586 -32.27090072631836
vt 4.114950180053711 -32.27090072631836
vt 4.07105016708374 -32.8651008605957
vt 4.712820053100586 -32.27090072631836
vt 4.07105016708374 -32.8651008605957
vt 4.599899768829346 -32.8651008605957
vt 4.796020030975342 -22.079599380493164
vt 4.147290229797363 -22.079599380493164
vt 4.114950180053711 -22.68429946899414
vt 4.796020030975342 -22.079599380493164
vt 4.114950180053711 -22.68429946899414
vt 4.712820053100586 -22.68429946899414
vt 4.846970081329346 -11.598999977111816
vt 4.167089939117432 -11.598999977111816
vt 4.147290229797363 -12.21150016784668
vt 4.846970081329346 -11.598999977111816
vt 4.147290229797363 -12.21150016784668
vt 4.796020030975342 -12.21150016784668
vt 4.864130020141602 -1.0143300294876099
vt 4.173759937286377 -1.0143300294876099
vt 4.167089939117432 -1.63086998462677
vt 4.864130020141602 -1.0143300294876099
vt 4.167089939117432 -1.63086998462677
vt 4.846970081329346 -1.63086998462677
vt 4.173759937286377 3.964359998703003
vt 4.864130020141602 3.964359998703003
vt 4.864130020141602 7.504360198974609
vt 4.173759937286377 3.964359998703003
vt 4.864130020141602 7.504360198974609
vt 4.173759937286377 7.504360198974609
vt 14.053400039672852 3.964359998703003
vt 14.716300010681152 3.964359998703003
vt 14.716300010681152 7.504360198974609
vt 14.053400039672852 3.964359998703003
vt 14.716300010681152 7.504360198974609
vt 14.053400039672852 7.504360198974609
vt 14.716300010681152 -1.1108299493789673
vt 14.053400039672852 -1.1108299493789673
vt 14.04319953918457 -1.7275300025939941
vt 14.716300010681152 -1.1108299493789673
vt 14.04319953918457 -1.7275300025939941
vt 14.696100234985352 -1.7275300025939941
vt 14.696100234985352 -11.862700462341309
vt 14.04319953918457 -11.862700462341309
vt 14.012999534606934 -12.47659969329834
vt 14.696100234985352 -11.862700462341309
vt 14.012999534606934 -12.47659969329834
vt 14.635899543762207 -12.47659969329834
vt 14.635899543762207 -22.427099227905273
vt 14.012999534606934 -22.427099227905273
vt 13.963600158691406 -23.035499572753906
vt 14.635899543762207 -22.427099227905273
vt 13.963600158691406 -23.035499572753906
vt 14.537699699401855 -23.035499572753906
vt 14.537699699401855 -32.571800231933594
vt 13.963600158691406 -32.571800231933594
vt 13.896599769592285 -33.17279815673828
vt 14.537699699401855 -32.571800231933594
vt 13.896599769592285 -33.17279815673828
vt 14.404399871826172 -33.17279815673828
vt 14.404399871826172 -42.01259994506836
vt 13.896599769592285 -42.01259994506836
vt 13.814000129699707 -42.605201721191406
vt 14.404399871826172 -42.01259994506836
vt 13.814000129699707 -42.605201721191406
vt 14.239999771118164 -42.605201721191406
vt 14.239999771118164 -50.407501220703125
vt 13.814000129699707 -50.407501220703125
vt 13.718199729919434 -50.99150085449219
vt 14.239999771118164 -50.407501220703125
vt 13.718199729919434 -50.99150085449219
vt 14.049699783325195 -50.99150085449219
vt 14.049699783325195 -57.37099838256836
vt 13.718199729919434 -57.37099838256836
vt 13.612299919128418 -57.94729995727539
vt 14.049699783325195 -57.37099838256836
vt 13.612299919128418 -57.94729995727539
vt 13.83899974822998 -57.94729995727539
vt 13.83899974822998 -62.514198303222656
vt 13.612299919128418 -62.514198303222656
vt 13.49940013885498 -63.084800720214844
vt 13.83899974822998 -62.514198303222656
vt 13.49940013885498 -63.084800720214844
vt 13.61460018157959 -63.084800720214844
vt 4.121029853820801 -63.52170181274414
vt 3.8849101066589355 -63.52170181274414
vt 3.81099009513855 -64.07140350341797
vt 4.121029853820801 -63.52170181274414
vt 3.81099009513855 -64.07140350341797
vt 3.9308700561523438 -64.07140350341797
vt 24.127399444580078 -59.88880157470703
vt 23.91189956665039 -59.88880157470703
vt 23.776100158691406 -60.486698150634766
vt 24.127399444580078 -59.88880157470703
vt 23.776100158691406 -60.486698150634766
vt 23.88559913635254 -60.486698150634766
vt 24.354400634765625 -55.257301330566406
vt 24.0393009185791 -55.257301330566406
vt 23.91189956665039 -55.857601165771484
vt 24.354400634765625 -55.257301330566406
vt 23.91189956665039 -55.857601165771484
vt 24.127399444580078 -55.857601165771484
vt 24.559499740600586 -48.906700134277344
vt 24.154399871826172 -48.906700134277344
vt 24.0393009185791 -49.510101318359375
vt 24.559499740600586 -48.906700134277344
vt 24.0393009185791 -49.510101318359375
vt 24.354400634765625 -49.510101318359375
vt 24.736600875854492 -41.09579849243164
vt 24.253799438476562 -41.09579849243164
vt 24.154399871826172 -41.702701568603516
vt 24.736600875854492 -41.09579849243164
vt 24.154399871826172 -41.702701568603516
vt 24.559499740600586 -41.702701568603516
vt 24.880199432373047 -32.11470031738281
vt 24.334400177001953 -32.11470031738281
vt 24.253799438476562 -32.725101470947266
vt 24.880199432373047 -32.11470031738281
vt 24.253799438476562 -32.725101470947266
vt 24.736600875854492 -32.725101470947266
vt 24.986000061035156 -22.26289939880371
vt 24.393800735473633 -22.26289939880371
vt 24.334400177001953 -22.876300811767578
vt 24.986000061035156 -22.26289939880371
vt 24.334400177001953 -22.876300811767578
vt 24.880199432373047 -22.876300811767578
vt 25.050800323486328 -11.834600448608398
vt 24.430200576782227 -11.834600448608398
vt 24.393800735473633 -12.450300216674805
vt 25.050800323486328 -11.834600448608398
vt 24.393800735473633 -12.450300216674805
vt 24.986000061035156 -12.450300216674805
vt 25.072599411010742 -1.1126400232315063
vt 24.4424991607666 -1.1126400232315063
vt 24.430200576782227 -1.7295500040054321
vt 25.072599411010742 -1.1126400232315063
vt 24.430200576782227 -1.7295500040054321
vt 25.050800323486328 -1.7295500040054321
vt 24.4424991607666 3.964359998703003
vt 25.072599411010742 3.964359998703003
vt 25.072599411010742 7.504360198974609
vt 24.4424991607666 3.964359998703003
vt 25.072599411010742 7.504360198974609
vt 24.4424991607666 7.504360198974609
vt 35.174400329589844 3.964359998703003
vt 35.77009963989258 3.964359998703003
vt 35.77009963989258 7.504360198974609
vt 35.174400329589844 3.964359998703003
vt 35.77009963989258 7.504360198974609
vt 35.174400329589844 7.504360198974609
vt 35.77009963989258 -0.9329820275306702
vt 35.174400329589844 -0.9329820275306702
vt 35.1619987487793 -1.5501500368118286
vt 35.77009963989258 -0.9329820275306702
vt 35.1619987487793 -1.5501500368118286
vt 35.748600006103516 -1.5501500368118286
vt 35.748600006103516 -11.260600090026855
vt 35.1619987487793 -11.260600090026855
vt 35.12519836425781 -11.878600120544434
vt 35.748600006103516 -11.260600090026855
vt 35.12519836425781 -11.878600120544434
vt 35.684898376464844 -11.878600120544434
vt 35.684898376464844 -21.186599731445312
vt 35.12519836425781 -21.186599731445312
vt 35.064998626708984 -21.80620002746582
vt 35.684898376464844 -21.186599731445312
vt 35.064998626708984 -21.80620002746582
vt 35.5807991027832 -21.80620002746582
vt 35.5807991027832 -30.388999938964844
vt 35.064998626708984 -30.388999938964844
vt 34.983299255371094 -31.010799407958984
vt 35.5807991027832 -30.388999938964844
vt 34.983299255371094 -31.010799407958984
vt 35.43960189819336 -31.010799407958984
vt 35.43960189819336 -38.588199615478516
vt 34.983299255371094 -38.588199615478516
vt 34.882598876953125 -39.21229934692383
vt 35.43960189819336 -38.588199615478516
vt 34.882598876953125 -39.21229934692383
vt 35.265499114990234 -39.21229934692383
vt 35.265499114990234 -45.5547981262207
vt 34.882598876953125 -45.5547981262207
vt 34.765899658203125 -46.18130111694336
vt 35.265499114990234 -45.5547981262207
vt 34.765899658203125 -46.18130111694336
vt 35.06380081176758 -46.18130111694336
vt 35.06380081176758 -51.111000061035156
vt 34.765899658203125 -51.111000061035156
vt 34.63690185546875 -51.739601135253906
vt 35.06380081176758 -51.111000061035156
vt 34.63690185546875 -51.739601135253906
vt 34.840599060058594 -51.739601135253906
vt 34.840599060058594 -55.12670135498047
vt 34.63690185546875 -55.12670135498047
vt 34.499298095703125 -55.756900787353516
vt 34.840599060058594 -55.12670135498047
vt 34.499298095703125 -55.756900787353516
vt 34.602699279785156 -55.756900787353516
vt 45.519500732421875 -47.65380096435547
vt 45.326698303222656 -47.65380096435547
vt 45.212398529052734 -48.31760025024414
vt 45.519500732421875 -47.65380096435547
vt 45.212398529052734 -48.31760025024414
vt 45.310298919677734 -48.31760025024414
vt 45.71580123901367 -44.31460189819336
vt 45.433998107910156 -44.31460189819336
vt 45.326698303222656 -44.972999572753906
vt 45.71580123901367 -44.31460189819336
vt 45.326698303222656 -44.972999572753906
vt 45.519500732421875 -44.972999572753906
vt 45.8931999206543 -39.692298889160156
vt 45.53089904785156 -39.692298889160156
vt 45.433998107910156 -40.34339904785156
vt 45.8931999206543 -39.692298889160156
vt 45.433998107910156 -40.34339904785156
vt 45.71580123901367 -40.34339904785156
vt 46.04629898071289 -33.81809997558594
vt 45.614601135253906 -33.81809997558594
vt 45.53089904785156 -34.460601806640625
vt 46.04629898071289 -33.81809997558594
vt 45.53089904785156 -34.460601806640625
vt 45.8931999206543 -34.460601806640625
vt 46.170501708984375 -26.766300201416016
vt 45.68239974975586 -26.766300201416016
vt 45.614601135253906 -27.40019989013672
vt 46.170501708984375 -26.766300201416016
vt 45.614601135253906 -27.40019989013672
vt 46.04629898071289 -27.40019989013672
vt 46.262001037597656 -18.682100296020508
vt 45.732398986816406 -18.682100296020508
vt 45.68239974975586 -19.308399200439453
vt 46.262001037597656 -18.682100296020508
vt 45.68239974975586 -19.308399200439453
vt 46.170501708984375 -19.308399200439453
vt 46.31809997558594 -9.801560401916504
vt 45.76300048828125 -9.801560401916504
vt 45.732398986816406 -10.422100067138672
vt 46.31809997558594 -9.801560401916504
vt 45.732398986816406 -10.422100067138672
vt 46.262001037597656 -10.422100067138672
vt 46.33689880371094 -0.4536939859390259
vt 45.773399353027344 -0.4536939859390259
vt 45.76300048828125 -1.0711499452590942
vt 46.33689880371094 -0.4536939859390259
vt 45.76300048828125 -1.0711499452590942
vt 46.31809997558594 -1.0711499452590942
vt 45.773399353027344 3.964359998703003
vt 46.33689880371094 3.964359998703003
vt 46.33689880371094 7.504360198974609
vt 45.773399353027344 3.964359998703003
vt 46.33689880371094 7.504360198974609
vt 45.773399353027344 7.504360198974609
vt 55.334598541259766 3.964359998703003
vt 55.87310028076172 3.964359998703003
vt 55.87310028076172 7.504360198974609
vt 55.334598541259766 3.964359998703003
vt 55.87310028076172 7.504360198974609
vt 55.334598541259766 7.504360198974609
vt 55.87310028076172 0.4358449876308441
vt 55.334598541259766 0.4358449876308441
vt 55.32870101928711 -0.18187299370765686
vt 55.87310028076172 0.4358449876308441
vt 55.32870101928711 -0.18187299370765686
vt 55.859100341796875 -0.18187299370765686
vt 55.859100341796875 -7.14778995513916
vt 55.32870101928711 -7.14778995513916
vt 55.31129837036133 -7.7706098556518555
vt 55.859100341796875 -7.14778995513916
vt 55.31129837036133 -7.7706098556518555
vt 55.817298889160156 -7.7706098556518555
vt 55.817298889160156 -14.301199913024902
vt 55.31129837036133 -14.301199913024902
vt 55.282798767089844 -14.933500289916992
vt 55.817298889160156 -14.301199913024902
vt 55.282798767089844 -14.933500289916992
vt 55.74919891357422 -14.933500289916992
vt 55.74919891357422 -20.736299514770508
vt 55.282798767089844 -20.736299514770508
vt 55.24409866333008 -21.381099700927734
vt 55.74919891357422 -20.736299514770508
vt 55.24409866333008 -21.381099700927734
vt 55.65660095214844 -21.381099700927734
vt 55.65660095214844 -26.278499603271484
vt 55.24409866333008 -26.278499603271484
vt 55.1963996887207 -26.937299728393555
vt 55.65660095214844 -26.278499603271484
vt 55.1963996887207 -26.937299728393555
vt 55.542598724365234 -26.937299728393555
vt 55.542598724365234 -30.8528995513916
vt 55.1963996887207 -30.8528995513916
vt 55.14120101928711 -31.525400161743164
vt 55.542598724365234 -30.8528995513916
vt 55.14120101928711 -31.525400161743164
vt 55.410400390625 -31.525400161743164
vt 55.410400390625 -34.449501037597656
vt 55.14120101928711 -34.449501037597656
vt 55.08000183105469 -35.1338005065918
vt 55.410400390625 -34.449501037597656
vt 55.08000183105469 -35.1338005065918
vt 55.264198303222656 -35.1338005065918
vt 55.264198303222656 -37.08729934692383
vt 55.08000183105469 -37.08729934692383
vt 55.01490020751953 -37.78020095825195
vt 55.264198303222656 -37.08729934692383
vt 55.01490020751953 -37.78020095825195
vt 55.1083984375 -37.78020095825195
vt 62.81060028076172 -23.637399673461914
vt 62.631099700927734 -23.637399673461914
vt 62.63589859008789 -24.347700119018555
vt 62.81060028076172 -23.637399673461914
vt 62.63589859008789 -24.347700119018555
vt 62.72700119018555 -24.347700119018555
vt 62.888999938964844 -21.7101993560791
vt 62.6265983581543 -21.7101993560791
vt 62.631099700927734 -22.409900665283203
vt 62.888999938964844 -21.7101993560791
vt 62.631099700927734 -22.409900665283203
vt 62.81060028076172 -22.409900665283203
vt 62.959800720214844 -19.194000244140625
vt 62.622501373291016 -19.194000244140625
vt 62.6265983581543 -19.8794002532959
vt 62.959800720214844 -19.194000244140625
vt 62.6265983581543 -19.8794002532959
vt 62.888999938964844 -19.8794002532959
vt 63.020999908447266 -16.069799423217773
vt 62.61899948120117 -16.069799423217773
vt 62.622501373291016 -16.738399505615234
vt 63.020999908447266 -16.069799423217773
vt 62.622501373291016 -16.738399505615234
vt 62.959800720214844 -16.738399505615234
vt 63.07059860229492 -12.334400177001953
vt 62.6161994934082 -12.334400177001953
vt 62.61899948120117 -12.985899925231934
vt 63.07059860229492 -12.334400177001953
vt 62.61899948120117 -12.985899925231934
vt 63.020999908447266 -12.985899925231934
vt 63.10710144042969 -8.028840065002441
vt 62.61410140991211 -8.028840065002441
vt 62.6161994934082 -8.664790153503418
vt 63.10710144042969 -8.028840065002441
vt 62.6161994934082 -8.664790153503418
vt 63.07059860229492 -8.664790153503418
vt 63.12950134277344 -3.2667999267578125
vt 62.61280059814453 -3.2667999267578125
vt 62.61410140991211 -3.891010046005249
vt 63.12950134277344 -3.2667999267578125
vt 62.61410140991211 -3.891010046005249
vt 63.10710144042969 -3.891010046005249
vt 63.13710021972656 1.7509100437164307
vt 62.612300872802734 1.7509100437164307
vt 62.61280059814453 1.133039951324463
vt 63.13710021972656 1.7509100437164307
vt 62.61280059814453 1.133039951324463
vt 63.12950134277344 1.133039951324463
vt 62.612300872802734 3.964359998703003
vt 63.13710021972656 3.964359998703003
vt 63.13710021972656 7.504360198974609
vt 62.612300872802734 3.964359998703003
vt 63.13710021972656 7.504360198974609
vt 62.612300872802734 7.504360198974609
vt 69.78309631347656 7.504360198974609
vt 65.28309631347656 7.504360198974609
vt 65.28309631347656 3.964359998703003
vt 69.78309631347656 7.504360198974609
vt 65.28309631347656 3.964359998703003
vt 69.78309631347656 3.964359998703003
vt 69.78309631347656 8.888059616088867
vt 69.78309631347656 9.505990028381348
vt 65.28309631347656 9.505990028381348
vt 69.78309631347656 8.888059616088867
vt 65.28309631347656 9.505990028381348
vt 65.28309631347656 8.888059616088867
vt 70.95539855957031 8.022970199584961
vt 71.4801025390625 8.022970199584961
vt 71.47969818115234 8.640850067138672
vt 70.95539855957031 8.022970199584961
vt 71.47969818115234 8.640850067138672
vt 70.96289825439453 8.640850067138672
vt 71.4801025390625 7.504360198974609
vt 70.95539855957031 7.504360198974609
vt 70.95539855957031 3.964359998703003
vt 71.4801025390625 7.504360198974609
vt 70.95539855957031 3.964359998703003
vt 71.4801025390625 3.964359998703003
vt 71.4801025390625 3.3870201110839844
vt 70.95539855957031 3.3870201110839844
vt 70.96289825439453 2.7691500186920166
vt 71.4801025390625 3.3870201110839844
vt 70.96289825439453 2.7691500186920166
vt 71.47969818115234 2.7691500186920166
vt 65.28309631347656 2.5210800170898438
vt 65.28309631347656 1.9031599760055542
vt 69.78309631347656 1.9031599760055542
vt 65.28309631347656 2.5210800170898438
vt 69.78309631347656 1.9031599760055542
vt 69.78309631347656 2.5210800170898438
vt 65.28309631347656 -1.001979947090149
vt 65.28309631347656 -1.6266000270843506
vt 69.78309631347656 -1.6266000270843506
vt 65.28309631347656 -1.001979947090149
vt 69.78309631347656 -1.6266000270843506
vt 69.78309631347656 -1.001979947090149
vt 65.28309631347656 -4.394010066986084
vt 65.28309631347656 -5.031010150909424
vt 69.78309631347656 -5.031010150909424
vt 65.28309631347656 -4.394010066986084
vt 69.78309631347656 -5.031010150909424
vt 69.78309631347656 -4.394010066986084
vt 65.28309631347656 -7.509119987487793
vt 65.28309631347656 -8.162449836730957
vt 69.78309631347656 -8.162449836730957
vt 65.28309631347656 -7.509119987487793
vt 69.78309631347656 -8.162449836730957
vt 69.78309631347656 -7.509119987487793
vt 71.47630310058594 -2.1217501163482666
vt 71.02179718017578 -2.1217501163482666
vt 71.07150268554688 -2.7731800079345703
vt 71.47630310058594 -2.1217501163482666
vt 71.07150268554688 -2.7731800079345703
vt 71.47339630126953 -2.7731800079345703
vt 71.47840118408203 -0.3208320140838623
vt 70.98529815673828 -0.3208320140838623
vt 71.02179718017578 -0.9567859768867493
vt 71.47840118408203 -0.3208320140838623
vt 71.02179718017578 -0.9567859768867493
vt 71.47630310058594 -0.9567859768867493
vt 71.47969818115234 1.542490005493164
vt 70.96289825439453 1.542490005493164
vt 70.98529815673828 0.9182779788970947
vt 71.47969818115234 1.542490005493164
vt 70.98529815673828 0.9182779788970947
vt 71.47840118408203 0.9182779788970947
vt 71.35420227050781 6.4410600662231445
vt 70.82389831542969 6.4410600662231445
vt 70.8656005859375 5.818240165710449
vt 71.35420227050781 6.4410600662231445
vt 70.8656005859375 5.818240165710449
vt 71.37169647216797 5.818240165710449
vt 71.34829711914062 5.049590110778809
vt 70.80979919433594 5.049590110778809
vt 70.82389831542969 4.431869983673096
vt 71.34829711914062 5.049590110778809
vt 70.82389831542969 4.431869983673096
vt 71.35420227050781 4.431869983673096
vt 71.34829711914062 7.504360198974609
vt 70.80979919433594 7.504360198974609
vt 70.80979919433594 3.964359998703003
vt 71.34829711914062 7.504360198974609
vt 70.80979919433594 3.964359998703003
vt 71.34829711914062 3.964359998703003
vt 70.80979919433594 6.3633599281311035
vt 71.34829711914062 6.3633599281311035
vt 71.35420227050781 6.981080055236816
vt 70.80979919433594 6.3633599281311035
vt 71.35420227050781 6.981080055236816
vt 70.82389831542969 6.981080055236816
vt 67.24440002441406 4.989649772644043
vt 67.80799865722656 4.989649772644043
vt 67.81829833984375 5.607110023498535
vt 67.24440002441406 4.989649772644043
vt 67.81829833984375 5.607110023498535
vt 67.26329803466797 5.607110023498535
vt 67.80799865722656 7.504360198974609
vt 67.24440002441406 7.504360198974609
vt 67.24440002441406 3.964359998703003
vt 67.80799865722656 7.504360198974609
vt 67.24440002441406 3.964359998703003
vt 67.80799865722656 3.964359998703003
vt 67.80799865722656 6.428110122680664
vt 67.24440002441406 6.428110122680664
vt 67.26329803466797 5.810659885406494
vt 67.80799865722656 6.428110122680664
vt 67.26329803466797 5.810659885406494
vt 67.81829833984375 5.810659885406494
vt 67.81829833984375 10.53339958190918
vt 67.26329803466797 10.53339958190918
vt 67.31929779052734 9.912830352783203
vt 67.81829833984375 10.53339958190918
vt 67.31929779052734 9.912830352783203
vt 67.8488998413086 9.912830352783203
vt 67.8488998413086 14.217599868774414
vt 67.31929779052734 14.217599868774414
vt 67.41079711914062 13.591300010681152
vt 67.8488998413086 14.217599868774414
vt 67.41079711914062 13.591300010681152
vt 67.8989028930664 13.591300010681152
vt 71.37169647216797 7.55511999130249
vt 70.8656005859375 7.55511999130249
vt 70.93379974365234 6.922830104827881
vt 71.37169647216797 7.55511999130249
vt 70.93379974365234 6.922830104827881
vt 71.40019989013672 6.922830104827881
vt 62.00429916381836 19.21579933166504
vt 61.44459915161133 19.21579933166504
vt 61.54859924316406 18.596200942993164
vt 62.00429916381836 19.21579933166504
vt 61.54859924316406 18.596200942993164
vt 62.06449890136719 18.596200942993164
vt 61.967498779296875 13.545900344848633
vt 61.38079833984375 13.545900344848633
vt 61.44459915161133 12.927900314331055
vt 61.967498779296875 13.545900344848633
vt 61.44459915161133 12.927900314331055
vt 62.00429916381836 12.927900314331055
vt 61.955101013183594 7.431869983673096
vt 61.35940170288086 7.431869983673096
vt 61.38079833984375 6.814700126647949
vt 61.955101013183594 7.431869983673096
vt 61.38079833984375 6.814700126647949
vt 61.967498779296875 6.814700126647949
vt 61.955101013183594 7.504360198974609
vt 61.35940170288086 7.504360198974609
vt 61.35940170288086 3.964359998703003
vt 61.955101013183594 7.504360198974609
vt 61.35940170288086 3.964359998703003
vt 61.955101013183594 3.964359998703003
vt 61.35940170288086 3.9912099838256836
vt 61.955101013183594 3.9912099838256836
vt 61.967498779296875 4.60837984085083
vt 61.35940170288086 3.9912099838256836
vt 61.967498779296875 4.60837984085083
vt 61.38079833984375 4.60837984085083
vt 54.18090057373047 3.3227100372314453
vt 54.81100082397461 3.3227100372314453
vt 54.823299407958984 3.939620018005371
vt 54.18090057373047 3.3227100372314453
vt 54.823299407958984 3.939620018005371
vt 54.202701568603516 3.939620018005371
vt 54.81100082397461 7.504360198974609
vt 54.18090057373047 7.504360198974609
vt 54.18090057373047 3.964359998703003
vt 54.81100082397461 7.504360198974609
vt 54.18090057373047 3.964359998703003
vt 54.81100082397461 3.964359998703003
vt 54.81100082397461 8.105199813842773
vt 54.18090057373047 8.105199813842773
vt 54.202701568603516 7.488289833068848
vt 54.81100082397461 8.105199813842773
vt 54.202701568603516 7.488289833068848
vt 54.823299407958984 7.488289833068848
vt 54.823299407958984 15.59220027923584
vt 54.202701568603516 15.59220027923584
vt 54.26750183105469 14.976499557495117
vt 54.823299407958984 15.59220027923584
vt 54.26750183105469 14.976499557495117
vt 54.85969924926758 14.976499557495117
vt 47.06169891357422 8.543129920959473
vt 46.398799896240234 8.543129920959473
vt 46.41910171508789 7.9264302253723145
vt 47.06169891357422 8.543129920959473
vt 46.41910171508789 7.9264302253723145
vt 47.0718994140625 7.9264302253723145
vt 47.06169891357422 7.504360198974609
vt 46.398799896240234 7.504360198974609
vt 46.398799896240234 3.964359998703003
vt 47.06169891357422 7.504360198974609
vt 46.398799896240234 3.964359998703003
vt 47.06169891357422 3.964359998703003
vt 46.398799896240234 2.8886899948120117
vt 47.06169891357422 2.8886899948120117
vt 47.0718994140625 3.505389928817749
vt 46.398799896240234 2.8886899948120117
vt 47.0718994140625 3.505389928817749
vt 46.41910171508789 3.505389928817749
vt 38.373600006103516 2.598939895629883
vt 39.063899993896484 2.598939895629883
vt 39.07059860229492 3.215480089187622
vt 38.373600006103516 2.598939895629883
vt 39.07059860229492 3.215480089187622
vt 38.39070129394531 3.215480089187622
vt 39.063899993896484 7.504360198974609
vt 38.373600006103516 7.504360198974609
vt 38.373600006103516 3.964359998703003
vt 39.063899993896484 7.504360198974609
vt 38.373600006103516 3.964359998703003
vt 39.063899993896484 3.964359998703003
vt 30.23349952697754 2.3866701126098633
vt 30.943599700927734 2.3866701126098633
vt 30.94569969177246 3.003119945526123
vt 30.23349952697754 2.3866701126098633
vt 30.94569969177246 3.003119945526123
vt 30.24650001525879 3.003119945526123
vt 21.965599060058594 2.2083899974823
vt 22.68589973449707 2.2083899974823
vt 22.6830997467041 2.824779987335205
vt 21.965599060058594 2.2083899974823
vt 22.6830997467041 2.824779987335205
vt 21.97369956970215 2.824779987335205
vt 21.97369956970215 -7.872340202331543
vt 22.6830997467041 -7.872340202331543
vt 22.67449951171875 -7.2611799240112305
vt 21.97369956970215 -7.872340202331543
vt 22.67449951171875 -7.2611799240112305
vt 21.997600555419922 -7.2611799240112305
vt 21.997600555419922 -18.055200576782227
vt 22.67449951171875 -18.055200576782227
vt 22.660499572753906 -17.45400047302246
vt 21.997600555419922 -18.055200576782227
vt 22.660499572753906 -17.45400047302246
vt 22.036699295043945 -17.45400047302246
vt 18.11720085144043 -17.976200103759766
vt 18.11720085144043 -18.577600479125977
vt 24.327199935913086 -18.577600479125977
vt 18.11720085144043 -17.976200103759766
vt 24.327199935913086 -18.577600479125977
vt 24.327199935913086 -17.976200103759766
vt 19.684900283813477 -19.0403995513916
vt 19.707700729370117 -19.0403995513916
vt 19.72170066833496 -18.439300537109375
vt 19.684900283813477 -19.0403995513916
vt 19.72170066833496 -18.439300537109375
vt 19.69890022277832 -18.439300537109375
vt 19.69890022277832 -29.61280059814453
vt 19.72170066833496 -29.61280059814453
vt 19.740699768066406 -29.025299072265625
vt 19.69890022277832 -29.61280059814453
vt 19.740699768066406 -29.025299072265625
vt 19.717899322509766 -29.025299072265625
vt 19.717899322509766 -39.98109817504883
vt 19.740699768066406 -39.98109817504883
vt 19.76409912109375 -39.409698486328125
vt 19.717899322509766 -39.98109817504883
vt 19.76409912109375 -39.409698486328125
vt 19.741199493408203 -39.409698486328125
vt 19.741199493408203 -49.79750061035156
vt 19.76409912109375 -49.79750061035156
vt 19.791200637817383 -49.242401123046875
vt 19.741199493408203 -49.79750061035156
vt 19.791200637817383 -49.242401123046875
vt 19.768400192260742 -49.242401123046875
vt 19.768400192260742 -58.5432014465332
vt 19.791200637817383 -58.5432014465332
vt 19.821199417114258 -58.00299835205078
vt 19.768400192260742 -58.5432014465332
vt 19.821199417114258 -58.00299835205078
vt 19.79829978942871 -58.00299835205078
vt 19.79829978942871 -65.56340026855469
vt 19.821199417114258 -65.56340026855469
vt 19.853099822998047 -65.03459930419922
vt 19.79829978942871 -65.56340026855469
vt 19.853099822998047 -65.03459930419922
vt 19.830299377441406 -65.03459930419922
vt 19.830299377441406 -70.19090270996094
vt 19.853099822998047 -70.19090270996094
vt 19.88010025024414 -69.76370239257812
vt 19.830299377441406 -70.19090270996094
vt 19.88010025024414 -69.76370239257812
vt 19.863300323486328 -69.66829681396484
vt 18.11720085144043 -68.27999877929688
vt 18.11720085144043 -68.80370330810547
vt 24.327199935913086 -68.80370330810547
vt 18.11720085144043 -68.27999877929688
vt 24.327199935913086 -68.80370330810547
vt 24.327199935913086 -68.27999877929688
vt 22.40399932861328 -67.51969909667969
vt 22.52910041809082 -67.51969909667969
vt 22.4960994720459 -66.99700164794922
vt 22.314699172973633 -63.003299713134766
vt 22.561100006103516 -63.003299713134766
vt 22.52910041809082 -62.47460174560547
vt 22.314699172973633 -63.003299713134766
vt 22.52910041809082 -62.47460174560547
vt 22.40399932861328 -62.47460174560547
vt 22.230899810791016 -56.19139862060547
vt 22.590999603271484 -56.19139862060547
vt 22.561100006103516 -55.65129852294922
vt 22.230899810791016 -56.19139862060547
vt 22.561100006103516 -55.65129852294922
vt 22.314699172973633 -55.65129852294922
vt 22.155099868774414 -47.72890090942383
vt 22.618099212646484 -47.72890090942383
vt 22.590999603271484 -47.17390060424805
vt 22.155099868774414 -47.72890090942383
vt 22.590999603271484 -47.17390060424805
vt 22.230899810791016 -47.17390060424805
vt 22.08970069885254 -38.24689865112305
vt 22.64150047302246 -38.24689865112305
vt 22.618099212646484 -37.675498962402344
vt 22.08970069885254 -38.24689865112305
vt 22.618099212646484 -37.675498962402344
vt 22.155099868774414 -37.675498962402344
vt 22.036699295043945 -28.244300842285156
vt 22.660499572753906 -28.244300842285156
vt 22.64150047302246 -27.65690040588379
vt 22.036699295043945 -28.244300842285156
vt 22.64150047302246 -27.65690040588379
vt 22.08970069885254 -27.65690040588379
vt 18.11720085144043 -28.37350082397461
vt 18.11720085144043 -28.961299896240234
vt 24.327199935913086 -28.961299896240234
vt 18.11720085144043 -28.37350082397461
vt 24.327199935913086 -28.961299896240234
vt 24.327199935913086 -28.37350082397461
vt 18.11720085144043 -38.56919860839844
vt 18.11720085144043 -39.1411018371582
vt 24.327199935913086 -39.1411018371582
vt 18.11720085144043 -38.56919860839844
vt 24.327199935913086 -39.1411018371582
vt 24.327199935913086 -38.56919860839844
vt 18.11720085144043 -48.219600677490234
vt 18.11720085144043 -48.775299072265625
vt 24.327199935913086 -48.775299072265625
vt 18.11720085144043 -48.219600677490234
vt 24.327199935913086 -48.775299072265625
vt 24.327199935913086 -48.219600677490234
vt 18.11720085144043 -56.81639862060547
vt 18.11720085144043 -57.3572998046875
vt 24.327199935913086 -57.3572998046875
vt 18.11720085144043 -56.81639862060547
vt 24.327199935913086 -57.3572998046875
vt 24.327199935913086 -56.81639862060547
vt 18.11720085144043 -63.71989822387695
vt 18.11720085144043 -64.24960327148438
vt 24.327199935913086 -64.24960327148438
vt 18.11720085144043 -63.71989822387695
vt 24.327199935913086 -64.24960327148438
vt 24.327199935913086 -63.71989822387695
vt 30.347700119018555 -26.904399871826172
vt 30.96269989013672 -26.904399871826172
vt 30.976900100708008 -26.314699172973633
vt 30.347700119018555 -26.904399871826172
vt 30.976900100708008 -26.314699172973633
vt 30.433000564575195 -26.314699172973633
vt 30.284900665283203 -17.132400512695312
vt 30.952199935913086 -17.132400512695312
vt 30.96269989013672 -16.530000686645508
vt 30.284900665283203 -17.132400512695312
vt 30.96269989013672 -16.530000686645508
vt 30.347700119018555 -16.530000686645508
vt 30.24650001525879 -7.332280158996582
vt 30.94569969177246 -7.332280158996582
vt 30.952199935913086 -6.72068977355957
vt 30.24650001525879 -7.332280158996582
vt 30.952199935913086 -6.72068977355957
vt 30.284900665283203 -6.72068977355957
vt 38.39070129394531 -6.685349941253662
vt 39.07059860229492 -6.685349941253662
vt 39.09040069580078 -6.072869777679443
vt 38.39070129394531 -6.685349941253662
vt 39.09040069580078 -6.072869777679443
vt 38.44169998168945 -6.072869777679443
vt 38.44169998168945 -16.00909996032715
vt 39.09040069580078 -16.00909996032715
vt 39.122798919677734 -15.404399871826172
vt 38.44169998168945 -16.00909996032715
vt 39.122798919677734 -15.404399871826172
vt 38.524898529052734 -15.404399871826172
vt 38.524898529052734 -25.23590087890625
vt 39.122798919677734 -25.23590087890625
vt 39.16669845581055 -24.641799926757812
vt 38.524898529052734 -25.23590087890625
vt 39.16669845581055 -24.641799926757812
vt 38.63779830932617 -24.641799926757812
vt 38.63779830932617 -34.15729904174805
vt 39.16669845581055 -34.15729904174805
vt 39.22079849243164 -33.57529830932617
vt 38.63779830932617 -34.15729904174805
vt 39.22079849243164 -33.57529830932617
vt 38.777000427246094 -33.57529830932617
vt 30.433000564575195 -36.45119857788086
vt 30.976900100708008 -36.45119857788086
vt 30.99449920654297 -35.87630081176758
vt 30.433000564575195 -36.45119857788086
vt 30.99449920654297 -35.87630081176758
vt 30.53809928894043 -35.87630081176758
vt 30.53809928894043 -45.450801849365234
vt 30.99449920654297 -45.450801849365234
vt 31.01490020751953 -44.89099884033203
vt 30.53809928894043 -45.450801849365234
vt 31.01490020751953 -44.89099884033203
vt 30.659799575805664 -44.89099884033203
vt 30.659799575805664 -53.44160079956055
vt 31.01490020751953 -53.44160079956055
vt 31.037399291992188 -52.89550018310547
vt 30.659799575805664 -53.44160079956055
vt 31.037399291992188 -52.89550018310547
vt 30.79450035095215 -52.89550018310547
vt 30.79450035095215 -59.85580062866211
vt 31.037399291992188 -59.85580062866211
vt 31.061399459838867 -59.320098876953125
vt 30.79450035095215 -59.85580062866211
vt 31.061399459838867 -59.320098876953125
vt 30.938100814819336 -59.320098876953125
vt 30.938100814819336 -64.12470245361328
vt 31.061399459838867 -64.12470245361328
vt 31.086200714111328 -63.59450149536133
vt 39.306800842285156 -59.47249984741211
vt 39.426700592041016 -59.47249984741211
vt 39.502899169921875 -58.92729949951172
vt 39.11669921875 -55.58530044555664
vt 39.35279846191406 -55.58530044555664
vt 39.426700592041016 -55.03559875488281
vt 39.11669921875 -55.58530044555664
vt 39.426700592041016 -55.03559875488281
vt 39.306800842285156 -55.03559875488281
vt 38.93830108642578 -49.76729965209961
vt 39.28340148925781 -49.76729965209961
vt 39.35279846191406 -49.20920181274414
vt 38.93830108642578 -49.76729965209961
vt 39.35279846191406 -49.20920181274414
vt 39.11669921875 -49.20920181274414
vt 38.777000427246094 -42.46879959106445
vt 39.22079849243164 -42.46879959106445
vt 39.28340148925781 -41.89939880371094
vt 38.777000427246094 -42.46879959106445
vt 39.28340148925781 -41.89939880371094
vt 38.93830108642578 -41.89939880371094
vt 46.875099182128906 -38.45280075073242
vt 47.30120086669922 -38.45280075073242
vt 47.39690017700195 -37.86880111694336
vt 46.875099182128906 -38.45280075073242
vt 47.39690017700195 -37.86880111694336
vt 47.06549835205078 -37.86880111694336
vt 46.71080017089844 -31.04949951171875
vt 47.21860122680664 -31.04949951171875
vt 47.30120086669922 -30.45680046081543
vt 46.71080017089844 -31.04949951171875
vt 47.30120086669922 -30.45680046081543
vt 46.875099182128906 -30.45680046081543
vt 46.57749938964844 -22.966699600219727
vt 47.1515007019043 -22.966699600219727
vt 47.21860122680664 -22.3656005859375
vt 46.57749938964844 -22.966699600219727
vt 47.21860122680664 -22.3656005859375
vt 46.71080017089844 -22.3656005859375
vt 46.47919845581055 -14.478599548339844
vt 47.10210037231445 -14.478599548339844
vt 47.1515007019043 -13.870100021362305
vt 46.47919845581055 -14.478599548339844
vt 47.1515007019043 -13.870100021362305
vt 46.57749938964844 -13.870100021362305
vt 46.41910171508789 -5.803100109100342
vt 47.0718994140625 -5.803100109100342
vt 47.10210037231445 -5.1892499923706055
vt 46.41910171508789 -5.803100109100342
vt 47.10210037231445 -5.1892499923706055
vt 46.47919845581055 -5.1892499923706055
vt 54.202701568603516 -4.489950180053711
vt 54.823299407958984 -4.489950180053711
vt 54.85969924926758 -3.874239921569824
vt 54.202701568603516 -4.489950180053711
vt 54.85969924926758 -3.874239921569824
vt 54.26750183105469 -3.874239921569824
vt 54.26750183105469 -12.230999946594238
vt 54.85969924926758 -12.230999946594238
vt 54.91910171508789 -11.617600440979004
vt 54.26750183105469 -12.230999946594238
vt 54.91910171508789 -11.617600440979004
vt 54.37329864501953 -11.617600440979004
vt 54.37329864501953 -19.69860076904297
vt 54.91910171508789 -19.69860076904297
vt 54.999698638916016 -19.088300704956055
vt 54.37329864501953 -19.69860076904297
vt 54.999698638916016 -19.088300704956055
vt 54.516998291015625 -19.088300704956055
vt 54.516998291015625 -26.67799949645996
vt 54.999698638916016 -26.67799949645996
vt 55.099098205566406 -26.07110023498535
vt 54.516998291015625 -26.67799949645996
vt 55.099098205566406 -26.07110023498535
vt 54.694000244140625 -26.07110023498535
vt 54.694000244140625 -32.94380187988281
vt 55.099098205566406 -32.94380187988281
vt 55.21419906616211 -32.34040069580078
vt 54.694000244140625 -32.94380187988281
vt 55.21419906616211 -32.34040069580078
vt 54.89910125732422 -32.34040069580078
vt 54.89910125732422 -38.27000045776367
vt 55.21419906616211 -38.27000045776367
vt 55.34159851074219 -37.669700622558594
vt 54.89910125732422 -38.27000045776367
vt 55.34159851074219 -37.669700622558594
vt 55.1260986328125 -37.669700622558594
vt 47.06549835205078 -44.854000091552734
vt 47.39690017700195 -44.854000091552734
vt 47.50279998779297 -44.2775993347168
vt 47.06549835205078 -44.854000091552734
vt 47.50279998779297 -44.2775993347168
vt 47.276100158691406 -44.2775993347168
vt 47.276100158691406 -49.910301208496094
vt 47.50279998779297 -49.910301208496094
vt 47.615699768066406 -49.339599609375
vt 47.276100158691406 -49.910301208496094
vt 47.615699768066406 -49.339599609375
vt 47.5005989074707 -49.339599609375
vt 47.5005989074707 -53.310699462890625
vt 47.615699768066406 -53.310699462890625
vt 47.73210144042969 -52.74319839477539
vt 55.36800003051758 -45.29079818725586
vt 55.47740173339844 -45.29079818725586
vt 55.617401123046875 -44.694000244140625
vt 55.1260986328125 -42.444801330566406
vt 55.34159851074219 -42.444801330566406
vt 55.47740173339844 -41.8468017578125
vt 55.1260986328125 -42.444801330566406
vt 55.47740173339844 -41.8468017578125
vt 55.36800003051758 -41.8468017578125
vt 62.28889846801758 -32.7577018737793
vt 62.49259948730469 -32.7577018737793
vt 62.63019943237305 -32.127498626708984
vt 62.28889846801758 -32.7577018737793
vt 62.63019943237305 -32.127498626708984
vt 62.526798248291016 -32.127498626708984
vt 62.06570053100586 -29.529300689697266
vt 62.36360168457031 -29.529300689697266
vt 62.49259948730469 -28.900699615478516
vt 62.06570053100586 -29.529300689697266
vt 62.49259948730469 -28.900699615478516
vt 62.28889846801758 -28.900699615478516
vt 61.86399841308594 -25.410999298095703
vt 62.24689865112305 -25.410999298095703
vt 62.36360168457031 -24.784500122070312
vt 61.86399841308594 -25.410999298095703
vt 62.36360168457031 -24.784500122070312
vt 62.06570053100586 -24.784500122070312
vt 61.68989944458008 -20.502500534057617
vt 62.14619827270508 -20.502500534057617
vt 62.24689865112305 -19.878400802612305
vt 61.68989944458008 -20.502500534057617
vt 62.24689865112305 -19.878400802612305
vt 61.86399841308594 -19.878400802612305
vt 61.54859924316406 -14.933300018310547
vt 62.06449890136719 -14.933300018310547
vt 62.14619827270508 -14.311599731445312
vt 61.54859924316406 -14.933300018310547
vt 62.14619827270508 -14.311599731445312
vt 61.68989944458008 -14.311599731445312
vt 61.44459915161133 -8.864069938659668
vt 62.00429916381836 -8.864069938659668
vt 62.06449890136719 -8.24448013305664
vt 61.44459915161133 -8.864069938659668
vt 62.06449890136719 -8.24448013305664
vt 61.54859924316406 -8.24448013305664
vt 61.38079833984375 -2.4850199222564697
vt 61.967498779296875 -2.4850199222564697
vt 62.00429916381836 -1.8670099973678589
vt 61.38079833984375 -2.4850199222564697
vt 62.00429916381836 -1.8670099973678589
vt 61.44459915161133 -1.8670099973678589
vt 67.26329803466797 0.48254498839378357
vt 67.81829833984375 0.48254498839378357
vt 67.8488998413086 1.1030800342559814
vt 67.26329803466797 0.48254498839378357
vt 67.8488998413086 1.1030800342559814
vt 67.31929779052734 1.1030800342559814
vt 67.31929779052734 -3.976439952850342
vt 67.8488998413086 -3.976439952850342
vt 67.8989028930664 -3.3501598834991455
vt 67.31929779052734 -3.976439952850342
vt 67.8989028930664 -3.3501598834991455
vt 67.41079711914062 -3.3501598834991455
vt 67.41079711914062 -8.201140403747559
vt 67.8989028930664 -8.201140403747559
vt 67.966796875 -7.567200183868408
vt 67.41079711914062 -8.201140403747559
vt 67.966796875 -7.567200183868408
vt 67.53500366210938 -7.567200183868408
vt 67.53500366210938 -12.04740047454834
vt 67.966796875 -12.04740047454834
vt 68.05039978027344 -11.404899597167969
vt 67.53500366210938 -12.04740047454834
vt 68.05039978027344 -11.404899597167969
vt 67.68820190429688 -11.404899597167969
vt 67.68820190429688 -15.417799949645996
vt 68.05039978027344 -15.417799949645996
vt 68.14739990234375 -14.766799926757812
vt 67.68820190429688 -15.417799949645996
vt 68.14739990234375 -14.766799926757812
vt 67.8656005859375 -14.766799926757812
vt 67.8656005859375 -18.25510025024414
vt 68.14739990234375 -18.25510025024414
vt 68.25460052490234 -17.59670066833496
vt 67.8656005859375 -18.25510025024414
vt 68.25460052490234 -17.59670066833496
vt 68.06179809570312 -17.59670066833496
vt 68.06179809570312 -20.53019905090332
vt 68.25460052490234 -20.53019905090332
vt 68.368896484375 -19.86639976501465
vt 68.06179809570312 -20.53019905090332
vt 68.368896484375 -19.86639976501465
vt 68.27100372314453 -19.86639976501465
vt 68.27100372314453 -22.22960090637207
vt 68.368896484375 -22.22960090637207
vt 68.48680114746094 -21.56290054321289
vt 62.526798248291016 -35.023101806640625
vt 62.63019943237305 -35.023101806640625
vt 62.772098541259766 -34.3921012878418
vt 71.57450103759766 -7.033830165863037
vt 71.66799926757812 -7.033830165863037
vt 71.73519897460938 -6.336339950561523
vt 71.418701171875 -5.851830005645752
vt 71.60289764404297 -5.851830005645752
vt 71.66799926757812 -5.1588897705078125
vt 71.418701171875 -5.851830005645752
vt 71.66799926757812 -5.1588897705078125
vt 71.57450103759766 -5.1588897705078125
vt 71.27249908447266 -4.488450050354004
vt 71.54180145263672 -4.488450050354004
vt 71.60289764404297 -3.804150104522705
vt 71.27249908447266 -4.488450050354004
vt 71.60289764404297 -3.804150104522705
vt 71.418701171875 -3.804150104522705
vt 71.1404037475586 -2.9422600269317627
vt 71.48650360107422 -2.9422600269317627
vt 71.54180145263672 -2.2697598934173584
vt 71.1404037475586 -2.9422600269317627
vt 71.54180145263672 -2.2697598934173584
vt 71.27249908447266 -2.2697598934173584
vt 71.02629852294922 -1.2229399681091309
vt 71.43890380859375 -1.2229399681091309
vt 71.48650360107422 -0.5641310214996338
vt 71.02629852294922 -1.2229399681091309
vt 71.48650360107422 -0.5641310214996338
vt 71.1404037475586 -0.5641310214996338
vt 70.93379974365234 0.6399040222167969
vt 71.40019989013672 0.6399040222167969
vt 71.43890380859375 1.2847399711608887
vt 70.93379974365234 0.6399040222167969
vt 71.43890380859375 1.2847399711608887
vt 71.02629852294922 1.2847399711608887
vt 70.8656005859375 2.58870005607605
vt 71.37169647216797 2.58870005607605
vt 71.40019989013672 3.220989942550659
vt 70.8656005859375 2.58870005607605
vt 71.40019989013672 3.220989942550659
vt 70.93379974365234 3.220989942550659
vt 70.82389831542969 4.53449010848999
vt 71.35420227050781 4.53449010848999
vt 71.37169647216797 5.1573100090026855
vt 70.82389831542969 4.53449010848999
vt 71.37169647216797 5.1573100090026855
vt 70.8656005859375 5.1573100090026855
vt 70.96289825439453 9.408510208129883
vt 71.47969818115234 9.408510208129883
vt 71.47840118408203 10.032699584960938
vt 70.96289825439453 9.408510208129883
vt 71.47840118408203 10.032699584960938
vt 70.98529815673828 10.032699584960938
vt 70.98529815673828 10.406299591064453
vt 71.47840118408203 10.406299591064453
vt 71.47630310058594 11.042200088500977
vt 70.98529815673828 10.406299591064453
vt 71.47630310058594 11.042200088500977
vt 71.02179718017578 11.042200088500977
vt 71.02179718017578 11.020700454711914
vt 71.47630310058594 11.020700454711914
vt 71.47339630126953 11.672100067138672
vt 71.02179718017578 11.020700454711914
vt 71.47339630126953 11.672100067138672
vt 71.07150268554688 11.672100067138672
vt 71.07150268554688 11.287300109863281
vt 71.47339630126953 11.287300109863281
vt 71.46990203857422 11.955900192260742
vt 71.07150268554688 11.287300109863281
vt 71.46990203857422 11.955900192260742
vt 71.13259887695312 11.955900192260742
vt 71.13259887695312 11.253299713134766
vt 71.46990203857422 11.253299713134766
vt 71.4657974243164 11.938599586486816
vt 71.13259887695312 11.253299713134766
vt 71.4657974243164 11.938599586486816
vt 71.20349884033203 11.938599586486816
vt 71.20349884033203 10.961199760437012
vt 71.4657974243164 10.961199760437012
vt 71.4613037109375 11.66100025177002
vt 71.20349884033203 10.961199760437012
vt 71.4613037109375 11.66100025177002
vt 71.28189849853516 11.66100025177002
vt 71.28189849853516 10.441499710083008
vt 71.4613037109375 10.441499710083008
vt 71.45649719238281 11.151700019836426
vt 71.28189849853516 10.441499710083008
vt 71.45649719238281 11.151700019836426
vt 71.36540222167969 11.151700019836426
vt 71.36540222167969 9.709039688110352
vt 71.45649719238281 9.709039688110352
vt 71.45159912109375 10.424799919128418
vt 69.78309631347656 18.169700622558594
vt 69.78309631347656 18.890600204467773
vt 65.28309631347656 18.890600204467773
vt 69.78309631347656 18.169700622558594
vt 65.28309631347656 18.890600204467773
vt 65.28309631347656 18.169700622558594
vt 69.78309631347656 24.327199935913086
vt 65.28309631347656 24.327199935913086
vt 65.28309631347656 18.11720085144043
vt 69.78309631347656 24.327199935913086
vt 65.28309631347656 18.11720085144043
vt 69.78309631347656 18.11720085144043
vt -69.78309631347656 -23.43549919128418
vt -69.78309631347656 -23.45840072631836
vt -65.28309631347656 -23.45840072631836
vt -69.78309631347656 -23.43549919128418
vt -65.28309631347656 -23.45840072631836
vt -65.28309631347656 -23.43549919128418
vt 62.63589859008789 25.852800369262695
vt 62.72700119018555 25.852800369262695
vt 62.64080047607422 26.568599700927734
vt 62.631099700927734 26.216400146484375
vt 62.81060028076172 26.216400146484375
vt 62.72700119018555 26.926599502563477
vt 62.631099700927734 26.216400146484375
vt 62.72700119018555 26.926599502563477
vt 62.63589859008789 26.926599502563477
vt 62.6265983581543 25.984399795532227
vt 62.888999938964844 25.984399795532227
vt 62.81060028076172 26.684200286865234
vt 62.6265983581543 25.984399795532227
vt 62.81060028076172 26.684200286865234
vt 62.631099700927734 26.684200286865234
vt 62.622501373291016 25.11680030822754
vt 62.959800720214844 25.11680030822754
vt 62.888999938964844 25.802200317382812
vt 62.622501373291016 25.11680030822754
vt 62.888999938964844 25.802200317382812
vt 62.6265983581543 25.802200317382812
vt 62.61899948120117 23.55419921875
vt 63.020999908447266 23.55419921875
vt 62.959800720214844 24.222900390625
vt 62.61899948120117 23.55419921875
vt 62.959800720214844 24.222900390625
vt 62.622501373291016 24.222900390625
vt 62.6161994934082 21.233299255371094
vt 63.07059860229492 21.233299255371094
vt 63.020999908447266 21.88479995727539
vt 62.6161994934082 21.233299255371094
vt 63.020999908447266 21.88479995727539
vt 62.61899948120117 21.88479995727539
vt 62.61410140991211 18.114299774169922
vt 63.10710144042969 18.114299774169922
vt 63.07059860229492 18.750200271606445
vt 62.61410140991211 18.114299774169922
vt 63.07059860229492 18.750200271606445
vt 62.6161994934082 18.750200271606445
vt 62.61280059814453 14.21780014038086
vt 63.12950134277344 14.21780014038086
vt 63.10710144042969 14.842000007629395
vt 62.61280059814453 14.21780014038086
vt 63.10710144042969 14.842000007629395
vt 62.61410140991211 14.842000007629395
vt 62.612300872802734 9.659079551696777
vt 63.13710021972656 9.659079551696777
vt 63.12950134277344 10.277000427246094
vt 62.612300872802734 9.659079551696777
vt 63.12950134277344 10.277000427246094
vt 62.61280059814453 10.277000427246094
vt 55.334598541259766 10.977100372314453
vt 55.87310028076172 10.977100372314453
vt 55.859100341796875 11.594799995422363
vt 55.334598541259766 10.977100372314453
vt 55.859100341796875 11.594799995422363
vt 55.32870101928711 11.594799995422363
vt 55.32870101928711 18.123300552368164
vt 55.859100341796875 18.123300552368164
vt 55.817298889160156 18.746200561523438
vt 55.32870101928711 18.123300552368164
vt 55.817298889160156 18.746200561523438
vt 55.31129837036133 18.746200561523438
vt 55.31129837036133 24.445100784301758
vt 55.817298889160156 24.445100784301758
vt 55.74919891357422 25.07740020751953
vt 55.31129837036133 24.445100784301758
vt 55.74919891357422 25.07740020751953
vt 55.282798767089844 25.07740020751953
vt 55.282798767089844 29.726200103759766
vt 55.74919891357422 29.726200103759766
vt 55.65660095214844 30.3710994720459
vt 55.282798767089844 29.726200103759766
vt 55.65660095214844 30.3710994720459
vt 55.24409866333008 30.3710994720459
vt 55.24409866333008 33.87419891357422
vt 55.65660095214844 33.87419891357422
vt 55.542598724365234 34.53300094604492
vt 55.24409866333008 33.87419891357422
vt 55.542598724365234 34.53300094604492
vt 55.1963996887207 34.53300094604492
vt 55.1963996887207 36.88880157470703
vt 55.542598724365234 36.88880157470703
vt 55.410400390625 37.56129837036133
vt 55.1963996887207 36.88880157470703
vt 55.410400390625 37.56129837036133
vt 55.14120101928711 37.56129837036133
vt 55.14120101928711 38.8202018737793
vt 55.410400390625 38.8202018737793
vt 55.264198303222656 39.50450134277344
vt 55.14120101928711 38.8202018737793
vt 55.264198303222656 39.50450134277344
vt 55.08000183105469 39.50450134277344
vt 55.08000183105469 39.73059844970703
vt 55.264198303222656 39.73059844970703
vt 55.1083984375 40.423500061035156
vt 55.08000183105469 39.73059844970703
vt 55.1083984375 40.423500061035156
vt 55.01490020751953 40.423500061035156
vt 55.01490020751953 39.67020034790039
vt 55.1083984375 39.67020034790039
vt 54.94770050048828 40.367698669433594
vt 45.212398529052734 50.62229919433594
vt 45.310298919677734 50.62229919433594
vt 45.094600677490234 51.28900146484375
vt 45.326698303222656 50.41299819946289
vt 45.519500732421875 50.41299819946289
vt 45.310298919677734 51.07680130004883
vt 45.326698303222656 50.41299819946289
vt 45.310298919677734 51.07680130004883
vt 45.212398529052734 51.07680130004883
vt 45.433998107910156 48.857200622558594
vt 45.71580123901367 48.857200622558594
vt 45.519500732421875 49.51559829711914
vt 45.433998107910156 48.857200622558594
vt 45.519500732421875 49.51559829711914
vt 45.326698303222656 49.51559829711914
vt 45.53089904785156 45.927398681640625
vt 45.8931999206543 45.927398681640625
vt 45.71580123901367 46.578399658203125
vt 45.53089904785156 45.927398681640625
vt 45.71580123901367 46.578399658203125
vt 45.433998107910156 46.578399658203125
vt 45.614601135253906 41.60609817504883
vt 46.04629898071289 41.60609817504883
vt 45.8931999206543 42.24869918823242
vt 45.614601135253906 41.60609817504883
vt 45.8931999206543 42.24869918823242
vt 45.53089904785156 42.24869918823242
vt 45.68239974975586 35.91080093383789
vt 46.170501708984375 35.91080093383789
vt 46.04629898071289 36.544700622558594
vt 45.68239974975586 35.91080093383789
vt 46.04629898071289 36.544700622558594
vt 45.614601135253906 36.544700622558594
vt 45.732398986816406 28.923200607299805
vt 46.262001037597656 28.923200607299805
vt 46.170501708984375 29.54949951171875
vt 45.732398986816406 28.923200607299805
vt 46.170501708984375 29.54949951171875
vt 45.68239974975586 29.54949951171875
vt 45.76300048828125 20.8174991607666
vt 46.31809997558594 20.8174991607666
vt 46.262001037597656 21.437999725341797
vt 45.76300048828125 20.8174991607666
vt 46.262001037597656 21.437999725341797
vt 45.732398986816406 21.437999725341797
vt 45.773399353027344 11.871500015258789
vt 46.33689880371094 11.871500015258789
vt 46.31809997558594 12.488900184631348
vt 45.773399353027344 11.871500015258789
vt 46.31809997558594 12.488900184631348
vt 45.76300048828125 12.488900184631348
vt 35.174400329589844 12.356100082397461
vt 35.77009963989258 12.356100082397461
vt 35.748600006103516 12.973199844360352
vt 35.174400329589844 12.356100082397461
vt 35.748600006103516 12.973199844360352
vt 35.1619987487793 12.973199844360352
vt 35.1619987487793 22.321500778198242
vt 35.748600006103516 22.321500778198242
vt 35.684898376464844 22.93950080871582
vt 35.1619987487793 22.321500778198242
vt 35.684898376464844 22.93950080871582
vt 35.12519836425781 22.93950080871582
vt 35.12519836425781 31.538299560546875
vt 35.684898376464844 31.538299560546875
vt 35.5807991027832 32.157901763916016
vt 35.12519836425781 31.538299560546875
vt 35.5807991027832 32.157901763916016
vt 35.064998626708984 32.157901763916016
vt 35.064998626708984 39.71329879760742
vt 35.5807991027832 39.71329879760742
vt 35.43960189819336 40.334999084472656
vt 35.064998626708984 39.71329879760742
vt 35.43960189819336 40.334999084472656
vt 34.983299255371094 40.334999084472656
vt 34.983299255371094 46.60599899291992
vt 35.43960189819336 46.60599899291992
vt 35.265499114990234 47.230098724365234
vt 34.983299255371094 46.60599899291992
vt 35.265499114990234 47.230098724365234
vt 34.882598876953125 47.230098724365234
vt 34.882598876953125 52.033599853515625
vt 35.265499114990234 52.033599853515625
vt 35.06380081176758 52.660099029541016
vt 34.882598876953125 52.033599853515625
vt 35.06380081176758 52.660099029541016
vt 34.765899658203125 52.660099029541016
vt 34.765899658203125 55.86869812011719
vt 35.06380081176758 55.86869812011719
vt 34.840599060058594 56.49729919433594
vt 34.765899658203125 55.86869812011719
vt 34.840599060058594 56.49729919433594
vt 34.63690185546875 56.49729919433594
vt 34.63690185546875 58.033199310302734
vt 34.840599060058594 58.033199310302734
vt 34.602699279785156 58.66339874267578
vt 34.63690185546875 58.033199310302734
vt 34.602699279785156 58.66339874267578
vt 34.499298095703125 58.66339874267578
vt 34.499298095703125 58.490299224853516
vt 34.602699279785156 58.490299224853516
vt 34.357398986816406 59.121299743652344
vt 23.776100158691406 63.63399887084961
vt 23.88559913635254 63.63399887084961
vt 23.63610076904297 64.23069763183594
vt 23.91189956665039 62.951900482177734
vt 24.127399444580078 62.951900482177734
vt 23.88559913635254 63.54990005493164
vt 23.91189956665039 62.951900482177734
vt 23.88559913635254 63.54990005493164
vt 23.776100158691406 63.54990005493164
vt 24.0393009185791 60.23970031738281
vt 24.354400634765625 60.23970031738281
vt 24.127399444580078 60.84000015258789
vt 24.0393009185791 60.23970031738281
vt 24.127399444580078 60.84000015258789
vt 23.91189956665039 60.84000015258789
vt 24.154399871826172 55.63399887084961
vt 24.559499740600586 55.63399887084961
vt 24.354400634765625 56.23740005493164
vt 24.154399871826172 55.63399887084961
vt 24.354400634765625 56.23740005493164
vt 24.0393009185791 56.23740005493164
vt 24.253799438476562 49.34120178222656
vt 24.736600875854492 49.34120178222656
vt 24.559499740600586 49.94810104370117
vt 24.253799438476562 49.34120178222656
vt 24.559499740600586 49.94810104370117
vt 24.154399871826172 49.94810104370117
vt 24.334400177001953 41.611900329589844
vt 24.880199432373047 41.611900329589844
vt 24.736600875854492 42.2223014831543
vt 24.334400177001953 41.611900329589844
vt 24.736600875854492 42.2223014831543
vt 24.253799438476562 42.2223014831543
vt 24.393800735473633 32.718299865722656
vt 24.986000061035156 32.718299865722656
vt 24.880199432373047 33.33169937133789
vt 24.393800735473633 32.718299865722656
vt 24.880199432373047 33.33169937133789
vt 24.334400177001953 33.33169937133789
vt 24.430200576782227 22.936800003051758
vt 25.050800323486328 22.936800003051758
vt 24.986000061035156 23.552499771118164
vt 24.430200576782227 22.936800003051758
vt 24.986000061035156 23.552499771118164
vt 24.393800735473633 23.552499771118164
vt 24.4424991607666 12.540599822998047
vt 25.072599411010742 12.540599822998047
vt 25.050800323486328 13.157500267028809
vt 24.4424991607666 12.540599822998047
vt 25.050800323486328 13.157500267028809
vt 24.430200576782227 13.157500267028809
vt 14.053400039672852 12.542699813842773
vt 14.716300010681152 12.542699813842773
vt 14.696100234985352 13.15939998626709
vt 14.053400039672852 12.542699813842773
vt 14.696100234985352 13.15939998626709
vt 14.04319953918457 13.15939998626709
vt 14.04319953918457 22.998699188232422
vt 14.696100234985352 22.998699188232422
vt 14.635899543762207 23.612600326538086
vt 14.04319953918457 22.998699188232422
vt 14.635899543762207 23.612600326538086
vt 14.012999534606934 23.612600326538086
vt 14.012999534606934 32.96849822998047
vt 14.635899543762207 32.96849822998047
vt 14.537699699401855 33.576900482177734
vt 14.012999534606934 32.96849822998047
vt 14.537699699401855 33.576900482177734
vt 13.963600158691406 33.576900482177734
vt 13.963600158691406 42.215999603271484
vt 14.537699699401855 42.215999603271484
vt 14.404399871826172 42.817100524902344
vt 13.963600158691406 42.215999603271484
vt 14.404399871826172 42.817100524902344
vt 13.896599769592285 42.817100524902344
vt 13.896599769592285 50.456600189208984
vt 14.404399871826172 50.456600189208984
vt 14.239999771118164 51.049198150634766
vt 13.896599769592285 50.456600189208984
vt 14.239999771118164 51.049198150634766
vt 13.814000129699707 51.049198150634766
vt 13.814000129699707 57.3577995300293
vt 14.239999771118164 57.3577995300293
vt 14.049699783325195 57.94179916381836
vt 13.814000129699707 57.3577995300293
vt 14.049699783325195 57.94179916381836
vt 13.718199729919434 57.94179916381836
vt 13.718199729919434 62.56010055541992
vt 14.049699783325195 62.56010055541992
vt 13.83899974822998 63.13650131225586
vt 13.718199729919434 62.56010055541992
vt 13.83899974822998 63.13650131225586
vt 13.612299919128418 63.13650131225586
vt 13.612299919128418 65.7240982055664
vt 13.83899974822998 65.7240982055664
vt 13.61460018157959 66.2947006225586
vt 13.612299919128418 65.7240982055664
vt 13.61460018157959 66.2947006225586
vt 13.49940013885498 66.2947006225586
vt 13.49940013885498 66.59559631347656
vt 13.61460018157959 66.59559631347656
vt 13.383000373840332 67.16320037841797
vt 3.81099009513855 67.86180114746094
vt 3.9308700561523438 67.86180114746094
vt 3.734760046005249 68.40699768066406
vt 3.8849101066589355 66.85379791259766
vt 4.121029853820801 66.85379791259766
vt 3.9308700561523438 67.40350341796875
vt 3.8849101066589355 66.85379791259766
vt 3.9308700561523438 67.40350341796875
vt 3.81099009513855 67.40350341796875
vt 3.9542601108551025 63.368099212646484
vt 4.299439907073975 63.368099212646484
vt 4.121029853820801 63.926300048828125
vt 3.9542601108551025 63.368099212646484
vt 4.121029853820801 63.926300048828125
vt 3.8849101066589355 63.926300048828125
vt 4.016940116882324 57.76959991455078
vt 4.460700035095215 57.76959991455078
vt 4.299439907073975 58.3390007019043
vt 4.016940116882324 57.76959991455078
vt 4.299439907073975 58.3390007019043
vt 3.9542601108551025 58.3390007019043
vt 4.07105016708374 50.510101318359375
vt 4.599899768829346 50.510101318359375
vt 4.460700035095215 51.092098236083984
vt 4.07105016708374 50.510101318359375
vt 4.460700035095215 51.092098236083984
vt 4.016940116882324 51.092098236083984
vt 4.114950180053711 42.02730178833008
vt 4.712820053100586 42.02730178833008
vt 4.599899768829346 42.62139892578125
vt 4.114950180053711 42.02730178833008
vt 4.599899768829346 42.62139892578125
vt 4.07105016708374 42.62139892578125
vt 4.147290229797363 32.68539810180664
vt 4.796020030975342 32.68539810180664
vt 4.712820053100586 33.290199279785156
vt 4.147290229797363 32.68539810180664
vt 4.712820053100586 33.290199279785156
vt 4.114950180053711 33.290199279785156
vt 4.167089939117432 22.760000228881836
vt 4.846970081329346 22.760000228881836
vt 4.796020030975342 23.372400283813477
vt 4.167089939117432 22.760000228881836
vt 4.796020030975342 23.372400283813477
vt 4.147290229797363 23.372400283813477
vt 4.173759937286377 12.449000358581543
vt 4.864130020141602 12.449000358581543
vt 4.846970081329346 13.065600395202637
vt 4.173759937286377 12.449000358581543
vt 4.846970081329346 13.065600395202637
vt 4.167089939117432 13.065600395202637
vt -5.199100017547607 12.31149959564209
vt -4.489019870758057 12.31149959564209
vt -4.501969814300537 12.928000450134277
vt -5.199100017547607 12.31149959564209
vt -4.501969814300537 12.928000450134277
vt -5.201260089874268 12.928000450134277
vt -5.201260089874268 22.374900817871094
vt -4.501969814300537 22.374900817871094
vt -4.540440082550049 22.986499786376953
vt -5.201260089874268 22.374900817871094
vt -4.540440082550049 22.986499786376953
vt -5.207699775695801 22.986499786376953
vt -5.207699775695801 32.119598388671875
vt -4.540440082550049 32.119598388671875
vt -4.603260040283203 32.72200012207031
vt -5.207699775695801 32.119598388671875
vt -4.603260040283203 32.72200012207031
vt -5.218200206756592 32.72200012207031
vt -5.218200206756592 41.37699890136719
vt -4.603260040283203 41.37699890136719
vt -4.688509941101074 41.96670150756836
vt -5.218200206756592 41.37699890136719
vt -4.688509941101074 41.96670150756836
vt -5.232460021972656 41.96670150756836
vt -5.232460021972656 49.88639831542969
vt -4.688509941101074 49.88639831542969
vt -4.793600082397461 50.461299896240234
vt -5.232460021972656 49.88639831542969
vt -4.793600082397461 50.461299896240234
vt -5.250030040740967 50.461299896240234
vt -5.250030040740967 57.27280044555664
vt -4.793600082397461 57.27280044555664
vt -4.915359973907471 57.83259963989258
vt -5.250030040740967 57.27280044555664
vt -4.915359973907471 57.83259963989258
vt -5.270390033721924 57.83259963989258
vt -5.270390033721924 63.0546989440918
vt -4.915359973907471 63.0546989440918
vt -5.050059795379639 63.600799560546875
vt -5.270390033721924 63.0546989440918
vt -5.050059795379639 63.600799560546875
vt -5.292920112609863 63.600799560546875
vt -5.292920112609863 66.70590209960938
vt -5.050059795379639 66.70590209960938
vt -5.193630218505859 67.2416000366211
vt -5.292920112609863 66.70590209960938
vt -5.193630218505859 67.2416000366211
vt -5.316929817199707 67.2416000366211
vt -5.316929817199707 67.78130340576172
vt -5.193630218505859 67.78130340576172
vt -5.3416900634765625 68.3115005493164
vt -13.983400344848633 66.5604019165039
vt -13.85830020904541 66.5604019165039
vt -13.950400352478027 67.08309936523438
vt -14.015299797058105 65.49749755859375
vt -13.769000053405762 65.49749755859375
vt -13.85830020904541 66.02629852294922
vt -14.015299797058105 65.49749755859375
vt -13.85830020904541 66.02629852294922
vt -13.983400344848633 66.02629852294922
vt -14.045299530029297 61.85139846801758
vt -13.685199737548828 61.85139846801758
vt -13.769000053405762 62.39149856567383
vt -14.045299530029297 61.85139846801758
vt -13.769000053405762 62.39149856567383
vt -14.015299797058105 62.39149856567383
vt -14.072400093078613 56.10070037841797
vt -13.609399795532227 56.10070037841797
vt -13.685199737548828 56.65570068359375
vt -14.072400093078613 56.10070037841797
vt -13.685199737548828 56.65570068359375
vt -14.045299530029297 56.65570068359375
vt -14.095800399780273 48.799598693847656
vt -13.543999671936035 48.799598693847656
vt -13.609399795532227 49.37099838256836
vt -14.095800399780273 48.799598693847656
vt -13.609399795532227 49.37099838256836
vt -14.072400093078613 49.37099838256836
vt -14.114800453186035 40.44169998168945
vt -13.491000175476074 40.44169998168945
vt -13.543999671936035 41.02920150756836
vt -14.114800453186035 40.44169998168945
vt -13.543999671936035 41.02920150756836
vt -14.095800399780273 41.02920150756836
vt -14.128800392150879 31.39900016784668
vt -13.451899528503418 31.39900016784668
vt -13.491000175476074 32.00019836425781
vt -14.128800392150879 31.39900016784668
vt -13.491000175476074 32.00019836425781
vt -14.114800453186035 32.00019836425781
vt -14.137299537658691 21.919700622558594
vt -13.427900314331055 21.919700622558594
vt -13.451899528503418 22.530799865722656
vt -14.137299537658691 21.919700622558594
vt -13.451899528503418 22.530799865722656
vt -14.128800392150879 22.530799865722656
vt -14.140199661254883 12.15530014038086
vt -13.419899940490723 12.15530014038086
vt -13.427900314331055 12.771699905395508
vt -14.140199661254883 12.15530014038086
vt -13.427900314331055 12.771699905395508
vt -14.137299537658691 12.771699905395508
vt 69.78309631347656 11.945899963378906
vt 69.78309631347656 12.570599555969238
vt 65.28309631347656 12.570599555969238
vt 69.78309631347656 11.945899963378906
vt 65.28309631347656 12.570599555969238
vt 65.28309631347656 11.945899963378906
vt 69.78309631347656 14.462800025939941
vt 69.78309631347656 15.099800109863281
vt 65.28309631347656 15.099800109863281
vt 69.78309631347656 14.462800025939941
vt 65.28309631347656 15.099800109863281
vt 65.28309631347656 14.462800025939941
vt 69.78309631347656 16.382400512695312
vt 69.78309631347656 17.03569984436035
vt 65.28309631347656 17.03569984436035
vt 69.78309631347656 16.382400512695312
vt 65.28309631347656 17.03569984436035
vt 65.28309631347656 16.382400512695312
vt 69.78309631347656 17.715099334716797
vt 69.78309631347656 18.38640022277832
vt 65.28309631347656 18.38640022277832
vt 69.78309631347656 17.715099334716797
vt 65.28309631347656 18.38640022277832
vt 65.28309631347656 17.715099334716797
vt 69.78309631347656 18.508899688720703
vt 69.78309631347656 19.197900772094727
vt 65.28309631347656 19.197900772094727
vt 69.78309631347656 18.508899688720703
vt 65.28309631347656 19.197900772094727
vt 65.28309631347656 18.508899688720703
vt 69.78309631347656 18.820899963378906
vt 69.78309631347656 19.524999618530273
vt 65.28309631347656 19.524999618530273
vt 69.78309631347656 18.820899963378906
vt 65.28309631347656 19.524999618530273
vt 65.28309631347656 18.820899963378906
vt 69.78309631347656 18.698299407958984
vt 69.78309631347656 19.413400650024414
vt 65.28309631347656 19.413400650024414
vt 69.78309631347656 18.698299407958984
vt 65.28309631347656 19.413400650024414
vt 65.28309631347656 18.698299407958984
vt -18.11720085144043 -1.2681100368499756
vt -18.11720085144043 -0.6517059803009033
vt -24.327199935913086 -0.6517059803009033
vt -18.11720085144043 -1.2681100368499756
vt -24.327199935913086 -0.6517059803009033
vt -24.327199935913086 -1.2681100368499756
vt -18.11720085144043 -11.146699905395508
vt -18.11720085144043 -10.535499572753906
vt -24.327199935913086 -10.535499572753906
vt -18.11720085144043 -11.146699905395508
vt -24.327199935913086 -10.535499572753906
vt -24.327199935913086 -11.146699905395508
vt -18.11720085144043 -20.99720001220703
vt -18.11720085144043 -20.39590072631836
vt -24.327199935913086 -20.39590072631836
vt -18.11720085144043 -20.99720001220703
vt -24.327199935913086 -20.39590072631836
vt -24.327199935913086 -20.99720001220703
vt -18.11720085144043 -30.689699172973633
vt -18.11720085144043 -30.101900100708008
vt -24.327199935913086 -30.101900100708008
vt -18.11720085144043 -30.689699172973633
vt -24.327199935913086 -30.101900100708008
vt -24.327199935913086 -30.689699172973633
vt 63.50189971923828 0
vt 58.803001403808594 0
vt 58.803001403808594 -1.271649956703186
vt 63.50189971923828 0
vt 58.803001403808594 -1.271649956703186
vt 63.50189971923828 -1.271649956703186
vt 46.73569869995117 0
vt 42.03670120239258 0
vt 42.03670120239258 -1.271649956703186
vt 46.73569869995117 0
vt 42.03670120239258 -1.271649956703186
vt 46.73569869995117 -1.271649956703186
vt 26.944499969482422 0
vt 22.2455997467041 0
vt 22.2455997467041 -1.271649956703186
vt 26.944499969482422 0
vt 22.2455997467041 -1.271649956703186
vt 26.944499969482422 -1.271649956703186
vt 5.4773101806640625 0
vt 0.7783669829368591 0
vt 0.7783669829368591 -1.271649956703186
vt 5.4773101806640625 0
vt 0.7783669829368591 -1.271649956703186
vt 5.4773101806640625 -1.271649956703186
vt -16.203100204467773 -9.137750142123213e-16
vt -19.327199935913086 -1.801949939901539e-15
vt -19.327199935913086 -1.271649956703186
vt -16.203100204467773 -9.137750142123213e-16
vt -19.327199935913086 -1.271649956703186
vt -16.203100204467773 -1.271649956703186
vt -19.08930015563965 21.588699340820312
vt -19.327199935913086 9.453410148620605
vt -16.203100204467773 9.453410148620605
vt -19.08930015563965 21.588699340820312
vt -16.203100204467773 9.453410148620605
vt -15.965100288391113 21.588699340820312
vt 63.36000061035156 -1.271649956703186
vt 63.47809982299805 -1.271649956703186
vt 63.47809982299805 -8.881779961836516e-16
vt 63.36000061035156 -1.271649956703186
vt 63.47809982299805 -8.881779961836516e-16
vt 63.36000061035156 -8.881779961836516e-16
vt -19.72089958190918 -1.271649956703186
vt -19.327199935913086 -1.271649956703186
vt -19.327199935913086 -8.881779961836516e-16
vt -19.72089958190918 -1.271649956703186
vt -19.327199935913086 -8.881779961836516e-16
vt -19.72089958190918 -8.881779961836516e-16
vt 76.10079956054688 0
vt 71.40180206298828 0
vt 71.40180206298828 -1.271649956703186
vt 76.10079956054688 0
vt 71.40180206298828 -1.271649956703186
vt 76.10079956054688 -1.271649956703186
vt 76.10079956054688 16.438499450683594
vt 74.3593978881836 33.43470001220703
vt 73.1218032836914 33.22529983520508
vt 76.10079956054688 16.438499450683594
vt 73.1218032836914 33.22529983520508
vt 71.40180206298828 16.438499450683594
vt 83.67359924316406 0
vt 78.97460174560547 0
vt 78.97460174560547 -1.271649956703186
vt 83.67359924316406 0
vt 78.97460174560547 -1.271649956703186
vt 83.67359924316406 -1.271649956703186
vt 85.70429992675781 0
vt 81.00530242919922 0
vt 81.00530242919922 -1.271649956703186
vt 85.70429992675781 0
vt 81.00530242919922 -1.271649956703186
vt 85.70429992675781 -1.271649956703186
vt 82.05449676513672 0
vt 77.35549926757812 0
vt 77.35549926757812 -1.271649956703186
vt 82.05449676513672 0
vt 77.35549926757812 -1.271649956703186
vt 82.05449676513672 -1.271649956703186
vt 72.972900390625 0
vt 68.27400207519531 0
vt 68.27400207519531 -1.271649956703186
vt 72.972900390625 0
vt 68.27400207519531 -1.271649956703186
vt 72.972900390625 -1.271649956703186
vt 59.07849884033203 0
vt 54.379600524902344 0
vt 54.379600524902344 -1.271649956703186
vt 59.07849884033203 0
vt 54.379600524902344 -1.271649956703186
vt 59.07849884033203 -1.271649956703186
vt 41.31809997558594 0
vt 36.61909866333008 0
vt 36.61909866333008 -1.271649956703186
vt 41.31809997558594 0
vt 36.61909866333008 -1.271649956703186
vt 41.31809997558594 -1.271649956703186
vt -2.736259937286377 -59.64929962158203
vt -3.5194199085235596 -59.64929962158203
vt -5.4773101806640625 -78.75859832763672
vt -2.736259937286377 -59.64929962158203
vt -5.4773101806640625 -78.75859832763672
vt -0.7783669829368591 -78.75859832763672
vt -0.7783669829368591 0
vt -5.4773101806640625 0
vt -5.4773101806640625 -1.271649956703186
vt -0.7783669829368591 0
vt -5.4773101806640625 -1.271649956703186
vt -0.7783669829368591 -1.271649956703186
vt -22.2455997467041 0
vt -26.944499969482422 0
vt -26.944499969482422 -1.271649956703186
vt -22.2455997467041 0
vt -26.944499969482422 -1.271649956703186
vt -22.2455997467041 -1.271649956703186
vt -42.03670120239258 0
vt -46.73569869995117 0
vt -46.73569869995117 -1.271649956703186
vt -42.03670120239258 0
vt -46.73569869995117 -1.271649956703186
vt -42.03670120239258 -1.271649956703186
vt -42.03670120239258 -68.85060119628906
vt -43.994598388671875 -49.74129867553711
vt -44.777801513671875 -49.74129867553711
vt -42.03670120239258 -68.85060119628906
vt -44.777801513671875 -49.74129867553711
vt -46.73569869995117 -68.85060119628906
vt -60.76089859008789 -38.928001403808594
vt -61.54399871826172 -38.928001403808594
vt -63.50189971923828 -58.03739929199219
vt -60.76089859008789 -38.928001403808594
vt -63.50189971923828 -58.03739929199219
vt -58.803001403808594 -58.03739929199219
vt -58.803001403808594 0
vt -63.50189971923828 0
vt -63.50189971923828 -1.271649956703186
vt -58.803001403808594 0
vt -63.50189971923828 -1.271649956703186
vt -58.803001403808594 -1.271649956703186
vt -71.40180206298828 0
vt -76.10079956054688 0
vt -76.10079956054688 -1.271649956703186
vt -71.40180206298828 0
vt -76.10079956054688 -1.271649956703186
vt -71.40180206298828 -1.271649956703186
vt -71.40180206298828 -44.21549987792969
vt -73.14320373535156 -27.21929931640625
vt -74.14289855957031 -25.10610008239746
vt -71.40180206298828 -44.21549987792969
vt -74.14289855957031 -25.10610008239746
vt -76.10079956054688 -44.21549987792969
vt -78.97460174560547 -28.326900482177734
vt -80.6946029663086 -11.54010009765625
vt -81.93219757080078 -11.330699920654297
vt -78.97460174560547 -28.326900482177734
vt -81.93219757080078 -11.330699920654297
vt -83.67359924316406 -28.326900482177734
vt -81.00530242919922 -11.454299926757812
vt -82.65260314941406 4.623730182647705
vt -83.98429870605469 5.332520008087158
vt -81.00530242919922 -11.454299926757812
vt -83.98429870605469 5.332520008087158
vt -85.70429992675781 -11.454299926757812
vt -77.35549926757812 5.252399921417236
vt -78.84500122070312 19.790199279785156
vt -80.4072036743164 21.330400466918945
vt -77.35549926757812 5.252399921417236
vt -80.4072036743164 21.330400466918945
vt -82.05449676513672 5.252399921417236
vt -68.27400207519531 20.654699325561523
vt -69.40730285644531 31.71579933166504
vt -71.4833984375 35.192501068115234
vt -68.27400207519531 20.654699325561523
vt -71.4833984375 35.192501068115234
vt -72.972900390625 20.654699325561523
vt -59.07849884033203 33.70289993286133
vt -54.379600524902344 33.70289993286133
vt -54.45399856567383 33.93389892578125
vt -59.07849884033203 33.70289993286133
vt -54.45399856567383 33.93389892578125
vt -57.9452018737793 44.763999938964844
vt -54.379600524902344 0
vt -59.07849884033203 0
vt -59.07849884033203 -1.271649956703186
vt -54.379600524902344 0
vt -59.07849884033203 -1.271649956703186
vt -54.379600524902344 -1.271649956703186
vt -68.27400207519531 0
vt -72.972900390625 0
vt -72.972900390625 -1.271649956703186
vt -68.27400207519531 0
vt -72.972900390625 -1.271649956703186
vt -68.27400207519531 -1.271649956703186
vt -77.35549926757812 0
vt -82.05449676513672 0
vt -82.05449676513672 -1.271649956703186
vt -77.35549926757812 0
vt -82.05449676513672 -1.271649956703186
vt -77.35549926757812 -1.271649956703186
vt -81.00530242919922 0
vt -85.70429992675781 0
vt -85.70429992675781 -1.271649956703186
vt -81.00530242919922 0
vt -85.70429992675781 -1.271649956703186
vt -81.00530242919922 -1.271649956703186
vt -78.97460174560547 0
vt -83.67359924316406 0
vt -83.67359924316406 -1.271649956703186
vt -78.97460174560547 0
vt -83.67359924316406 -1.271649956703186
vt -78.97460174560547 -1.271649956703186
vt -41.31809997558594 -1.271649956703186
vt -38.25299835205078 -1.271649956703186
vt -38.25299835205078 -8.366020012066596e-16
vt -41.31809997558594 -1.271649956703186
vt -38.25299835205078 -8.366020012066596e-16
vt -41.31809997558594 4.956649930688178e-16
vt -55.90530014038086 -1.271649956703186
vt -55.787200927734375 -1.271649956703186
vt -55.787200927734375 -1.3322699588907928e-15
vt -55.90530014038086 -1.271649956703186
vt -55.787200927734375 -1.3322699588907928e-15
vt -55.90530014038086 -1.3322699588907928e-15
vt -60.30289840698242 30.644100189208984
vt -60.41999816894531 30.628599166870117
vt -60.36859893798828 30.238300323486328
vt -60.30289840698242 30.644100189208984
vt -60.36859893798828 30.238300323486328
vt -60.25149917602539 30.253700256347656
vt -37.85929870605469 -1.3322699588907928e-15
vt -38.25299835205078 -1.3322699588907928e-15
vt -38.25299835205078 -1.271649956703186
vt -37.85929870605469 -1.3322699588907928e-15
vt -38.25299835205078 -1.271649956703186
vt -37.85929870605469 -1.271649956703186
vt 60.41999816894531 30.628599166870117
vt 60.30289840698242 30.644100189208984
vt 60.25149917602539 30.253700256347656
vt 60.41999816894531 30.628599166870117
vt 60.25149917602539 30.253700256347656
vt 60.36859893798828 30.238300323486328
vt -55.787200927734375 0.7583109736442566
vt -57.594398498535156 12.760700225830078
vt -57.712501525878906 12.760700225830078
vt -55.787200927734375 0.7583109736442566
vt -57.712501525878906 12.760700225830078
vt -55.90530014038086 0.7583109736442566
vt -37.85929870605469 8.308039665222168
vt -38.097198486328125 20.44339942932129
vt -38.49089813232422 20.44339942932129
vt -37.85929870605469 8.308039665222168
vt -38.49089813232422 20.44339942932129
vt -38.25299835205078 8.308039665222168
vt 57.319400787353516 12.802399635314941
vt 55.51390075683594 0.7997519969940186
vt 57.431400299072266 12.802399635314941
vt 55.90530014038086 0.7479709982872009
vt 57.70640182495117 12.750300407409668
vt 55.787200927734375 0.7479709982872009
vt 55.787200927734375 -1.271649956703186
vt 55.90530014038086 -1.271649956703186
vt 55.90530014038086 -1.3322699588907928e-15
vt 55.787200927734375 -1.271649956703186
vt 55.90530014038086 -1.3322699588907928e-15
vt 55.787200927734375 -1.3322699588907928e-15
vt -36.61909866333008 1.8986300422731286e-16
vt -37.85929870605469 -1.1424000063463345e-15
vt -37.85929870605469 -1.271649956703186
vt -36.61909866333008 1.8986300422731286e-16
vt -37.85929870605469 -1.271649956703186
vt -36.61909866333008 -1.271649956703186
vt -20.902000427246094 -1.271649956703186
vt -19.72089958190918 -1.271649956703186
vt -19.72089958190918 -7.444579984956334e-16
vt -20.902000427246094 -1.271649956703186
vt -19.72089958190918 -7.444579984956334e-16
vt -20.902000427246094 1.4372100353964305e-16
vt -38.25299835205078 -1.271649956703186
vt -37.85929870605469 -1.271649956703186
vt -37.85929870605469 -1.3322699588907928e-15
vt -38.25299835205078 -1.271649956703186
vt -37.85929870605469 -1.3322699588907928e-15
vt -38.25299835205078 -1.3322699588907928e-15
vt -38.097198486328125 49.21070098876953
vt -38.097198486328125 49.37770080566406
vt -38.49089813232422 49.37770080566406
vt -38.097198486328125 49.21070098876953
vt -38.49089813232422 49.37770080566406
vt -38.49089813232422 49.21070098876953
vt 66.7760009765625 27.878700256347656
vt 66.46530151367188 27.837799072265625
vt 62.183799743652344 27.837799072265625
vt 66.7760009765625 27.878700256347656
vt 62.183799743652344 27.837799072265625
vt 62.235198974609375 27.447399139404297
vt 66.7760009765625 27.878700256347656
vt 62.235198974609375 27.447399139404297
vt 66.46530151367188 27.447399139404297
vt 66.7760009765625 27.878700256347656
vt 66.46530151367188 27.447399139404297
vt 66.87699890136719 27.50160026550293
vt 66.7760009765625 27.878700256347656
vt 66.87699890136719 27.50160026550293
vt 67.2605972290039 27.660499572753906
vt 66.7760009765625 27.878700256347656
vt 67.2605972290039 27.660499572753906
vt 67.4916000366211 27.837799072265625
vt 66.7760009765625 27.878700256347656
vt 67.4916000366211 27.837799072265625
vt 67.58999633789062 27.913299560546875
vt 66.7760009765625 27.878700256347656
vt 67.58999633789062 27.913299560546875
vt 67.8427963256836 28.242700576782227
vt 66.7760009765625 27.878700256347656
vt 67.8427963256836 28.242700576782227
vt 68.00170135498047 28.626300811767578
vt 66.7760009765625 27.878700256347656
vt 68.00170135498047 28.626300811767578
vt 68.05590057373047 29.038000106811523
vt 66.7760009765625 27.878700256347656
vt 68.05590057373047 29.038000106811523
vt 68.00170135498047 29.44969940185547
vt 66.7760009765625 27.878700256347656
vt 68.00170135498047 29.44969940185547
vt 67.8427963256836 29.83329963684082
vt 66.7760009765625 27.878700256347656
vt 67.8427963256836 29.83329963684082
vt 67.58999633789062 30.162799835205078
vt 66.7760009765625 27.878700256347656
vt 67.58999633789062 30.162799835205078
vt 67.4916000366211 30.238300323486328
vt 66.7760009765625 27.878700256347656
vt 67.4916000366211 30.238300323486328
vt 67.2605972290039 30.41550064086914
vt 66.7760009765625 27.878700256347656
vt 67.2605972290039 30.41550064086914
vt 66.87699890136719 30.574399948120117
vt 66.7760009765625 27.878700256347656
vt 66.87699890136719 30.574399948120117
vt 66.46530151367188 30.628599166870117
vt 66.7760009765625 27.878700256347656
vt 66.46530151367188 30.628599166870117
vt 62.24290084838867 30.628599166870117
vt 66.7760009765625 27.878700256347656
vt 62.24290084838867 30.628599166870117
vt 62.19150161743164 30.238300323486328
vt 66.7760009765625 27.878700256347656
vt 62.19150161743164 30.238300323486328
vt 66.46530151367188 30.238300323486328
vt 66.7760009765625 27.878700256347656
vt 66.46530151367188 30.238300323486328
vt 66.7760009765625 30.197399139404297
vt 66.7760009765625 27.878700256347656
vt 66.7760009765625 30.197399139404297
vt 67.06539916992188 30.077499389648438
vt 66.7760009765625 27.878700256347656
vt 67.06539916992188 30.077499389648438
vt 67.31400299072266 29.88680076599121
vt 66.7760009765625 27.878700256347656
vt 67.31400299072266 29.88680076599121
vt 67.50479888916016 29.638200759887695
vt 66.7760009765625 27.878700256347656
vt 67.50479888916016 29.638200759887695
vt 67.62470245361328 29.34869956970215
vt 66.7760009765625 27.878700256347656
vt 67.62470245361328 29.34869956970215
vt 67.66560363769531 29.038000106811523
vt 66.7760009765625 27.878700256347656
vt 67.66560363769531 29.038000106811523
vt 67.62470245361328 28.727399826049805
vt 66.7760009765625 27.878700256347656
vt 67.62470245361328 28.727399826049805
vt 67.50479888916016 28.43790054321289
vt 66.7760009765625 27.878700256347656
vt 67.50479888916016 28.43790054321289
vt 67.31400299072266 28.189300537109375
vt 66.7760009765625 27.878700256347656
vt 67.31400299072266 28.189300537109375
vt 67.06539916992188 27.998600006103516
vt 62.235198974609375 12
vt 66.46530151367188 12
vt 66.46530151367188 12.1181001663208
vt 62.235198974609375 12
vt 66.46530151367188 12.1181001663208
vt 62.235198974609375 12.1181001663208
vt 69.47930145263672 12
vt 69.89450073242188 12
vt 69.89450073242188 12.1181001663208
vt 69.47930145263672 12
vt 69.89450073242188 12.1181001663208
vt 69.47930145263672 12.1181001663208
vt 72.31069946289062 12
vt 72.72589874267578 12
vt 72.72589874267578 12.1181001663208
vt 72.31069946289062 12
vt 72.72589874267578 12.1181001663208
vt 72.31069946289062 12.1181001663208
vt 70.20010375976562 12
vt 70.49120330810547 12
vt 70.49120330810547 12.1181001663208
vt 70.20010375976562 12
vt 70.49120330810547 12.1181001663208
vt 70.20010375976562 12.1181001663208
vt 70.49120330810547 12
vt 70.61530303955078 12
vt 70.61530303955078 12.1181001663208
vt 70.49120330810547 12
vt 70.61530303955078 12.1181001663208
vt 70.49120330810547 12.1181001663208
vt 63.29130172729492 12
vt 63.70650100708008 12
vt 63.70650100708008 12.1181001663208
vt 63.29130172729492 12
vt 63.70650100708008 12.1181001663208
vt 63.29130172729492 12.1181001663208
vt 52.055198669433594 12
vt 52.470401763916016 12
vt 52.470401763916016 12.1181001663208
vt 52.055198669433594 12
vt 52.470401763916016 12.1181001663208
vt 52.055198669433594 12.1181001663208
vt 37.25749969482422 12
vt 37.672698974609375 12
vt 37.672698974609375 12.1181001663208
vt 37.25749969482422 12
vt 37.672698974609375 12.1181001663208
vt 37.25749969482422 12.1181001663208
vt 19.9064998626709 12
vt 20.321800231933594 12
vt 20.321800231933594 12.1181001663208
vt 19.9064998626709 12
vt 20.321800231933594 12.1181001663208
vt 19.9064998626709 12.1181001663208
vt 1.1848599910736084 12
vt 1.6000900268554688 12
vt 1.6000900268554688 12.1181001663208
vt 1.1848599910736084 12
vt 1.6000900268554688 12.1181001663208
vt 1.1848599910736084 12.1181001663208
vt -17.63170051574707 12
vt -17.21649932861328 12
vt -17.21649932861328 12.1181001663208
vt -17.63170051574707 12
vt -17.21649932861328 12.1181001663208
vt -17.63170051574707 12.1181001663208
vt -35.26089859008789 12
vt -35.13679885864258 12
vt -35.13679885864258 12.1181001663208
vt -35.26089859008789 12
vt -35.13679885864258 12.1181001663208
vt -35.26089859008789 12.1181001663208
vt -35.13679885864258 12
vt -34.84560012817383 12
vt -34.84560012817383 12.1181001663208
vt -35.13679885864258 12
vt -34.84560012817383 12.1181001663208
vt -35.13679885864258 12.1181001663208
vt -50.50120162963867 12
vt -50.085899353027344 12
vt -50.085899353027344 12.1181001663208
vt -50.50120162963867 12
vt -50.085899353027344 12.1181001663208
vt -50.50120162963867 12.1181001663208
vt -62.3140983581543 12
vt -61.898799896240234 12
vt -61.898799896240234 12.1181001663208
vt -62.3140983581543 12
vt -61.898799896240234 12.1181001663208
vt -62.3140983581543 12.1181001663208
vt -57.594398498535156 12
vt -57.712501525878906 12.1181001663208
vt -57.712501525878906 12
vt -38.25299835205078 8.325630187988281
vt -38.49089813232422 20.461000442504883
vt -41.555999755859375 20.461000442504883
vt -38.25299835205078 8.325630187988281
vt -41.555999755859375 20.461000442504883
vt -41.31809997558594 8.325630187988281
vt -60.820098876953125 0
vt -62.64289855957031 12
vt -61.01470184326172 0.14505800604820251
vt -70.13760375976562 6.946010112762451
vt -61.01470184326172 0.14505800604820251
vt -62.64289855957031 12
vt -70.13760375976562 6.946010112762451
vt -62.64289855957031 12
vt -78.20680236816406 12
vt -70.13760375976562 6.946010112762451
vt -78.20680236816406 12
vt -78.20680236816406 10.67300033569336
vt -70.13760375976562 6.946010112762451
vt -78.20680236816406 10.67300033569336
vt -76.95850372314453 10.541500091552734
vt -70.13760375976562 6.946010112762451
vt -76.95850372314453 10.541500091552734
vt -75.51699829101562 10.096400260925293
vt -70.13760375976562 6.946010112762451
vt -75.51699829101562 10.096400260925293
vt -73.5479965209961 9.129229545593262
vt -0.7466199994087219 12
vt -2.6711699962615967 12
vt -0.7466199994087219 10.67300033569336
vn -0.4417259719822175 -0.4417259719822176 0.7808689591427812
vn -0.5410017531849347 -0.31234787978102263 0.7808686861740114
vn -0.5410017531849347 -0.31234787978102263 0.7808686861740114
vn -0.4417259719822175 -0.4417259719822176 0.7808689591427812
vn -0.5410017531849347 -0.31234787978102263 0.7808686861740114
vn -0.4417259719822175 -0.4417259719822176 0.7808689591427812
vn -1.2246467991473532e-16 -2.220446049250313e-16 1
vn -1.2246467991473532e-16 -2.220446049250313e-16 1
vn -1.2246467991473532e-16 -2.220446049250313e-16 1
vn -1.2246467991473532e-16 -2.220446049250313e-16 1
vn -1.2246467991473532e-16 -2.220446049250313e-16 1
vn -1.2246467991473532e-16 -2.220446049250313e-16 1
vn -1.2246467991473532e-16 -2.220446049250313e-16 1
vn -1.2246467991473532e-16 -2.220446049250313e-16 1
vn -1.2246467991473532e-16 -2.220446049250313e-16 1
vn -1.2246467991473532e-16 -2.220446049250313e-16 1
vn -1.2246467991473532e-16 -2.220446049250313e-16 1
vn -1.2246467991473532e-16 -2.220446049250313e-16 1
vn -1.2246467991473532e-16 -2.220446049250313e-16 1
vn -1.2246467991473532e-16 -2.220446049250313e-16 1
vn -1.2246467991473532e-16 -2.220446049250313e-16 1
vn -1.2246467991473532e-16 -2.220446049250313e-16 1
vn -1.2246467991473532e-16 -2.220446049250313e-16 1
vn -1.2246467991473532e-16 -2.220446049250313e-16 1
vn -1.2246467991473532e-16 -2.220446049250313e-16 1
vn -1.2246467991473532e-16 -2.220446049250313e-16 1
vn -1.2246467991473532e-16 -2.220446049250313e-16 1
vn -1.2246467991473532e-16 -2.220446049250313e-16 1
vn -1.2246467991473532e-16 -2.220446049250313e-16 1
vn -1.2246467991473532e-16 -2.220446049250313e-16 1
vn -1.2246467991473532e-16 -2.220446049250313e-16 1
vn -1.2246467991473532e-16 -2.220446049250313e-16 1
vn -1.2246467991473532e-16 -2.220446049250313e-16 1
vn -1.2246467991473532e-16 -2.220446049250313e-16 1
vn -1.2246467991473532e-16 -2.220446049250313e-16 1
vn -1.2246467991473532e-16 -2.220446049250313e-16 1
vn -1.2246467991473532e-16 -2.220446049250313e-16 1
vn -1.2246467991473532e-16 -2.220446049250313e-16 1
vn -1.2246467991473532e-16 -2.220446049250313e-16 1
vn -1.2246467991473532e-16 -2.220446049250313e-16 1
vn -1.2246467991473532e-16 -2.220446049250313e-16 1
vn -1.2246467991473532e-16 -2.220446049250313e-16 1
vn -1.2246467991473532e-16 -2.220446049250313e-16 1
vn -1.2246467991473532e-16 -2.220446049250313e-16 1
vn -1.2246467991473532e-16 -2.220446049250313e-16 1
vn -1.2246467991473532e-16 -2.220446049250313e-16 1
vn -1.2246467991473532e-16 -2.220446049250313e-16 1
vn -1.2246467991473532e-16 -2.220446049250313e-16 1
vn -1.2246467991473532e-16 -2.220446049250313e-16 1
vn -1.2246467991473532e-16 -2.220446049250313e-16 1
vn -1.2246467991473532e-16 -2.220446049250313e-16 1
vn -1.2246467991473532e-16 -2.220446049250313e-16 1
vn -1.2246467991473532e-16 -2.220446049250313e-16 1
vn -1.2246467991473532e-16 -2.220446049250313e-16 1
vn -1.2246467991473532e-16 -2.220446049250313e-16 1
vn -1.2246467991473532e-16 -2.220446049250313e-16 1
vn -1.2246467991473532e-16 -2.220446049250313e-16 1
vn -1.2246467991473532e-16 -2.220446049250313e-16 1
vn -1.2246467991473532e-16 -2.220446049250313e-16 1
vn -1.2246467991473532e-16 -2.220446049250313e-16 1
vn -1.2246467991473532e-16 -2.220446049250313e-16 1
vn -1.2246467991473532e-16 -2.220446049250313e-16 1
vn -1.2246467991473532e-16 -2.220446049250313e-16 1
vn -1.2246467991473532e-16 -2.220446049250313e-16 1
vn -1.2246467991473532e-16 -2.220446049250313e-16 1
vn -1.2246467991473532e-16 -2.220446049250313e-16 1
vn -1.2246467991473532e-16 -2.220446049250313e-16 1
vn -1.2246467991473532e-16 -2.220446049250313e-16 1
vn -1.2246467991473532e-16 -2.220446049250313e-16 1
vn -1.2246467991473532e-16 -2.220446049250313e-16 1
vn -1.2246467991473532e-16 -2.220446049250313e-16 1
vn -1.2246467991473532e-16 -2.220446049250313e-16 1
vn -1.2246467991473532e-16 -2.220446049250313e-16 1
vn -1.2246467991473532e-16 -2.220446049250313e-16 1
vn -1.2246467991473532e-16 -2.220446049250313e-16 1
vn -1.2246467991473532e-16 -2.220446049250313e-16 1
vn -1.2246467991473532e-16 -2.220446049250313e-16 1
vn -1.2246467991473532e-16 -2.220446049250313e-16 1
vn -1.2246467991473532e-16 -2.220446049250313e-16 1
vn -1.2246467991473532e-16 -2.220446049250313e-16 1
vn -1.2246467991473532e-16 -2.220446049250313e-16 1
vn -1.2246467991473532e-16 -2.220446049250313e-16 1
vn -1.2246467991473532e-16 -2.220446049250313e-16 1
vn -1.2246467991473532e-16 -2.220446049250313e-16 1
vn -1.2246467991473532e-16 -2.220446049250313e-16 1
vn -1.2246467991473532e-16 -2.220446049250313e-16 1
vn -1.2246467991473532e-16 -2.220446049250313e-16 1
vn -1.2246467991473532e-16 -2.220446049250313e-16 1
vn -1.2246467991473532e-16 -2.220446049250313e-16 1
vn -1.2246467991473532e-16 -2.220446049250313e-16 1
vn -1.2246467991473532e-16 -2.220446049250313e-16 1
vn -1.2246467991473532e-16 -2.220446049250313e-16 1
vn -1.2246467991473532e-16 -2.220446049250313e-16 1
vn -1.2246467991473532e-16 -2.220446049250313e-16 1
vn -1.2246467991473532e-16 -2.220446049250313e-16 1
vn -1.2246467991473532e-16 -2.220446049250313e-16 1
vn 2.5407181807812022e-33 -1 -2.220446049250313e-16
vn 2.5407181807812022e-33 -1 -2.220446049250313e-16
vn 2.5407181807812022e-33 -1 -2.220446049250313e-16
vn 2.5407181807812022e-33 -1 -2.220446049250313e-16
vn 2.5407181807812022e-33 -1 -2.220446049250313e-16
vn 2.5407181807812022e-33 -1 -2.220446049250313e-16
vn -1.2246467991473532e-16 -2.220446049250313e-16 1
vn -1.2246467991473532e-16 -2.220446049250313e-16 1
vn -1.2246467991473532e-16 -2.220446049250313e-16 1
vn -1.2246467991473532e-16 -2.220446049250313e-16 1
vn -1.2246467991473532e-16 -2.220446049250313e-16 1
vn -1.2246467991473532e-16 -2.220446049250313e-16 1
vn -1.2246467991473532e-16 -2.220446049250313e-16 1
vn -1.2246467991473532e-16 -2.220446049250313e-16 1
vn -1.2246467991473532e-16 -2.220446049250313e-16 1
vn -1.2246467991473532e-16 -2.220446049250313e-16 1
vn -1.2246467991473532e-16 -2.220446049250313e-16 1
vn -1.2246467991473532e-16 -2.220446049250313e-16 1
vn -1.2246467991473532e-16 -2.220446049250313e-16 1
vn -1.2246467991473532e-16 -2.220446049250313e-16 1
vn -1.2246467991473532e-16 -2.220446049250313e-16 1
vn -1.2246467991473532e-16 -2.220446049250313e-16 1
vn -1.2246467991473532e-16 -2.220446049250313e-16 1
vn -1.2246467991473532e-16 -2.220446049250313e-16 1
vn -1.2246467991473532e-16 -2.220446049250313e-16 1
vn -1.2246467991473532e-16 -2.220446049250313e-16 1
vn -1.2246467991473532e-16 -2.220446049250313e-16 1
vn -1.2246467991473532e-16 -2.220446049250313e-16 1
vn -1.2246467991473532e-16 -2.220446049250313e-16 1
vn -1.2246467991473532e-16 -2.220446049250313e-16 1
vn -1.2246467991473532e-16 -2.220446049250313e-16 1
vn -1.2246467991473532e-16 -2.220446049250313e-16 1
vn -1.2246467991473532e-16 -2.220446049250313e-16 1
vn -1.2246467991473532e-16 -2.220446049250313e-16 1
vn -1.2246467991473532e-16 -2.220446049250313e-16 1
vn -1.2246467991473532e-16 -2.220446049250313e-16 1
vn -1.2246467991473532e-16 -2.220446049250313e-16 1
vn -1.2246467991473532e-16 -2.220446049250313e-16 1
vn -1.2246467991473532e-16 -2.220446049250313e-16 1
vn -1.2246467991473532e-16 -2.220446049250313e-16 1
vn -1.2246467991473532e-16 -2.220446049250313e-16 1
vn -1.2246467991473532e-16 -2.220446049250313e-16 1
vn -1.2246467991473532e-16 -2.220446049250313e-16 1
vn -1.2246467991473532e-16 -2.220446049250313e-16 1
vn -1.2246467991473532e-16 -2.220446049250313e-16 1
vn -1.2246467991473532e-16 -2.220446049250313e-16 1
vn -1.2246467991473532e-16 -2.220446049250313e-16 1
vn -1.2246467991473532e-16 -2.220446049250313e-16 1
vn -1.2246467991473532e-16 -2.220446049250313e-16 1
vn -1.2246467991473532e-16 -2.220446049250313e-16 1
vn -1.2246467991473532e-16 -2.220446049250313e-16 1
vn -1.2246467991473532e-16 -2.220446049250313e-16 1
vn -1.2246467991473532e-16 -2.220446049250313e-16 1
vn -1.2246467991473532e-16 -2.220446049250313e-16 1
vn -1.2246467991473532e-16 -2.220446049250313e-16 1
vn -1.2246467991473532e-16 -2.220446049250313e-16 1
vn -1.2246467991473532e-16 -2.220446049250313e-16 1
vn -1.2246467991473532e-16 -2.220446049250313e-16 1
vn -1.2246467991473532e-16 -2.220446049250313e-16 1
vn -1.2246467991473532e-16 -2.220446049250313e-16 1
vn -1.2246467991473532e-16 -2.220446049250313e-16 1
vn -1.2246467991473532e-16 -2.220446049250313e-16 1
vn -1.2246467991473532e-16 -2.220446049250313e-16 1
vn -1.2246467991473532e-16 -2.220446049250313e-16 1
vn -1.2246467991473532e-16 -2.220446049250313e-16 1
vn -1.2246467991473532e-16 -2.220446049250313e-16 1
vn -1.2246467991473532e-16 -2.220446049250313e-16 1
vn -1.2246467991473532e-16 -2.220446049250313e-16 1
vn -1.2246467991473532e-16 -2.220446049250313e-16 1
vn -1.2246467991473532e-16 -2.220446049250313e-16 1
vn -1.2246467991473532e-16 -2.220446049250313e-16 1
vn -1.2246467991473532e-16 -2.220446049250313e-16 1
vn -1.2246467991473532e-16 -2.220446049250313e-16 1
vn -1.2246467991473532e-16 -2.220446049250313e-16 1
vn -1.2246467991473532e-16 -2.220446049250313e-16 1
vn -1.2246467991473532e-16 -2.220446049250313e-16 1
vn -1.2246467991473532e-16 -2.220446049250313e-16 1
vn -1.2246467991473532e-16 -2.220446049250313e-16 1
vn -1.2246467991473532e-16 -2.220446049250313e-16 1
vn -1.2246467991473532e-16 -2.220446049250313e-16 1
vn -1.2246467991473532e-16 -2.220446049250313e-16 1
vn -1.2246467991473532e-16 -2.220446049250313e-16 1
vn -1.2246467991473532e-16 -2.220446049250313e-16 1
vn -1.2246467991473532e-16 -2.220446049250313e-16 1
vn -1.2246467991473532e-16 -2.220446049250313e-16 1
vn -1.2246467991473532e-16 -2.220446049250313e-16 1
vn -1.2246467991473532e-16 -2.220446049250313e-16 1
vn -1.2246467991473532e-16 -2.220446049250313e-16 1
vn -1.2246467991473532e-16 -2.220446049250313e-16 1
vn -1.2246467991473532e-16 -2.220446049250313e-16 1
vn -1.2246467991473532e-16 -2.220446049250313e-16 1
vn -1.2246467991473532e-16 -2.220446049250313e-16 1
vn -1.2246467991473532e-16 -2.220446049250313e-16 1
vn -1.2246467991473532e-16 -2.220446049250313e-16 1
vn -1.2246467991473532e-16 -2.220446049250313e-16 1
vn -1.2246467991473532e-16 -2.220446049250313e-16 1
vn -1.2246467991473532e-16 -2.220446049250313e-16 1
vn -1.2246467991473532e-16 -2.220446049250313e-16 1
vn -1.2246467991473532e-16 -2.220446049250313e-16 1
vn -1.2246467991473532e-16 -2.220446049250313e-16 1
vn -1.2246467991473532e-16 -2.220446049250313e-16 1
vn -1.2246467991473532e-16 -2.220446049250313e-16 1
vn -1.2246467991473532e-16 -2.220446049250313e-16 1
vn -1.2246467991473532e-16 -2.220446049250313e-16 1
vn -1.2246467991473532e-16 -2.220446049250313e-16 1
vn -1.2246467991473532e-16 -2.220446049250313e-16 1
vn -1.2246467991473532e-16 -2.220446049250313e-16 1
vn -1.2246467991473532e-16 -2.220446049250313e-16 1
vn -1.2246467991473532e-16 -2.220446049250313e-16 1
vn -1.2246467991473532e-16 -2.220446049250313e-16 1
vn -1.2246467991473532e-16 -2.220446049250313e-16 1
vn -2.5407181807812022e-33 1 2.220446049250313e-16
vn -2.5407181807812022e-33 1 2.220446049250313e-16
vn -2.5407181807812022e-33 1 2.220446049250313e-16
vn -2.5407181807812022e-33 1 2.220446049250313e-16
vn -2.5407181807812022e-33 1 2.220446049250313e-16
vn -2.5407181807812022e-33 1 2.220446049250313e-16
vn 0.13052599081182487 0.9914448878896858 2.3612981212173103e-16
vn 0.2588189746170737 0.965925845175584 2.4617480556122946e-16
vn 0.2588189746170737 0.965925845175584 2.4617480556122946e-16
vn 0.13052599081182487 0.9914448878896858 2.3612981212173103e-16
vn 0.2588189746170737 0.965925845175584 2.4617480556122946e-16
vn 0.13052599081182487 0.9914448878896858 2.3612981212173103e-16
vn 0.2588189746170737 0.965925845175584 2.4617480556122946e-16
vn 0.5000001873976233 0.8660252955903434 2.5352860752139884e-16
vn 0.5000001873976233 0.8660252955903434 2.5352860752139884e-16
vn 0.2588189746170737 0.965925845175584 2.4617480556122946e-16
vn 0.5000001873976233 0.8660252955903434 2.5352860752139884e-16
vn 0.2588189746170737 0.965925845175584 2.4617480556122946e-16
vn 0.5000001873976233 0.8660252955903434 2.5352860752139884e-16
vn 0.7071067811865476 0.7071067811865476 2.4360485149192685e-16
vn 0.7071067811865476 0.7071067811865476 2.4360485149192685e-16
vn 0.5000001873976233 0.8660252955903434 2.5352860752139884e-16
vn 0.7071067811865476 0.7071067811865476 2.4360485149192685e-16
vn 0.5000001873976233 0.8660252955903434 2.5352860752139884e-16
vn 0.7071067811865476 0.7071067811865476 2.4360485149192685e-16
vn 0.8660252955903434 0.5000001873976233 2.170798546956823e-16
vn 0.8660252955903434 0.5000001873976233 2.170798546956823e-16
vn 0.7071067811865476 0.7071067811865476 2.4360485149192685e-16
vn 0.8660252955903434 0.5000001873976233 2.170798546956823e-16
vn 0.7071067811865476 0.7071067811865476 2.4360485149192685e-16
vn 0.8660252955903434 0.5000001873976233 2.170798546956823e-16
vn 0.965925845175584 0.2588189746170737 1.757611564167479e-16
vn 0.965925845175584 0.2588189746170737 1.757611564167479e-16
vn 0.8660252955903434 0.5000001873976233 2.170798546956823e-16
vn 0.965925845175584 0.2588189746170737 1.757611564167479e-16
vn 0.8660252955903434 0.5000001873976233 2.170798546956823e-16
vn 0.965925845175584 0.2588189746170737 1.757611564167479e-16
vn 1 -2.719262146893782e-32 1.2246467991473532e-16
vn 1 -2.719262146893782e-32 1.2246467991473532e-16
vn 0.965925845175584 0.2588189746170737 1.757611564167479e-16
vn 1 -2.719262146893782e-32 1.2246467991473532e-16
vn 0.965925845175584 0.2588189746170737 1.757611564167479e-16
vn 1 -2.719262146893782e-32 1.2246467991473532e-16
vn 0.965925845175584 -0.2588189746170737 6.082244248484822e-17
vn 0.965925845175584 -0.2588189746170737 6.082244248484822e-17
vn 1 -2.719262146893782e-32 1.2246467991473532e-16
vn 0.965925845175584 -0.2588189746170737 6.082244248484822e-17
vn 1 -2.719262146893782e-32 1.2246467991473532e-16
vn 0.965925845175584 -0.2588189746170737 6.082244248484822e-17
vn 0.8660252955903434 -0.5000001873976233 -4.9648334506114484e-18
vn 0.8660252955903434 -0.5000001873976233 -4.9648334506114484e-18
vn 0.965925845175584 -0.2588189746170737 6.082244248484822e-17
vn 0.8660252955903434 -0.5000001873976233 -4.9648334506114484e-18
vn 0.965925845175584 -0.2588189746170737 6.082244248484822e-17
vn 0.8660252955903434 -0.5000001873976233 -4.9648334506114484e-18
vn 0.7071067811865476 -0.7071067811865476 -7.041364024482818e-17
vn 0.7071067811865476 -0.7071067811865476 -7.041364024482818e-17
vn 0.8660252955903434 -0.5000001873976233 -4.9648334506114484e-18
vn 0.7071067811865476 -0.7071067811865476 -7.041364024482818e-17
vn 0.8660252955903434 -0.5000001873976233 -4.9648334506114484e-18
vn 0.7071067811865476 -0.7071067811865476 -7.041364024482818e-17
vn 0.5000001873976233 -0.8660252955903434 -1.3106388170748363e-16
vn 0.5000001873976233 -0.8660252955903434 -1.3106388170748363e-16
vn 0.7071067811865476 -0.7071067811865476 -7.041364024482818e-17
vn 0.5000001873976233 -0.8660252955903434 -1.3106388170748363e-16
vn 0.7071067811865476 -0.7071067811865476 -7.041364024482818e-17
vn 0.5000001873976233 -0.8660252955903434 -1.3106388170748363e-16
vn 0.2588189746170737 -0.965925845175584 -1.8278243979654958e-16
vn 0.2588189746170737 -0.965925845175584 -1.8278243979654958e-16
vn 0.5000001873976233 -0.8660252955903434 -1.3106388170748363e-16
vn 0.2588189746170737 -0.965925845175584 -1.8278243979654958e-16
vn 0.5000001873976233 -0.8660252955903434 -1.3106388170748363e-16
vn 0.2588189746170737 -0.965925845175584 -1.8278243979654958e-16
vn 0.13052599081182487 -0.9914448878896858 -2.0416016475108341e-16
vn 0.13052599081182487 -0.9914448878896858 -2.0416016475108341e-16
vn 0.2588189746170737 -0.965925845175584 -1.8278243979654958e-16
vn 0.13052599081182487 -0.9914448878896858 -2.0416016475108341e-16
vn 0.2588189746170737 -0.965925845175584 -1.8278243979654958e-16
vn -2.3499799794138012e-7 -0.9999999999637237 0.000008514530235894424
vn -2.3499799794138012e-7 -0.9999999999637237 0.000008514530235894424
vn -2.3499799794138012e-7 -0.9999999999637237 0.000008514530235894424
vn -2.3499799794138012e-7 -0.9999999999637237 0.000008514530235894424
vn -2.3499799794138012e-7 -0.9999999999637237 0.000008514530235894424
vn -2.3499799794138012e-7 -0.9999999999637237 0.000008514530235894424
vn 0.13537503683883553 -0.9907823426953107 0.004893751533967989
vn 0.13537503683883553 -0.9907823426953107 0.004893751533967989
vn 0.13537503683883553 -0.9907823426953107 0.004893751533967989
vn 0.7010570827600745 0.09229600552206621 0.7071070739828622
vn 0.7010570827600745 0.09229600552206621 0.7071070739828622
vn 0.7010570827600745 0.09229600552206621 0.7071070739828622
vn 0.7010570827600745 0.09229600552206621 0.7071070739828622
vn 0.7010570827600745 0.09229600552206621 0.7071070739828622
vn 0.7010570827600745 0.09229600552206621 0.7071070739828622
vn -0.13052599081182487 0.9914448878896858 1.9098966589839124e-16
vn -0.13052599081182487 0.9914448878896858 1.9098966589839124e-16
vn -0.13052599081182487 0.9914448878896858 1.9098966589839124e-16
vn -0.13050100164239542 0.9912499752693857 -0.01982359954129797
vn -0.13050100164239542 0.9912499752693857 -0.01982359954129797
vn -0.13050100164239542 0.9912499752693857 -0.01982359954129797
vn -0.13050100164239542 0.9912499752693857 -0.01982359954129797
vn -0.13050100164239542 0.9912499752693857 -0.01982359954129797
vn -0.13050100164239542 0.9912499752693857 -0.01982359954129797
vn 0.9803888679154176 0.12907097998243797 0.14892397320075493
vn 0.9803888679154176 0.12907097998243797 0.14892397320075493
vn 0.9803888679154176 0.12907097998243797 0.14892397320075493
vn 0.9803888679154176 0.12907097998243797 0.14892397320075493
vn 0.9803888679154176 0.12907097998243797 0.14892397320075493
vn 0.9803888679154176 0.12907097998243797 0.14892397320075493
vn 0.13050100164239542 -0.9912499752693857 0.01982359954129797
vn 0.13050100164239542 -0.9912499752693857 0.01982359954129797
vn 0.13050100164239542 -0.9912499752693857 0.01982359954129797
vn 0.13534797958721387 -0.990585781563615 0.02051179625632574
vn 0.13534797958721387 -0.990585781563615 0.02051179625632574
vn 0.13534797958721387 -0.990585781563615 0.02051179625632574
vn -1.2246467991473532e-16 -2.220446049250313e-16 1
vn -1.2246467991473532e-16 -2.220446049250313e-16 1
vn -1.2246467991473532e-16 -2.220446049250313e-16 1
vn -1.2246467991473532e-16 -2.220446049250313e-16 1
vn -1.2246467991473532e-16 -2.220446049250313e-16 1
vn -1.2246467991473532e-16 -2.220446049250313e-16 1
vn 0.13052599081182487 -0.9914448878896858 -2.0416016475108341e-16
vn 0.13052599081182487 -0.9914448878896858 -2.0416016475108341e-16
vn 0.13052599081182487 -0.9914448878896858 -2.0416016475108341e-16
vn 0.13052599081182487 -0.9914448878896858 -2.0416016475108341e-16
vn 0.13052599081182487 -0.9914448878896858 -2.0416016475108341e-16
vn 0.13052599081182487 -0.9914448878896858 -2.0416016475108341e-16
vn 1.2246467991473532e-16 2.220446049250313e-16 -1
vn 1.2246467991473532e-16 2.220446049250313e-16 -1
vn 1.2246467991473532e-16 2.220446049250313e-16 -1
vn 1.2246467991473532e-16 2.220446049250313e-16 -1
vn 1.2246467991473532e-16 2.220446049250313e-16 -1
vn 1.2246467991473532e-16 2.220446049250313e-16 -1
vn 0.9914448878896858 0.13052599081182487 1.5039957291077093e-16
vn 0.9914448878896858 0.13052599081182487 1.5039957291077093e-16
vn 0.9914448878896858 0.13052599081182487 1.5039957291077093e-16
vn 0.9914448878896858 0.13052599081182487 1.5039957291077093e-16
vn 0.9914448878896858 0.13052599081182487 1.5039957291077093e-16
vn 0.9914448878896858 0.13052599081182487 1.5039957291077093e-16
vn 1.2246467991473532e-16 2.220446049250313e-16 -1
vn 1.2246467991473532e-16 2.220446049250313e-16 -1
vn 1.2246467991473532e-16 2.220446049250313e-16 -1
vn 1.2246467991473532e-16 2.220446049250313e-16 -1
vn 1.2246467991473532e-16 2.220446049250313e-16 -1
vn 1.2246467991473532e-16 2.220446049250313e-16 -1
vn 1.2246467991473532e-16 2.220446049250313e-16 -1
vn 1.2246467991473532e-16 2.220446049250313e-16 -1
vn 1.2246467991473532e-16 2.220446049250313e-16 -1
vn 1.2246467991473532e-16 2.220446049250313e-16 -1
vn 1.2246467991473532e-16 2.220446049250313e-16 -1
vn 1.2246467991473532e-16 2.220446049250313e-16 -1
vn 1.2246467991473532e-16 2.220446049250313e-16 -1
vn 1.2246467991473532e-16 2.220446049250313e-16 -1
vn 1.2246467991473532e-16 2.220446049250313e-16 -1
vn 1.2246467991473532e-16 2.220446049250313e-16 -1
vn 1.2246467991473532e-16 2.220446049250313e-16 -1
vn 1.2246467991473532e-16 2.220446049250313e-16 -1
vn 1.2246467991473532e-16 2.220446049250313e-16 -1
vn 1.2246467991473532e-16 2.220446049250313e-16 -1
vn 1.2246467991473532e-16 2.220446049250313e-16 -1
vn 1.2246467991473532e-16 2.220446049250313e-16 -1
vn 1.2246467991473532e-16 2.220446049250313e-16 -1
vn 1.2246467991473532e-16 2.220446049250313e-16 -1
vn 1.2246467991473532e-16 2.220446049250313e-16 -1
vn 1.2246467991473532e-16 2.220446049250313e-16 -1
vn 1.2246467991473532e-16 2.220446049250313e-16 -1
vn 1.2246467991473532e-16 2.220446049250313e-16 -1
vn 1.2246467991473532e-16 2.220446049250313e-16 -1
vn 1.2246467991473532e-16 2.220446049250313e-16 -1
vn 1.2246467991473532e-16 2.220446049250313e-16 -1
vn 1.2246467991473532e-16 2.220446049250313e-16 -1
vn 1.2246467991473532e-16 2.220446049250313e-16 -1
vn 1.2246467991473532e-16 2.220446049250313e-16 -1
vn 1.2246467991473532e-16 2.220446049250313e-16 -1
vn 1.2246467991473532e-16 2.220446049250313e-16 -1
vn 1.2246467991473532e-16 2.220446049250313e-16 -1
vn 1.2246467991473532e-16 2.220446049250313e-16 -1
vn 1.2246467991473532e-16 2.220446049250313e-16 -1
vn 1.2246467991473532e-16 2.220446049250313e-16 -1
vn 1.2246467991473532e-16 2.220446049250313e-16 -1
vn 1.2246467991473532e-16 2.220446049250313e-16 -1
vn 1.2246467991473532e-16 2.220446049250313e-16 -1
vn 1.2246467991473532e-16 2.220446049250313e-16 -1
vn 1.2246467991473532e-16 2.220446049250313e-16 -1
vn 1.2246467991473532e-16 2.220446049250313e-16 -1
vn 1.2246467991473532e-16 2.220446049250313e-16 -1
vn 1.2246467991473532e-16 2.220446049250313e-16 -1
vn 1.2246467991473532e-16 2.220446049250313e-16 -1
vn 1.2246467991473532e-16 2.220446049250313e-16 -1
vn 1.2246467991473532e-16 2.220446049250313e-16 -1
vn 1.2246467991473532e-16 2.220446049250313e-16 -1
vn 1.2246467991473532e-16 2.220446049250313e-16 -1
vn 1.2246467991473532e-16 2.220446049250313e-16 -1
vn 1.2246467991473532e-16 2.220446049250313e-16 -1
vn 1.2246467991473532e-16 2.220446049250313e-16 -1
vn 1.2246467991473532e-16 2.220446049250313e-16 -1
vn 1.2246467991473532e-16 2.220446049250313e-16 -1
vn 1.2246467991473532e-16 2.220446049250313e-16 -1
vn 1.2246467991473532e-16 2.220446049250313e-16 -1
vn 1.2246467991473532e-16 2.220446049250313e-16 -1
vn 1.2246467991473532e-16 2.220446049250313e-16 -1
vn 1.2246467991473532e-16 2.220446049250313e-16 -1
vn 1.2246467991473532e-16 2.220446049250313e-16 -1
vn 1.2246467991473532e-16 2.220446049250313e-16 -1
vn 1.2246467991473532e-16 2.220446049250313e-16 -1
vn 1.2246467991473532e-16 2.220446049250313e-16 -1
vn 1.2246467991473532e-16 2.220446049250313e-16 -1
vn 1.2246467991473532e-16 2.220446049250313e-16 -1
vn 1.2246467991473532e-16 2.220446049250313e-16 -1
vn 1.2246467991473532e-16 2.220446049250313e-16 -1
vn 1.2246467991473532e-16 2.220446049250313e-16 -1
vn 1.2246467991473532e-16 2.220446049250313e-16 -1
vn 1.2246467991473532e-16 2.220446049250313e-16 -1
vn 1.2246467991473532e-16 2.220446049250313e-16 -1
vn 1.2246467991473532e-16 2.220446049250313e-16 -1
vn 1.2246467991473532e-16 2.220446049250313e-16 -1
vn 1.2246467991473532e-16 2.220446049250313e-16 -1
vn -0.965925845175584 -0.2588189746170737 -1.757611564167479e-16
vn -0.9914448878896858 -0.13052599081182487 -1.5039957291077093e-16
vn -0.9914448878896858 -0.13052599081182487 -1.5039957291077093e-16
vn -0.965925845175584 -0.2588189746170737 -1.757611564167479e-16
vn -0.9914448878896858 -0.13052599081182487 -1.5039957291077093e-16
vn -0.965925845175584 -0.2588189746170737 -1.757611564167479e-16
vn -0.6034089293777292 -0.16168297631616985 0.7808689256954509
vn -0.6246949239838272 -2.0123702320530674e-16 0.780868908299492
vn -0.6246949239838272 -2.0123702320530674e-16 0.780868908299492
vn -0.6034089293777292 -0.16168297631616985 0.7808689256954509
vn -0.6246949239838272 -2.0123702320530674e-16 0.780868908299492
vn -0.6034089293777292 -0.16168297631616985 0.7808689256954509
vn -0.6034089293777292 0.16168297631616949 0.7808689256954509
vn -0.6034089293777292 0.16168297631616949 0.7808689256954509
vn -0.6246949239838272 -2.0123702320530674e-16 0.780868908299492
vn -0.6034089293777292 0.16168297631616949 0.7808689256954509
vn -0.6246949239838272 -2.0123702320530674e-16 0.780868908299492
vn -0.6246949239838272 -2.0123702320530674e-16 0.780868908299492
vn -0.5410017531849348 0.3123478797810223 0.7808686861740115
vn -0.5410017531849348 0.3123478797810223 0.7808686861740115
vn -0.6034089293777292 0.16168297631616949 0.7808689256954509
vn -0.5410017531849348 0.3123478797810223 0.7808686861740115
vn -0.6034089293777292 0.16168297631616949 0.7808689256954509
vn -0.6034089293777292 0.16168297631616949 0.7808689256954509
vn -0.4417259719822174 0.44172597198221725 0.7808689591427813
vn -0.4417259719822174 0.44172597198221725 0.7808689591427813
vn -0.5410017531849348 0.3123478797810223 0.7808686861740115
vn -0.4417259719822174 0.44172597198221725 0.7808689591427813
vn -0.5410017531849348 0.3123478797810223 0.7808686861740115
vn -0.5410017531849348 0.3123478797810223 0.7808686861740115
vn -0.3123478797810226 0.5410017531849345 0.7808686861740115
vn -0.3123478797810226 0.5410017531849345 0.7808686861740115
vn -0.4417259719822174 0.44172597198221725 0.7808689591427813
vn -0.3123478797810226 0.5410017531849345 0.7808686861740115
vn -0.4417259719822174 0.44172597198221725 0.7808689591427813
vn -0.4417259719822174 0.44172597198221725 0.7808689591427813
vn -0.3123478797810226 0.5410017531849345 0.7808686861740115
vn -0.16168297631616976 0.6034089293777289 0.7808689256954511
vn -0.16168297631616976 0.6034089293777289 0.7808689256954511
vn -0.3123478797810226 0.5410017531849345 0.7808686861740115
vn -0.16168297631616976 0.6034089293777289 0.7808689256954511
vn -0.3123478797810226 0.5410017531849345 0.7808686861740115
vn -0.16168297631616976 0.6034089293777289 0.7808689256954511
vn -0.16168297631616976 0.6034089293777289 0.7808689256954511
vn -3.256518462617545e-15 0.624694923983827 0.7808689082994923
vn -0.16168297631616976 0.6034089293777289 0.7808689256954511
vn -3.256518462617545e-15 0.624694923983827 0.7808689082994923
vn -3.256518462617545e-15 0.624694923983827 0.7808689082994923
vn -0.9150021103203245 0.40344905268119396 -1.955607394894398e-14
vn -0.9150021103203245 0.40344905268119396 -1.955607394894398e-14
vn -0.9150021103203245 0.40344905268119396 -1.955607394894398e-14
vn -4.0779100917635356e-17 1 2.371762049812128e-16
vn -4.0779100917635356e-17 1 2.371762049812128e-16
vn -4.0779100917635356e-17 1 2.371762049812128e-16
vn -4.0779100917635356e-17 1 2.371762049812128e-16
vn -4.0779100917635356e-17 1 2.371762049812128e-16
vn -4.0779100917635356e-17 1 2.371762049812128e-16
vn -4.0779100917635356e-17 1 2.371762049812128e-16
vn -4.0779100917635356e-17 1 2.371762049812128e-16
vn -4.0779100917635356e-17 1 2.371762049812128e-16
vn -4.0779100917635356e-17 1 2.371762049812128e-16
vn -4.0779100917635356e-17 1 2.371762049812128e-16
vn -4.0779100917635356e-17 1 2.371762049812128e-16
vn -4.0779100917635356e-17 1 2.371762049812128e-16
vn -4.0779100917635356e-17 1 2.371762049812128e-16
vn -4.0779100917635356e-17 1 2.371762049812128e-16
vn -4.0779100917635356e-17 1 2.371762049812128e-16
vn -4.0779100917635356e-17 1 2.371762049812128e-16
vn -4.0779100917635356e-17 1 2.371762049812128e-16
vn -4.0779100917635356e-17 1 2.371762049812128e-16
vn -4.0779100917635356e-17 1 2.371762049812128e-16
vn -4.0779100917635356e-17 1 2.371762049812128e-16
vn -4.0779100917635356e-17 1 2.371762049812128e-16
vn -4.0779100917635356e-17 1 2.371762049812128e-16
vn -4.0779100917635356e-17 1 2.371762049812128e-16
vn -4.0779100917635356e-17 1 2.371762049812128e-16
vn -4.0779100917635356e-17 1 2.371762049812128e-16
vn -4.0779100917635356e-17 1 2.371762049812128e-16
vn -4.0779100917635356e-17 1 2.371762049812128e-16
vn -4.0779100917635356e-17 1 2.371762049812128e-16
vn -4.0779100917635356e-17 1 2.371762049812128e-16
vn -4.0779100917635356e-17 1 2.371762049812128e-16
vn -4.0779100917635356e-17 1 2.371762049812128e-16
vn -4.0779100917635356e-17 1 2.371762049812128e-16
vn -4.0779100917635356e-17 1 2.371762049812128e-16
vn -4.0779100917635356e-17 1 2.371762049812128e-16
vn -4.0779100917635356e-17 1 2.371762049812128e-16
vn -4.0779100917635356e-17 1 2.371762049812128e-16
vn -4.0779100917635356e-17 1 2.371762049812128e-16
vn -4.0779100917635356e-17 1 2.371762049812128e-16
vn -4.0779100917635356e-17 1 2.371762049812128e-16
vn -4.0779100917635356e-17 1 2.371762049812128e-16
vn -4.0779100917635356e-17 1 2.371762049812128e-16
vn -4.0779100917635356e-17 1 2.371762049812128e-16
vn -4.0779100917635356e-17 1 2.371762049812128e-16
vn -4.0779100917635356e-17 1 2.371762049812128e-16
vn -4.0779100917635356e-17 1 2.371762049812128e-16
vn -4.0779100917635356e-17 1 2.371762049812128e-16
vn -4.0779100917635356e-17 1 2.371762049812128e-16
vn -4.0779100917635356e-17 1 2.371762049812128e-16
vn -4.0779100917635356e-17 1 2.371762049812128e-16
vn -4.0779100917635356e-17 1 2.371762049812128e-16
vn -4.0779100917635356e-17 1 2.371762049812128e-16
vn -4.0779100917635356e-17 1 2.371762049812128e-16
vn -4.0779100917635356e-17 1 2.371762049812128e-16
vn -4.0779100917635356e-17 1 2.371762049812128e-16
vn -4.0779100917635356e-17 1 2.371762049812128e-16
vn -4.0779100917635356e-17 1 2.371762049812128e-16
vn -4.0779100917635356e-17 1 2.371762049812128e-16
vn -4.0779100917635356e-17 1 2.371762049812128e-16
vn -4.0779100917635356e-17 1 2.371762049812128e-16
vn -4.0779100917635356e-17 1 2.371762049812128e-16
vn -4.0779100917635356e-17 1 2.371762049812128e-16
vn -4.0779100917635356e-17 1 2.371762049812128e-16
vn -4.0779100917635356e-17 1 2.371762049812128e-16
vn -4.0779100917635356e-17 1 2.371762049812128e-16
vn -4.0779100917635356e-17 1 2.371762049812128e-16
vn -4.0779100917635356e-17 1 2.371762049812128e-16
vn -4.0779100917635356e-17 1 2.371762049812128e-16
vn -4.0779100917635356e-17 1 2.371762049812128e-16
vn -4.0779100917635356e-17 1 2.371762049812128e-16
vn -4.0779100917635356e-17 1 2.371762049812128e-16
vn -4.0779100917635356e-17 1 2.371762049812128e-16
vn -4.0779100917635356e-17 1 2.371762049812128e-16
vn -4.0779100917635356e-17 1 2.371762049812128e-16
vn -4.0779100917635356e-17 1 2.371762049812128e-16
vn -4.0779100917635356e-17 1 2.371762049812128e-16
vn -4.0779100917635356e-17 1 2.371762049812128e-16
vn -4.0779100917635356e-17 1 2.371762049812128e-16
vn -4.0779100917635356e-17 1 2.371762049812128e-16
vn -4.0779100917635356e-17 1 2.371762049812128e-16
vn -4.0779100917635356e-17 1 2.371762049812128e-16
vn -4.0779100917635356e-17 1 2.371762049812128e-16
vn -4.0779100917635356e-17 1 2.371762049812128e-16
vn -4.0779100917635356e-17 1 2.371762049812128e-16
vn -4.0779100917635356e-17 1 2.371762049812128e-16
vn -4.0779100917635356e-17 1 2.371762049812128e-16
vn -4.0779100917635356e-17 1 2.371762049812128e-16
vn -4.0779100917635356e-17 1 2.371762049812128e-16
vn -4.0779100917635356e-17 1 2.371762049812128e-16
vn -4.0779100917635356e-17 1 2.371762049812128e-16
vn -4.0779100917635356e-17 1 2.371762049812128e-16
vn -4.0779100917635356e-17 1 2.371762049812128e-16
vn -4.0779100917635356e-17 1 2.371762049812128e-16
vn -4.0779100917635356e-17 1 2.371762049812128e-16
vn -4.0779100917635356e-17 1 2.371762049812128e-16
vn -4.0779100917635356e-17 1 2.371762049812128e-16
vn -4.0779100917635356e-17 1 2.371762049812128e-16
vn -4.0779100917635356e-17 1 2.371762049812128e-16
vn -4.0779100917635356e-17 1 2.371762049812128e-16
vn -4.0779100917635356e-17 1 2.371762049812128e-16
vn -4.0779100917635356e-17 1 2.371762049812128e-16
vn -4.0779100917635356e-17 1 2.371762049812128e-16
vn -4.0779100917635356e-17 1 2.371762049812128e-16
vn -4.0779100917635356e-17 1 2.371762049812128e-16
vn -4.0779100917635356e-17 1 2.371762049812128e-16
vn -4.0779100917635356e-17 1 2.371762049812128e-16
vn -4.0779100917635356e-17 1 2.371762049812128e-16
vn -4.0779100917635356e-17 1 2.371762049812128e-16
vn -4.0779100917635356e-17 1 2.371762049812128e-16
vn -4.0779100917635356e-17 1 2.371762049812128e-16
vn -4.0779100917635356e-17 1 2.371762049812128e-16
vn -4.0779100917635356e-17 1 2.371762049812128e-16
vn -4.0779100917635356e-17 1 2.371762049812128e-16
vn -4.0779100917635356e-17 1 2.371762049812128e-16
vn -4.0779100917635356e-17 1 2.371762049812128e-16
vn -4.0779100917635356e-17 1 2.371762049812128e-16
vn -4.0779100917635356e-17 1 2.371762049812128e-16
vn -4.0779100917635356e-17 1 2.371762049812128e-16
vn -4.0779100917635356e-17 1 2.371762049812128e-16
vn -4.0779100917635356e-17 1 2.371762049812128e-16
vn -4.0779100917635356e-17 1 2.371762049812128e-16
vn -4.0779100917635356e-17 1 2.371762049812128e-16
vn -4.0779100917635356e-17 1 2.371762049812128e-16
vn -4.0779100917635356e-17 1 2.371762049812128e-16
vn -4.0779100917635356e-17 1 2.371762049812128e-16
vn -4.0779100917635356e-17 1 2.371762049812128e-16
vn -4.0779100917635356e-17 1 2.371762049812128e-16
vn -4.0779100917635356e-17 1 2.371762049812128e-16
vn -4.0779100917635356e-17 1 2.371762049812128e-16
vn -4.0779100917635356e-17 1 2.371762049812128e-16
vn -4.0779100917635356e-17 1 2.371762049812128e-16
vn -4.0779100917635356e-17 1 2.371762049812128e-16
vn -4.0779100917635356e-17 1 2.371762049812128e-16
vn -4.0779100917635356e-17 1 2.371762049812128e-16
vn -4.0779100917635356e-17 1 2.371762049812128e-16
vn -4.0779100917635356e-17 1 2.371762049812128e-16
vn -4.0779100917635356e-17 1 2.371762049812128e-16
vn -4.0779100917635356e-17 1 2.371762049812128e-16
vn 0.9884871870807368 -0.03130330721230102 0.14803102355514824
vn 0.9870336106093271 -0.06257547060081552 0.14781394388420066
vn 0.9973159475375541 -0.06322739667727217 0.0369214991121103
vn 0.9884871870807368 -0.03130330721230102 0.14803102355514824
vn 0.9973159475375541 -0.06322739667727217 0.0369214991121103
vn 0.997893698760748 -0.042167189370175294 0.049295984767659735
vn 0.9549529942883523 -0.03024329925027994 0.29521199425187283
vn 0.953641685768651 -0.060458579921936074 0.294808913159267
vn 0.9870336106093271 -0.06257547060081552 0.14781394388420066
vn 0.9549529942883523 -0.03024329925027994 0.29521199425187283
vn 0.9870336106093271 -0.06257547060081552 0.14781394388420066
vn 0.9884871870807368 -0.03130330721230102 0.14803102355514824
vn 0.8974800634824696 -0.028426101231328393 0.44013803791570755
vn 0.8963897256754106 -0.056828882458518325 0.43960884638741965
vn 0.953641685768651 -0.060458579921936074 0.294808913159267
vn 0.8974800634824696 -0.028426101231328393 0.44013803791570755
vn 0.953641685768651 -0.060458579921936074 0.294808913159267
vn 0.9549529942883523 -0.03024329925027994 0.29521199425187283
vn 0.8140200878065118 -0.025786204015214306 0.5802640505235221
vn 0.8132043396144397 -0.05155522354684488 0.5796902284472958
vn 0.8963897256754106 -0.056828882458518325 0.43960884638741965
vn 0.8140200878065118 -0.025786204015214306 0.5802640505235221
vn 0.8963897256754106 -0.056828882458518325 0.43960884638741965
vn 0.8974800634824696 -0.028426101231328393 0.44013803791570755
vn 0.7025023394308487 -0.022257310459718925 0.7113333081089935
vn 0.7019748794178952 -0.04450349193964385 0.7108098957326141
vn 0.8132043396144397 -0.05155522354684488 0.5796902284472958
vn 0.7025023394308487 -0.022257310459718925 0.7113333081089935
vn 0.8132043396144397 -0.05155522354684488 0.5796902284472958
vn 0.8140200878065118 -0.025786204015214306 0.5802640505235221
vn 0.5618901547796293 -0.017805305365472927 0.8270202083761719
vn 0.5616162605994394 -0.035605115350829386 0.8266313879784366
vn 0.7019748794178952 -0.04450349193964385 0.7108098957326141
vn 0.5618901547796293 -0.017805305365472927 0.8270202083761719
vn 0.7019748794178952 -0.04450349193964385 0.7108098957326141
vn 0.7025023394308487 -0.022257310459718925 0.7113333081089935
vn 0.39364288832853 -0.012475796490417735 0.91917878074415
vn 0.3935448986742625 -0.024949793688662927 0.9189667679096768
vn 0.5616162605994394 -0.035605115350829386 0.8266313879784366
vn 0.39364288832853 -0.012475796490417735 0.91917878074415
vn 0.5616162605994394 -0.035605115350829386 0.8266313879784366
vn 0.5618901547796293 -0.017805305365472927 0.8270202083761719
vn 0.20312110183688073 -0.006438253209996926 0.9791324562510302
vn 0.2031050663199241 -0.01287630417824172 0.9790722817166712
vn 0.3935448986742625 -0.024949793688662927 0.9189667679096768
vn 0.20312110183688073 -0.006438253209996926 0.9791324562510302
vn 0.3935448986742625 -0.024949793688662927 0.9189667679096768
vn 0.39364288832853 -0.012475796490417735 0.91917878074415
vn 0.10269000459576505 -0.003255120273915973 0.994708081372683
vn 0.10268901632146783 -0.006510211386047313 0.9946922051944702
vn 0.2031050663199241 -0.01287630417824172 0.9790722817166712
vn 0.10269000459576505 -0.003255120273915973 0.994708081372683
vn 0.2031050663199241 -0.01287630417824172 0.9790722817166712
vn 0.20312110183688073 -0.006438253209996926 0.9791324562510302
vn 0.10269000459576505 -0.003255120273915973 0.994708081372683
vn 0.20312110183688073 -0.006438253209996926 0.9791324562510302
vn 0.20312110183688073 0.00643825320999649 0.9791324562510302
vn 0.10269000459576505 -0.003255120273915973 0.994708081372683
vn 0.20312110183688073 0.00643825320999649 0.9791324562510302
vn 0.063203989966264 0.04584979434725695 0.996946865189243
vn 0.20312110183688073 -0.006438253209996926 0.9791324562510302
vn 0.39364288832853 -0.012475796490417735 0.91917878074415
vn 0.39364288832853 0.012475796490417326 0.91917878074415
vn 0.20312110183688073 -0.006438253209996926 0.9791324562510302
vn 0.39364288832853 0.012475796490417326 0.91917878074415
vn 0.20312110183688073 0.00643825320999649 0.9791324562510302
vn 0.39364288832853 -0.012475796490417735 0.91917878074415
vn 0.5618901547796293 -0.017805305365472927 0.8270202083761719
vn 0.5618901547796293 0.01780530536547256 0.8270202083761719
vn 0.39364288832853 -0.012475796490417735 0.91917878074415
vn 0.5618901547796293 0.01780530536547256 0.8270202083761719
vn 0.39364288832853 0.012475796490417326 0.91917878074415
vn 0.5618901547796293 -0.017805305365472927 0.8270202083761719
vn 0.7025023394308487 -0.022257310459718925 0.7113333081089935
vn 0.7025023394308487 0.022257310459718606 0.7113333081089935
vn 0.5618901547796293 -0.017805305365472927 0.8270202083761719
vn 0.7025023394308487 0.022257310459718606 0.7113333081089935
vn 0.5618901547796293 0.01780530536547256 0.8270202083761719
vn 0.7025023394308487 -0.022257310459718925 0.7113333081089935
vn 0.8140200878065118 -0.025786204015214306 0.5802640505235221
vn 0.8140200878065118 0.02578620401521405 0.5802640505235221
vn 0.7025023394308487 -0.022257310459718925 0.7113333081089935
vn 0.8140200878065118 0.02578620401521405 0.5802640505235221
vn 0.7025023394308487 0.022257310459718606 0.7113333081089935
vn 0.8140200878065118 -0.025786204015214306 0.5802640505235221
vn 0.8974800634824696 -0.028426101231328393 0.44013803791570755
vn 0.8974800634824696 0.0284261012313282 0.44013803791570755
vn 0.8140200878065118 -0.025786204015214306 0.5802640505235221
vn 0.8974800634824696 0.0284261012313282 0.44013803791570755
vn 0.8140200878065118 0.02578620401521405 0.5802640505235221
vn 0.8974800634824696 -0.028426101231328393 0.44013803791570755
vn 0.9549529942883523 -0.03024329925027994 0.29521199425187283
vn 0.9549529942883523 0.03024329925027981 0.29521199425187283
vn 0.8974800634824696 -0.028426101231328393 0.44013803791570755
vn 0.9549529942883523 0.03024329925027981 0.29521199425187283
vn 0.8974800634824696 0.0284261012313282 0.44013803791570755
vn 0.9549529942883523 -0.03024329925027994 0.29521199425187283
vn 0.9884871870807368 -0.03130330721230102 0.14803102355514824
vn 0.9884871870807368 0.03130330721230096 0.14803102355514824
vn 0.9549529942883523 -0.03024329925027994 0.29521199425187283
vn 0.9884871870807368 0.03130330721230096 0.14803102355514824
vn 0.9549529942883523 0.03024329925027981 0.29521199425187283
vn 0.9884871870807368 -0.03130330721230102 0.14803102355514824
vn 0.997893698760748 -0.042167189370175294 0.049295984767659735
vn 0.997893698760748 0.04216718937017528 0.049295984767659756
vn 0.9884871870807368 -0.03130330721230102 0.14803102355514824
vn 0.997893698760748 0.04216718937017528 0.049295984767659756
vn 0.9884871870807368 0.03130330721230096 0.14803102355514824
vn 1 -2.719262146893782e-32 1.2246467991473532e-16
vn 1 -2.719262146893782e-32 1.2246467991473532e-16
vn 1 -2.719262146893782e-32 1.2246467991473532e-16
vn 1 -2.719262146893782e-32 1.2246467991473532e-16
vn 1 -2.719262146893782e-32 1.2246467991473532e-16
vn 1 -2.719262146893782e-32 1.2246467991473532e-16
vn 0.997893698760748 -0.042167189370175294 0.049295984767659735
vn 0.9973159475375541 -0.06322739667727217 0.0369214991121103
vn 0.9973159475375541 -0.06322739667727215 -0.036921499112110075
vn 0.997893698760748 -0.042167189370175294 0.049295984767659735
vn 0.9973159475375541 -0.06322739667727215 -0.036921499112110075
vn 0.997893698760748 -0.04216718937017528 -0.049295984767659506
vn 0.997893698760748 -0.04216718937017528 -0.049295984767659506
vn 0.9973159475375541 -0.06322739667727215 -0.036921499112110075
vn 0.9870336106093271 -0.06257547060081545 -0.14781394388420047
vn 0.997893698760748 -0.04216718937017528 -0.049295984767659506
vn 0.9870336106093271 -0.06257547060081545 -0.14781394388420047
vn 0.9884871870807368 -0.03130330721230096 -0.148031023555148
vn 0.9884871870807368 -0.03130330721230096 -0.148031023555148
vn 0.9870336106093271 -0.06257547060081545 -0.14781394388420047
vn 0.953641685768651 -0.06045857992193595 -0.29480891315926677
vn 0.9884871870807368 -0.03130330721230096 -0.148031023555148
vn 0.953641685768651 -0.06045857992193595 -0.29480891315926677
vn 0.9549529942883525 -0.030243299250279815 -0.29521199425187267
vn 0.9549529942883525 -0.030243299250279815 -0.29521199425187267
vn 0.953641685768651 -0.06045857992193595 -0.29480891315926677
vn 0.8963897256754108 -0.05682888245851814 -0.4396088463874195
vn 0.9549529942883525 -0.030243299250279815 -0.29521199425187267
vn 0.8963897256754108 -0.05682888245851814 -0.4396088463874195
vn 0.8974800634824697 -0.028426101231328202 -0.4401380379157074
vn 0.8974800634824697 -0.028426101231328202 -0.4401380379157074
vn 0.8963897256754108 -0.05682888245851814 -0.4396088463874195
vn 0.8132043396144397 -0.051555223546844636 -0.5796902284472956
vn 0.8974800634824697 -0.028426101231328202 -0.4401380379157074
vn 0.8132043396144397 -0.051555223546844636 -0.5796902284472956
vn 0.814020087806512 -0.025786204015214042 -0.5802640505235218
vn 0.814020087806512 -0.025786204015214042 -0.5802640505235218
vn 0.8132043396144397 -0.051555223546844636 -0.5796902284472956
vn 0.7620048384847328 -0.048309291661724665 -0.6457668607671029
vn 0.814020087806512 -0.025786204015214042 -0.5802640505235218
vn 0.7620048384847328 -0.048309291661724665 -0.6457668607671029
vn 0.7626729274126804 -0.024161697214622975 -0.6463329004309476
vn 0.5410017531849348 0.31234787978102235 0.7808686861740116
vn 0.5410017531849348 0.31234787978102235 0.7808686861740116
vn 0.5801642587854977 0.24031209600658368 0.7782413053422419
vn 0.5410017531849348 0.31234787978102235 0.7808686861740116
vn 0.5801642587854977 0.24031209600658368 0.7782413053422419
vn 0.5801642587854977 0.24031209600658368 0.7782413053422419
vn 0.5410017531849348 0.31234787978102235 0.7808686861740116
vn 0.5801642587854977 0.24031209600658368 0.7782413053422419
vn 0.5801642587854977 0.24031209600658368 0.7782413053422419
vn 0.5410017531849348 0.31234787978102235 0.7808686861740116
vn 0.5801642587854977 0.24031209600658368 0.7782413053422419
vn 0.5801642587854977 0.24031209600658368 0.7782413053422419
vn 0.44172597198221736 0.4417259719822173 0.7808689591427814
vn 0.44172597198221736 0.4417259719822173 0.7808689591427814
vn 0.49819824225919546 0.3822811892973988 0.7782413531284588
vn 0.44172597198221736 0.4417259719822173 0.7808689591427814
vn 0.49819824225919546 0.3822811892973988 0.7782413531284588
vn 0.49819824225919546 0.3822811892973988 0.7782413531284588
vn 0.44172597198221736 0.4417259719822173 0.7808689591427814
vn 0.49819824225919546 0.3822811892973988 0.7782413531284588
vn 0.49819824225919546 0.3822811892973988 0.7782413531284588
vn 0.44172597198221736 0.4417259719822173 0.7808689591427814
vn 0.49819824225919546 0.3822811892973988 0.7782413531284588
vn 0.49819824225919546 0.3822811892973988 0.7782413531284588
vn 0.44172597198221736 0.4417259719822173 0.7808689591427814
vn 0.49819824225919546 0.3822811892973988 0.7782413531284588
vn 0.49819824225919546 0.3822811892973988 0.7782413531284588
vn 0.44172597198221736 0.4417259719822173 0.7808689591427814
vn 0.49819824225919546 0.3822811892973988 0.7782413531284588
vn 0.49819824225919546 0.3822811892973988 0.7782413531284588
vn 0.44172597198221736 0.4417259719822173 0.7808689591427814
vn 0.49819824225919546 0.3822811892973988 0.7782413531284588
vn 0.49819824225919546 0.3822811892973988 0.7782413531284588
vn 0.44172597198221736 0.4417259719822173 0.7808689591427814
vn 0.49819824225919546 0.3822811892973988 0.7782413531284588
vn 0.49819824225919546 0.3822811892973988 0.7782413531284588
vn 0.44172597198221736 0.4417259719822173 0.7808689591427814
vn 0.49819824225919546 0.3822811892973988 0.7782413531284588
vn 0.49819824225919546 0.3822811892973988 0.7782413531284588
vn 0.44172597198221736 0.4417259719822173 0.7808689591427814
vn 0.49819824225919546 0.3822811892973988 0.7782413531284588
vn 0.49819824225919546 0.3822811892973988 0.7782413531284588
vn 0.44172597198221736 0.4417259719822173 0.7808689591427814
vn 0.49819824225919546 0.3822811892973988 0.7782413531284588
vn 0.49819824225919546 0.3822811892973988 0.7782413531284588
vn 0.44172597198221736 0.4417259719822173 0.7808689591427814
vn 0.49819824225919546 0.3822811892973988 0.7782413531284588
vn 0.49819824225919546 0.3822811892973988 0.7782413531284588
vn 0.44172597198221736 0.4417259719822173 0.7808689591427814
vn 0.49819824225919546 0.3822811892973988 0.7782413531284588
vn 0.49819824225919546 0.3822811892973988 0.7782413531284588
vn 0.44172597198221736 0.4417259719822173 0.7808689591427814
vn 0.49819824225919546 0.3822811892973988 0.7782413531284588
vn 0.49819824225919546 0.3822811892973988 0.7782413531284588
vn 0.44172597198221736 0.4417259719822173 0.7808689591427814
vn 0.49819824225919546 0.3822811892973988 0.7782413531284588
vn 0.5410017531849348 0.31234787978102235 0.7808686861740116
vn 0.44172597198221736 0.4417259719822173 0.7808689591427814
vn 0.5410017531849348 0.31234787978102235 0.7808686861740116
vn 0.5410017531849348 0.31234787978102235 0.7808686861740116
vn 0.3123478797810224 0.5410017531849346 0.7808686861740116
vn 0.3123478797810224 0.5410017531849346 0.7808686861740116
vn 0.38228118929739885 0.4981982422591954 0.7782413531284588
vn 0.3123478797810224 0.5410017531849346 0.7808686861740116
vn 0.38228118929739885 0.4981982422591954 0.7782413531284588
vn 0.38228118929739885 0.4981982422591954 0.7782413531284588
vn 0.3123478797810224 0.5410017531849346 0.7808686861740116
vn 0.38228118929739885 0.4981982422591954 0.7782413531284588
vn 0.38228118929739885 0.4981982422591954 0.7782413531284588
vn 0.3123478797810224 0.5410017531849346 0.7808686861740116
vn 0.38228118929739885 0.4981982422591954 0.7782413531284588
vn 0.38228118929739885 0.4981982422591954 0.7782413531284588
vn 0.3123478797810224 0.5410017531849346 0.7808686861740116
vn 0.38228118929739885 0.4981982422591954 0.7782413531284588
vn 0.38228118929739885 0.4981982422591954 0.7782413531284588
vn 0.3123478797810224 0.5410017531849346 0.7808686861740116
vn 0.38228118929739885 0.4981982422591954 0.7782413531284588
vn 0.44172597198221736 0.4417259719822173 0.7808689591427814
vn 0.3123478797810224 0.5410017531849346 0.7808686861740116
vn 0.44172597198221736 0.4417259719822173 0.7808689591427814
vn 0.44172597198221736 0.4417259719822173 0.7808689591427814
vn 0.3123478797810224 0.5410017531849346 0.7808686861740116
vn 0.3123478797810224 0.5410017531849346 0.7808686861740116
vn 0.2403120960065837 0.5801642587854976 0.7782413053422419
vn 0.3123478797810224 0.5410017531849346 0.7808686861740116
vn 0.2403120960065837 0.5801642587854976 0.7782413053422419
vn 0.2403120960065837 0.5801642587854976 0.7782413053422419
vn 0.3123478797810224 0.5410017531849346 0.7808686861740116
vn 0.2403120960065837 0.5801642587854976 0.7782413053422419
vn 0.2403120960065837 0.5801642587854976 0.7782413053422419
vn 0.3123478797810224 0.5410017531849346 0.7808686861740116
vn 0.2403120960065837 0.5801642587854976 0.7782413053422419
vn 0.2403120960065837 0.5801642587854976 0.7782413053422419
vn 0.3123478797810224 0.5410017531849346 0.7808686861740116
vn 0.2403120960065837 0.5801642587854976 0.7782413053422419
vn 0.2403120960065837 0.5801642587854976 0.7782413053422419
vn 0.3123478797810224 0.5410017531849346 0.7808686861740116
vn 0.2403120960065837 0.5801642587854976 0.7782413053422419
vn 0.2403120960065837 0.5801642587854976 0.7782413053422419
vn 0.3123478797810224 0.5410017531849346 0.7808686861740116
vn 0.2403120960065837 0.5801642587854976 0.7782413053422419
vn 0.2403120960065837 0.5801642587854976 0.7782413053422419
vn 0.3123478797810224 0.5410017531849346 0.7808686861740116
vn 0.2403120960065837 0.5801642587854976 0.7782413053422419
vn 0.2403120960065837 0.5801642587854976 0.7782413053422419
vn 0.3123478797810224 0.5410017531849346 0.7808686861740116
vn 0.2403120960065837 0.5801642587854976 0.7782413053422419
vn 0.2403120960065837 0.5801642587854976 0.7782413053422419
vn 0.3123478797810224 0.5410017531849346 0.7808686861740116
vn 0.2403120960065837 0.5801642587854976 0.7782413053422419
vn 0.2403120960065837 0.5801642587854976 0.7782413053422419
vn 0.3123478797810224 0.5410017531849346 0.7808686861740116
vn 0.2403120960065837 0.5801642587854976 0.7782413053422419
vn 0.2403120960065837 0.5801642587854976 0.7782413053422419
vn 0.3123478797810224 0.5410017531849346 0.7808686861740116
vn 0.2403120960065837 0.5801642587854976 0.7782413053422419
vn 0.2403120960065837 0.5801642587854976 0.7782413053422419
vn 0.3123478797810224 0.5410017531849346 0.7808686861740116
vn 0.2403120960065837 0.5801642587854976 0.7782413053422419
vn 0.2403120960065837 0.5801642587854976 0.7782413053422419
vn 0.3123478797810224 0.5410017531849346 0.7808686861740116
vn 0.2403120960065837 0.5801642587854976 0.7782413053422419
vn 0.3123478797810224 0.5410017531849346 0.7808686861740116
vn 0.3123478797810224 0.5410017531849346 0.7808686861740116
vn 0.3123478797810224 0.5410017531849346 0.7808686861740116
vn 0.3123478797810224 0.5410017531849346 0.7808686861740116
vn 0.3123478797810224 0.5410017531849346 0.7808686861740116
vn 0.3123478797810224 0.5410017531849346 0.7808686861740116
vn 0.16168297631616957 0.6034089293777289 0.7808689256954511
vn 0.3123478797810224 0.5410017531849346 0.7808686861740116
vn 0.16168297631616957 0.6034089293777289 0.7808689256954511
vn 0.16168297631616957 0.6034089293777289 0.7808689256954511
vn 0.44172597198221736 0.4417259719822173 0.7808689591427814
vn 0.44172597198221736 0.4417259719822173 0.7808689591427814
vn 0.38228118929739885 0.4981982422591954 0.7782413531284588
vn 0.44172597198221736 0.4417259719822173 0.7808689591427814
vn 0.38228118929739885 0.4981982422591954 0.7782413531284588
vn 0.38228118929739885 0.4981982422591954 0.7782413531284588
vn 0.44172597198221736 0.4417259719822173 0.7808689591427814
vn 0.38228118929739885 0.4981982422591954 0.7782413531284588
vn 0.3123478797810224 0.5410017531849346 0.7808686861740116
vn 0.44172597198221736 0.4417259719822173 0.7808689591427814
vn 0.3123478797810224 0.5410017531849346 0.7808686861740116
vn 0.3123478797810224 0.5410017531849346 0.7808686861740116
vn 0.44172597198221736 0.4417259719822173 0.7808689591427814
vn 0.49819824225919546 0.3822811892973988 0.7782413531284588
vn 0.49819824225919546 0.3822811892973988 0.7782413531284588
vn 0.44172597198221736 0.4417259719822173 0.7808689591427814
vn 0.49819824225919546 0.3822811892973988 0.7782413531284588
vn 0.44172597198221736 0.4417259719822173 0.7808689591427814
vn -0.9549529942883525 -0.030243299250279947 0.29521199425187267
vn -0.9747096608795238 -0.03086768918564251 0.22133292288419862
vn -0.9733161330543897 -0.061705906053145056 0.2210160317583546
vn -0.9549529942883525 -0.030243299250279947 0.29521199425187267
vn -0.9733161330543897 -0.061705906053145056 0.2210160317583546
vn -0.953641685768651 -0.060458579921936074 0.29480891315926677
vn -0.9884871870807368 0.03130330721230096 0.148031023555148
vn -0.9889720895373942 -6.097793236334702e-16 0.14810201253203994
vn -0.9751744292719917 -1.1446196356916556e-15 0.2214381008183671
vn -0.9884871870807368 0.03130330721230096 0.148031023555148
vn -0.9751744292719917 -1.1446196356916556e-15 0.2214381008183671
vn -0.9747096608795238 -0.03086768918564251 0.22133292288419862
vn -0.9884871870807368 0.03130330721230096 0.148031023555148
vn -0.9747096608795238 -0.03086768918564251 0.22133292288419862
vn -0.9549529942883525 -0.030243299250279947 0.29521199425187267
vn -0.9884871870807368 0.03130330721230096 0.148031023555148
vn -0.9549529942883525 -0.030243299250279947 0.29521199425187267
vn -0.9549529942883525 0.030243299250279815 0.29521199425187267
vn -0.997893698760748 0.04216718937017528 0.049295984767659506
vn -0.9972626934299164 -7.154455696648416e-17 0.07393997763665143
vn -0.9889720895373942 -6.097793236334702e-16 0.14810201253203994
vn -0.997893698760748 0.04216718937017528 0.049295984767659506
vn -0.9889720895373942 -6.097793236334702e-16 0.14810201253203994
vn -0.9884871870807368 0.03130330721230096 0.148031023555148
vn -1 4.272550123585355e-16 -3.8619046543550785e-15
vn -1 4.272550123585355e-16 -3.8619046543550785e-15
vn -1 4.272550123585355e-16 -3.8619046543550785e-15
vn -1 4.272550123585355e-16 -3.8619046543550785e-15
vn -1 4.272550123585355e-16 -3.8619046543550785e-15
vn -1 4.272550123585355e-16 -3.8619046543550785e-15
vn -0.9911882616833642 0.12711103768077664 0.037264111432135295
vn -0.9918769611300214 0.12720099834307114 -5.047715410599104e-15
vn -0.997996406738971 0.0632706261712538 -6.985953454240452e-15
vn -0.9911882616833642 0.12711103768077664 0.037264111432135295
vn -0.997996406738971 0.0632706261712538 -6.985953454240452e-15
vn -0.997893698760748 0.04216718937017528 0.049295984767659506
vn -0.9659927816002284 0.2557509593340005 -0.03807089040187835
vn -0.9809777334210754 0.1904729510684168 -0.03745319002886282
vn -0.9918769611300214 0.12720099834307114 -5.047715410599104e-15
vn -0.9659927816002284 0.2557509593340005 -0.03807089040187835
vn -0.9918769611300214 0.12720099834307114 -5.047715410599104e-15
vn -0.9911882616833642 0.12711103768077664 0.037264111432135295
vn -0.9659927816002284 0.2557509593340005 -0.03807089040187835
vn -0.9911882616833642 0.12711103768077664 0.037264111432135295
vn -0.9659927816002284 0.2557509593340005 0.03807089040187823
vn -0.9659927816002284 0.2557509593340005 -0.03807089040187835
vn -0.9638920660793572 0.2551920335816388 -0.0760862073291608
vn -0.9809777334210754 0.1904729510684168 -0.03745319002886282
vn -0.9104658975125578 0.38242895422414586 -0.1574799810695907
vn -0.9360731665954024 0.31630306929162777 -0.15401102277678616
vn -0.9638920660793572 0.2551920335816388 -0.0760862073291608
vn -0.9104658975125578 0.38242895422414586 -0.1574799810695907
vn -0.9638920660793572 0.2551920335816388 -0.0760862073291608
vn -0.9659927816002284 0.2557509593340005 -0.03807089040187835
vn -0.9104658975125578 0.38242895422414586 -0.1574799810695907
vn -0.9659927816002284 0.2557509593340005 -0.03807089040187835
vn -0.9212381790336327 0.38699708732506244 -0.039414107787876324
vn -0.9104658975125578 0.38242895422414586 -0.1574799810695907
vn -0.8961209375066028 0.37636496918745505 -0.235194973013483
vn -0.9360731665954024 0.31630306929162777 -0.15401102277678616
vn -0.8069692573530928 0.49263917023680787 -0.3257411021584284
vn -0.8456071457331146 0.4290580682625815 -0.31758105917053175
vn -0.8961209375066028 0.37636496918745505 -0.235194973013483
vn -0.8069692573530928 0.49263917023680787 -0.3257411021584284
vn -0.8961209375066028 0.37636496918745505 -0.235194973013483
vn -0.9104658975125578 0.38242895422414586 -0.1574799810695907
vn -0.8069692573530928 0.49263917023680787 -0.3257411021584284
vn -0.9104658975125578 0.38242895422414586 -0.1574799810695907
vn -0.8417950117349676 0.5140769982919696 -0.16463899308864835
vn -0.8069692573530928 0.49263917023680787 -0.3257411021584284
vn -0.7809976706738673 0.47667179788261027 -0.40351782551128207
vn -0.8456071457331146 0.4290580682625815 -0.31758105917053175
vn -0.6546350087330867 0.567466017622342 -0.4994350049654823
vn -0.7069772968524822 0.5123021894774723 -0.487575192551616
vn -0.7809976706738673 0.47667179788261027 -0.40351782551128207
vn -0.6546350087330867 0.567466017622342 -0.4994350049654823
vn -0.7809976706738673 0.47667179788261027 -0.40351782551128207
vn -0.8069692573530928 0.49263917023680787 -0.3257411021584284
vn -0.6546350087330867 0.567466017622342 -0.4994350049654823
vn -0.8069692573530928 0.49263917023680787 -0.3257411021584284
vn -0.7099750072601918 0.6158319738262518 -0.34159401206571727
vn -0.6546350087330867 0.567466017622342 -0.4994350049654823
vn -0.6194081454973458 0.5367191403455507 -0.5729451227458628
vn -0.7069772968524822 0.5123021894774723 -0.487575192551616
vn -0.5307298290987703 0.6688567515948637 -0.5205348156951242
vn -0.4998158084694804 0.6296047534033348 -0.5947957734348198
vn -0.6194081454973458 0.5367191403455507 -0.5729451227458628
vn -0.5307298290987703 0.6688567515948637 -0.5205348156951242
vn -0.6194081454973458 0.5367191403455507 -0.5729451227458628
vn -0.6546350087330867 0.567466017622342 -0.4994350049654823
vn -0.3764932739850445 0.752886531305216 -0.5398283853441037
vn -0.3529929025133655 0.7055107561545088 -0.6145328174519917
vn -0.4998158084694804 0.6296047534033348 -0.5947957734348198
vn -0.3764932739850445 0.752886531305216 -0.5398283853441037
vn -0.4998158084694804 0.6296047534033348 -0.5947957734348198
vn -0.5307298290987703 0.6688567515948637 -0.5205348156951242
vn -0.1694640152861529 0.6988850576842854 -0.6948680620583505
vn -0.25176406520619204 0.6808671941127827 -0.6877751954322274
vn -0.3529929025133655 0.7055107561545088 -0.6145328174519917
vn -0.1694640152861529 0.6988850576842854 -0.6948680620583505
vn -0.3529929025133655 0.7055107561545088 -0.6145328174519917
vn -0.3764932739850445 0.752886531305216 -0.5398283853441037
vn -0.1694640152861529 0.6988850576842854 -0.6948680620583505
vn -0.3764932739850445 0.752886531305216 -0.5398283853441037
vn -0.1960309645260667 0.8093688638490744 -0.5536189151199936
vn -0.1694640152861529 0.6988850576842854 -0.6948680620583505
vn -0.15441895903891154 0.6364318029686117 -0.7557177682570798
vn -0.2296970255765883 0.6211900699593245 -0.7492410649618707
vn -0.1694640152861529 0.6988850576842854 -0.6948680620583505
vn -0.2296970255765883 0.6211900699593245 -0.7492410649618707
vn -0.25176406520619204 0.6808671941127827 -0.6877751954322274
vn -0.04301560011189111 0.7139089846472079 -0.698916032000273
vn -0.039141401831458776 0.649385991747384 -0.7594509756297207
vn -0.15441895903891154 0.6364318029686117 -0.7557177682570798
vn -0.04301560011189111 0.7139089846472079 -0.698916032000273
vn -0.15441895903891154 0.6364318029686117 -0.7557177682570798
vn -0.1694640152861529 0.6988850576842854 -0.6948680620583505
vn 0.035177003769014475 0.5834650448469975 -0.8113760656117028
vn -8.79551850882077e-17 0.5838457239602484 -0.8118646257925846
vn -0.039141401831458776 0.649385991747384 -0.7594509756297207
vn 0.035177003769014475 0.5834650448469975 -0.8113760656117028
vn -0.039141401831458776 0.649385991747384 -0.7594509756297207
vn -0.04301560011189111 0.7139089846472079 -0.698916032000273
vn 0.035177003769014475 0.5834650448469975 -0.8113760656117028
vn -0.04301560011189111 0.7139089846472079 -0.698916032000273
vn 0.04301560011189129 0.7139089846472079 -0.698916032000273
vn 0.02673879459445999 0.44327690997003616 -0.8959858357982293
vn 1.3849546268602017e-16 0.4434520524980826 -0.8962980961350068
vn -8.79551850882077e-17 0.5838457239602484 -0.8118646257925846
vn 0.02673879459445999 0.44327690997003616 -0.8959858357982293
vn -8.79551850882077e-17 0.5838457239602484 -0.8118646257925846
vn 0.035177003769014475 0.5834650448469975 -0.8113760656117028
vn 0.01796290542928421 0.2976750882402686 -0.954498232512605
vn 1.0103906841225198e-15 0.2977339641889768 -0.954648881300511
vn 1.3849546268602017e-16 0.4434520524980826 -0.8962980961350068
vn 0.01796290542928421 0.2976750882402686 -0.954498232512605
vn 1.3849546268602017e-16 0.4434520524980826 -0.8962980961350068
vn 0.02673879459445999 0.44327690997003616 -0.8959858357982293
vn 0.009016133191317445 0.14937605582604738 -0.9887393505308313
vn 1.9141999251099623e-15 0.14938794792763335 -0.9887786612857149
vn 1.6055117260976615e-15 0.22332901820264672 -0.9747431198160066
vn 0.009016133191317445 0.14937605582604738 -0.9887393505308313
vn 1.6055117260976615e-15 0.22332901820264672 -0.9747431198160066
vn 1.0103906841225198e-15 0.2977339641889768 -0.954648881300511
vn 0.009016133191317445 0.14937605582604738 -0.9887393505308313
vn 1.0103906841225198e-15 0.2977339641889768 -0.954648881300511
vn 0.01796290542928421 0.2976750882402686 -0.954498232512605
vn 0.009016133191317445 0.14937605582604738 -0.9887393505308313
vn 0.004503301675242065 0.07459992796725749 -0.9972033749548294
vn 1.9141999251099623e-15 0.14938794792763335 -0.9887786612857149
vn 0.03577011359432296 0.14704105046055024 -0.9884833981675702
vn 0.01787489680265789 0.0734617866391911 -0.9971378309782817
vn 0.004503301675242065 0.07459992796725749 -0.9972033749548294
vn 0.03577011359432296 0.14704105046055024 -0.9884833981675702
vn 0.004503301675242065 0.07459992796725749 -0.9972033749548294
vn 0.009016133191317445 0.14937605582604738 -0.9887393505308313
vn 0.07036342553092742 0.14012605094589112 -0.9876303347882057
vn 0.03519910102597861 0.07008140334034278 -0.9969200671030809
vn 0.01787489680265789 0.0734617866391911 -0.9971378309782817
vn 0.07036342553092742 0.14012605094589112 -0.9876303347882057
vn 0.01787489680265789 0.0734617866391911 -0.9971378309782817
vn 0.03577011359432296 0.14704105046055024 -0.9884833981675702
vn 0.10266404824535032 0.12888905341017592 -0.986330423899063
vn 0.05144058688037453 0.06456608130256199 -0.9965867183374627
vn 0.03519910102597861 0.07008140334034278 -0.9969200671030809
vn 0.10266404824535032 0.12888905341017592 -0.986330423899063
vn 0.03519910102597861 0.07008140334034278 -0.9969200671030809
vn 0.07036342553092742 0.14012605094589112 -0.9876303347882057
vn 0.13166901969617317 0.11373801758722744 -0.9847471414569205
vn 0.06610411711554441 0.05708901645191264 -0.9961782420334866
vn 0.05144058688037453 0.06456608130256199 -0.9965867183374627
vn 0.13166901969617317 0.11373801758722744 -0.9847471414569205
vn 0.05144058688037453 0.06456608130256199 -0.9965867183374627
vn 0.10266404824535032 0.12888905341017592 -0.986330423899063
vn 0.1565229706600487 0.0951976795806325 -0.983075765878814
vn 0.07874600678031644 0.047882804129297955 -0.995744095380369
vn 0.06610411711554441 0.05708901645191264 -0.9961782420334866
vn 0.1565229706600487 0.0951976795806325 -0.983075765878814
vn 0.06610411711554441 0.05708901645191264 -0.9961782420334866
vn 0.13166901969617317 0.11373801758722744 -0.9847471414569205
vn 0.17653695076695403 0.07387687888964571 -0.981517657395643
vn 0.08898776401009637 0.037231185432194815 -0.9953366348566683
vn 0.07874600678031644 0.047882804129297955 -0.995744095380369
vn 0.17653695076695403 0.07387687888964571 -0.981517657395643
vn 0.07874600678031644 0.047882804129297955 -0.995744095380369
vn 0.1565229706600487 0.0951976795806325 -0.983075765878814
vn 0.191190047671592 0.05043870981037902 -0.9802562431446172
vn 0.09652568154643866 0.025459296149475338 -0.9950048326724694
vn 0.08898776401009637 0.037231185432194815 -0.9953366348566683
vn 0.191190047671592 0.05043870981037902 -0.9802562431446172
vn 0.08898776401009637 0.037231185432194815 -0.9953366348566683
vn 0.17653695076695403 0.07387687888964571 -0.981517657395643
vn 0.20012105976569455 0.025576707111254007 -0.9794372841032757
vn 0.10113805098320053 0.012923306375720402 -0.9947884613301657
vn 0.09652568154643866 0.025459296149475338 -0.9950048326724694
vn 0.20012105976569455 0.025576707111254007 -0.9794372841032757
vn 0.09652568154643866 0.025459296149475338 -0.9950048326724694
vn 0.191190047671592 0.05043870981037902 -0.9802562431446172
vn 0.20312110183688095 0.006438253209996926 -0.9791324562510302
vn 0.10269000459576529 0.003255120273915973 -0.994708081372683
vn 0.10113805098320053 0.012923306375720402 -0.9947884613301657
vn 0.20312110183688095 0.006438253209996926 -0.9791324562510302
vn 0.10113805098320053 0.012923306375720402 -0.9947884613301657
vn 0.20012105976569455 0.025576707111254007 -0.9794372841032757
vn 0.20312110183688095 0.006438253209996926 -0.9791324562510302
vn 0.20312995749509058 3.2425706625631805e-14 -0.9791517861741573
vn 0.10269000459576529 0.003255120273915973 -0.994708081372683
vn 0.3936428883285302 0.012475796490417732 -0.9191787807441498
vn 0.39368021449451107 4.853590955175961e-16 -0.91924745782382
vn 0.20312995749509058 3.2425706625631805e-14 -0.9791517861741573
vn 0.3936428883285302 0.012475796490417732 -0.9191787807441498
vn 0.20312995749509058 3.2425706625631805e-14 -0.9791517861741573
vn 0.20312110183688095 0.006438253209996926 -0.9791324562510302
vn 0.5618901547796294 0.017805305365472927 -0.8270202083761716
vn 0.5619858976075269 -7.338182458848587e-16 -0.8271468133833694
vn 0.39368021449451107 4.853590955175961e-16 -0.91924745782382
vn 0.5618901547796294 0.017805305365472927 -0.8270202083761716
vn 0.39368021449451107 4.853590955175961e-16 -0.91924745782382
vn 0.3936428883285302 0.012475796490417732 -0.9191787807441498
vn 0.7025023394308489 0.022257310459718925 -0.7113333081089933
vn 0.702682040769372 -3.0221538308254937e-16 -0.7115040053156347
vn 0.6369539235540591 -3.580023311247767e-16 -0.7709018739561408
vn 0.7025023394308489 0.022257310459718925 -0.7113333081089933
vn 0.6369539235540591 -3.580023311247767e-16 -0.7709018739561408
vn 0.5619858976075269 -7.338182458848587e-16 -0.8271468133833694
vn 0.7025023394308489 0.022257310459718925 -0.7113333081089933
vn 0.5619858976075269 -7.338182458848587e-16 -0.8271468133833694
vn 0.5618901547796294 0.017805305365472927 -0.8270202083761716
vn 0.814020087806512 -0.025786204015214042 -0.5802640505235218
vn 0.7626729274126804 -0.024161697214622975 -0.6463329004309476
vn 0.702682040769372 -3.0221538308254937e-16 -0.7115040053156347
vn 0.814020087806512 -0.025786204015214042 -0.5802640505235218
vn 0.702682040769372 -3.0221538308254937e-16 -0.7115040053156347
vn 0.7025023394308489 0.022257310459718925 -0.7113333081089933
vn 0.814020087806512 -0.025786204015214042 -0.5802640505235218
vn 0.7025023394308489 0.022257310459718925 -0.7113333081089933
vn 0.814020087806512 0.025786204015214302 -0.5802640505235218
vn 0.8057377342633958 0.10320196977689942 -0.5832118457458296
vn 0.814020087806512 0.025786204015214302 -0.5802640505235218
vn 0.7025023394308489 0.022257310459718925 -0.7113333081089933
vn 0.8057377342633958 0.10320196977689942 -0.5832118457458296
vn 0.7025023394308489 0.022257310459718925 -0.7113333081089933
vn 0.6944659268009215 0.08889679484901854 -0.7140129105122041
vn 0.8893151304717238 0.11396601861197148 -0.44286605798570383
vn 0.8974800634824697 0.0284261012313284 -0.4401380379157074
vn 0.814020087806512 0.025786204015214302 -0.5802640505235218
vn 0.8893151304717238 0.11396601861197148 -0.44286605798570383
vn 0.814020087806512 0.025786204015214302 -0.5802640505235218
vn 0.8057377342633958 0.10320196977689942 -0.5832118457458296
vn 0.9470368917544741 0.12140998582805966 -0.29728898566421
vn 0.9549529942883525 0.030243299250279947 -0.29521199425187267
vn 0.8974800634824697 0.0284261012313284 -0.4401380379157074
vn 0.9470368917544741 0.12140998582805966 -0.29728898566421
vn 0.8974800634824697 0.0284261012313284 -0.4401380379157074
vn 0.8893151304717238 0.11396601861197148 -0.44286605798570383
vn 0.9807842615696394 0.12576602786482322 -0.1491480422010342
vn 0.9884871870807368 0.03130330721230102 -0.148031023555148
vn 0.9549529942883525 0.030243299250279947 -0.29521199425187267
vn 0.9807842615696394 0.12576602786482322 -0.1491480422010342
vn 0.9549529942883525 0.030243299250279947 -0.29521199425187267
vn 0.9470368917544741 0.12140998582805966 -0.29728898566421
vn 0.9911882616833642 0.12711103768077664 -0.03726411143213524
vn 0.997893698760748 0.042167189370175294 -0.049295984767659486
vn 0.9884871870807368 0.03130330721230102 -0.148031023555148
vn 0.9911882616833642 0.12711103768077664 -0.03726411143213524
vn 0.9884871870807368 0.03130330721230102 -0.148031023555148
vn 0.9807842615696394 0.12576602786482322 -0.1491480422010342
vn 0.997893698760748 0.042167189370175294 -0.049295984767659486
vn 0.9911882616833642 0.12711103768077664 -0.03726411143213524
vn 0.9911882616833642 0.12711103768077664 0.03726411143213553
vn 0.997893698760748 0.042167189370175294 -0.049295984767659486
vn 0.9911882616833642 0.12711103768077664 0.03726411143213553
vn 0.997893698760748 0.04216718937017528 0.049295984767659756
vn 0.9911882616833642 0.12711103768077664 -0.03726411143213524
vn 0.9659927816002284 0.2557509593340005 -0.03807089040187811
vn 0.9659927816002284 0.2557509593340005 0.038070890401878464
vn 0.9911882616833642 0.12711103768077664 -0.03726411143213524
vn 0.9659927816002284 0.2557509593340005 0.038070890401878464
vn 0.9911882616833642 0.12711103768077664 0.03726411143213553
vn 0.9659927816002284 0.2557509593340005 -0.03807089040187811
vn 0.9911882616833642 0.12711103768077664 -0.03726411143213524
vn 0.9807842615696394 0.12576602786482322 -0.1491480422010342
vn 0.9659927816002284 0.2557509593340005 -0.03807089040187811
vn 0.9807842615696394 0.12576602786482322 -0.1491480422010342
vn 0.9554254626294783 0.2529288656906312 -0.1522799207371017
vn 0.9554254626294783 0.2529288656906312 -0.1522799207371017
vn 0.9807842615696394 0.12576602786482322 -0.1491480422010342
vn 0.9470368917544741 0.12140998582805966 -0.29728898566421
vn 0.9554254626294783 0.2529288656906312 -0.1522799207371017
vn 0.9470368917544741 0.12140998582805966 -0.29728898566421
vn 0.9212434867903906 0.24381712725249277 -0.30309016233560865
vn 0.9212434867903906 0.24381712725249277 -0.30309016233560865
vn 0.9470368917544741 0.12140998582805966 -0.29728898566421
vn 0.8893151304717238 0.11396601861197148 -0.44286605798570383
vn 0.9212434867903906 0.24381712725249277 -0.30309016233560865
vn 0.8893151304717238 0.11396601861197148 -0.44286605798570383
vn 0.86310997287512 0.22833699605574612 -0.4504479891793813
vn 0.86310997287512 0.22833699605574612 -0.4504479891793813
vn 0.8893151304717238 0.11396601861197148 -0.44286605798570383
vn 0.8057377342633958 0.10320196977689942 -0.5832118457458296
vn 0.86310997287512 0.22833699605574612 -0.4504479891793813
vn 0.8057377342633958 0.10320196977689942 -0.5832118457458296
vn 0.7796214113219679 0.20613810731158577 -0.5913522940873233
vn 0.7796214113219679 0.20613810731158577 -0.5913522940873233
vn 0.8057377342633958 0.10320196977689942 -0.5832118457458296
vn 0.6944659268009215 0.08889679484901854 -0.7140129105122041
vn 0.7796214113219679 0.20613810731158577 -0.5913522940873233
vn 0.6944659268009215 0.08889679484901854 -0.7140129105122041
vn 0.6695807774986788 0.1769309360486559 -0.7213577657953169
vn 0.6695807774986788 0.1769309360486559 -0.7213577657953169
vn 0.6944659268009215 0.08889679484901854 -0.7140129105122041
vn 0.5547213019236176 0.07096413688114811 -0.8290044441792096
vn 0.6695807774986788 0.1769309360486559 -0.7213577657953169
vn 0.5547213019236176 0.07096413688114811 -0.8290044441792096
vn 0.5328928137776943 0.14072094356779244 -0.8343997034188603
vn 0.6944659268009215 0.08889679484901854 -0.7140129105122041
vn 0.7025023394308489 0.022257310459718925 -0.7113333081089933
vn 0.5618901547796294 0.017805305365472927 -0.8270202083761716
vn 0.6944659268009215 0.08889679484901854 -0.7140129105122041
vn 0.5618901547796294 0.017805305365472927 -0.8270202083761716
vn 0.5547213019236176 0.07096413688114811 -0.8290044441792096
vn 0.5547213019236176 0.07096413688114811 -0.8290044441792096
vn 0.5618901547796294 0.017805305365472927 -0.8270202083761716
vn 0.3936428883285302 0.012475796490417732 -0.9191787807441498
vn 0.5547213019236176 0.07096413688114811 -0.8290044441792096
vn 0.3936428883285302 0.012475796490417732 -0.9191787807441498
vn 0.3881561586354773 0.04962812198098891 -0.9202564023259988
vn 0.3881561586354773 0.04962812198098891 -0.9202564023259988
vn 0.3936428883285302 0.012475796490417732 -0.9191787807441498
vn 0.20312110183688095 0.006438253209996926 -0.9791324562510302
vn 0.3881561586354773 0.04962812198098891 -0.9202564023259988
vn 0.20312110183688095 0.006438253209996926 -0.9791324562510302
vn 0.20012105976569455 0.025576707111254007 -0.9794372841032757
vn 0.37167297597890503 0.09809159916922519 -0.9231669605761508
vn 0.3881561586354773 0.04962812198098891 -0.9202564023259988
vn 0.20012105976569455 0.025576707111254007 -0.9794372841032757
vn 0.37167297597890503 0.09809159916922519 -0.9231669605761508
vn 0.20012105976569455 0.025576707111254007 -0.9794372841032757
vn 0.191190047671592 0.05043870981037902 -0.9802562431446172
vn 0.5328928137776943 0.14072094356779244 -0.8343997034188603
vn 0.5547213019236176 0.07096413688114811 -0.8290044441792096
vn 0.3881561586354773 0.04962812198098891 -0.9202564023259988
vn 0.5328928137776943 0.14072094356779244 -0.8343997034188603
vn 0.3881561586354773 0.04962812198098891 -0.9202564023259988
vn 0.37167297597890503 0.09809159916922519 -0.9231669605761508
vn 0.496312935166887 0.20790296819214546 -0.8428818577967646
vn 0.5328928137776943 0.14072094356779244 -0.8343997034188603
vn 0.37167297597890503 0.09809159916922519 -0.9231669605761508
vn 0.496312935166887 0.20790296819214546 -0.8428818577967646
vn 0.37167297597890503 0.09809159916922519 -0.9231669605761508
vn 0.3443960103206259 0.14418100456145913 -0.9276870301987001
vn 0.6272760037925597 0.26294299978237196 -0.7330660229007238
vn 0.6695807774986788 0.1769309360486559 -0.7213577657953169
vn 0.5328928137776943 0.14072094356779244 -0.8343997034188603
vn 0.6272760037925597 0.26294299978237196 -0.7330660229007238
vn 0.5328928137776943 0.14072094356779244 -0.8343997034188603
vn 0.496312935166887 0.20790296819214546 -0.8428818577967646
vn 0.734588134686238 0.3081360314988497 -0.6045100979060098
vn 0.7796214113219679 0.20613810731158577 -0.5913522940873233
vn 0.6695807774986788 0.1769309360486559 -0.7213577657953169
vn 0.734588134686238 0.3081360314988497 -0.6045100979060098
vn 0.6695807774986788 0.1769309360486559 -0.7213577657953169
vn 0.6272760037925597 0.26294299978237196 -0.7330660229007238
vn 0.8173600144267967 0.3430620261915398 -0.4628510051858826
vn 0.86310997287512 0.22833699605574612 -0.4504479891793813
vn 0.7796214113219679 0.20613810731158577 -0.5913522940873233
vn 0.8173600144267967 0.3430620261915398 -0.4628510051858826
vn 0.7796214113219679 0.20613810731158577 -0.5913522940873233
vn 0.734588134686238 0.3081360314988497 -0.6045100979060098
vn 0.8757829394551822 0.3677539759131265 -0.31266796471549235
vn 0.9212434867903906 0.24381712725249277 -0.30309016233560865
vn 0.86310997287512 0.22833699605574612 -0.4504479891793813
vn 0.8757829394551822 0.3677539759131265 -0.31266796471549235
vn 0.86310997287512 0.22833699605574612 -0.4504479891793813
vn 0.8173600144267967 0.3430620261915398 -0.4628510051858826
vn 0.910465897512558 0.3824289542241459 -0.15747998106959052
vn 0.9554254626294783 0.2529288656906312 -0.1522799207371017
vn 0.9212434867903906 0.24381712725249277 -0.30309016233560865
vn 0.910465897512558 0.3824289542241459 -0.15747998106959052
vn 0.9212434867903906 0.24381712725249277 -0.30309016233560865
vn 0.8757829394551822 0.3677539759131265 -0.31266796471549235
vn 0.9212381790336327 0.38699708732506244 -0.0394141077878761
vn 0.9659927816002284 0.2557509593340005 -0.03807089040187811
vn 0.9554254626294783 0.2529288656906312 -0.1522799207371017
vn 0.9212381790336327 0.38699708732506244 -0.0394141077878761
vn 0.9554254626294783 0.2529288656906312 -0.1522799207371017
vn 0.910465897512558 0.3824289542241459 -0.15747998106959052
vn 0.9659927816002284 0.2557509593340005 -0.03807089040187811
vn 0.9212381790336327 0.38699708732506244 -0.0394141077878761
vn 0.9212381790336327 0.38699708732506244 0.03941410778787649
vn 0.9659927816002284 0.2557509593340005 -0.03807089040187811
vn 0.9212381790336327 0.38699708732506244 0.03941410778787649
vn 0.9659927816002284 0.2557509593340005 0.038070890401878464
vn 0.9212381790336327 0.38699708732506244 -0.0394141077878761
vn 0.8526837170682522 0.5207948020481037 -0.04127048347603126
vn 0.8526837170682522 0.5207948020481037 0.041270483476031704
vn 0.9212381790336327 0.38699708732506244 -0.0394141077878761
vn 0.8526837170682522 0.5207948020481037 0.041270483476031704
vn 0.9212381790336327 0.38699708732506244 0.03941410778787649
vn 0.8526837170682522 0.5207948020481037 -0.04127048347603126
vn 0.9212381790336327 0.38699708732506244 -0.0394141077878761
vn 0.910465897512558 0.3824289542241459 -0.15747998106959052
vn 0.8526837170682522 0.5207948020481037 -0.04127048347603126
vn 0.910465897512558 0.3824289542241459 -0.15747998106959052
vn 0.8417950117349676 0.5140769982919696 -0.16463899308864816
vn 0.8417950117349676 0.5140769982919696 -0.16463899308864816
vn 0.910465897512558 0.3824289542241459 -0.15747998106959052
vn 0.8757829394551822 0.3677539759131265 -0.31266796471549235
vn 0.8417950117349676 0.5140769982919696 -0.16463899308864816
vn 0.8757829394551822 0.3677539759131265 -0.31266796471549235
vn 0.8069692573530928 0.49263917023680787 -0.3257411021584283
vn 0.8069692573530928 0.49263917023680787 -0.3257411021584283
vn 0.8757829394551822 0.3677539759131265 -0.31266796471549235
vn 0.8173600144267967 0.3430620261915398 -0.4628510051858826
vn 0.8069692573530928 0.49263917023680787 -0.3257411021584283
vn 0.8173600144267967 0.3430620261915398 -0.4628510051858826
vn 0.7490879286681811 0.4570579754723574 -0.4795469551365373
vn 0.7490879286681811 0.4570579754723574 -0.4795469551365373
vn 0.8173600144267967 0.3430620261915398 -0.4628510051858826
vn 0.734588134686238 0.3081360314988497 -0.6045100979060098
vn 0.7490879286681811 0.4570579754723574 -0.4795469551365373
vn 0.734588134686238 0.3081360314988497 -0.6045100979060098
vn 0.6686040836052229 0.40767202904638017 -0.6219100386065717
vn 0.6686040836052229 0.40767202904638017 -0.6219100386065717
vn 0.734588134686238 0.3081360314988497 -0.6045100979060098
vn 0.6272760037925597 0.26294299978237196 -0.7330660229007238
vn 0.6686040836052229 0.40767202904638017 -0.6219100386065717
vn 0.6272760037925597 0.26294299978237196 -0.7330660229007238
vn 0.5665480186459212 0.3451850291728787 -0.7482450388765032
vn 0.5665480186459212 0.3451850291728787 -0.7482450388765032
vn 0.6272760037925597 0.26294299978237196 -0.7330660229007238
vn 0.496312935166887 0.20790296819214546 -0.8428818577967646
vn 0.5665480186459212 0.3451850291728787 -0.7482450388765032
vn 0.496312935166887 0.20790296819214546 -0.8428818577967646
vn 0.44486380233898615 0.2708468694358774 -0.8536616254027611
vn 0.44486380233898615 0.2708468694358774 -0.8536616254027611
vn 0.496312935166887 0.20790296819214546 -0.8428818577967646
vn 0.3443960103206259 0.14418100456145913 -0.9276870301987001
vn 0.44486380233898615 0.2708468694358774 -0.8536616254027611
vn 0.3443960103206259 0.14418100456145913 -0.9276870301987001
vn 0.30669600379304657 0.18661000204358108 -0.9333350247337074
vn 0.30669600379304657 0.18661000204358108 -0.9333350247337074
vn 0.3443960103206259 0.14418100456145913 -0.9276870301987001
vn 0.17653695076695403 0.07387687888964571 -0.981517657395643
vn 0.30669600379304657 0.18661000204358108 -0.9333350247337074
vn 0.17653695076695403 0.07387687888964571 -0.981517657395643
vn 0.1565229706600487 0.0951976795806325 -0.983075765878814
vn 0.3443960103206259 0.14418100456145913 -0.9276870301987001
vn 0.37167297597890503 0.09809159916922519 -0.9231669605761508
vn 0.191190047671592 0.05043870981037902 -0.9802562431446172
vn 0.3443960103206259 0.14418100456145913 -0.9276870301987001
vn 0.191190047671592 0.05043870981037902 -0.9802562431446172
vn 0.17653695076695403 0.07387687888964571 -0.981517657395643
vn 0.2592300761280772 0.22402207730801935 -0.939475319797828
vn 0.30669600379304657 0.18661000204358108 -0.9333350247337074
vn 0.1565229706600487 0.0951976795806325 -0.983075765878814
vn 0.2592300761280772 0.22402207730801935 -0.939475319797828
vn 0.1565229706600487 0.0951976795806325 -0.983075765878814
vn 0.13166901969617317 0.11373801758722744 -0.9847471414569205
vn 0.37873598764053906 0.32750999781235335 -0.8656189999063663
vn 0.44486380233898615 0.2708468694358774 -0.8536616254027611
vn 0.30669600379304657 0.18661000204358108 -0.9333350247337074
vn 0.37873598764053906 0.32750999781235335 -0.8656189999063663
vn 0.30669600379304657 0.18661000204358108 -0.9333350247337074
vn 0.2592300761280772 0.22402207730801935 -0.939475319797828
vn 0.48654494867488707 0.4210709515572891 -0.7654889069565874
vn 0.5665480186459212 0.3451850291728787 -0.7482450388765032
vn 0.44486380233898615 0.2708468694358774 -0.8536616254027611
vn 0.48654494867488707 0.4210709515572891 -0.7654889069565874
vn 0.44486380233898615 0.2708468694358774 -0.8536616254027611
vn 0.37873598764053906 0.32750999781235335 -0.8656189999063663
vn 0.579424898029797 0.5018759279265997 -0.642173917650798
vn 0.6686040836052229 0.40767202904638017 -0.6219100386065717
vn 0.5665480186459212 0.3451850291728787 -0.7482450388765032
vn 0.579424898029797 0.5018759279265997 -0.642173917650798
vn 0.5665480186459212 0.3451850291728787 -0.7482450388765032
vn 0.48654494867488707 0.4210709515572891 -0.7654889069565874
vn 0.6546350087330867 0.567466017622342 -0.49943500496548215
vn 0.7490879286681811 0.4570579754723574 -0.4795469551365373
vn 0.6686040836052229 0.40767202904638017 -0.6219100386065717
vn 0.6546350087330867 0.567466017622342 -0.49943500496548215
vn 0.6686040836052229 0.40767202904638017 -0.6219100386065717
vn 0.579424898029797 0.5018759279265997 -0.642173917650798
vn 0.7099750072601918 0.6158319738262518 -0.3415940120657171
vn 0.8069692573530928 0.49263917023680787 -0.3257411021584283
vn 0.7490879286681811 0.4570579754723574 -0.4795469551365373
vn 0.7099750072601918 0.6158319738262518 -0.3415940120657171
vn 0.7490879286681811 0.4570579754723574 -0.4795469551365373
vn 0.6546350087330867 0.567466017622342 -0.49943500496548215
vn 0.743835196341595 0.6454721844525506 -0.1734210476888932
vn 0.8417950117349676 0.5140769982919696 -0.16463899308864816
vn 0.8069692573530928 0.49263917023680787 -0.3257411021584283
vn 0.743835196341595 0.6454721844525506 -0.1734210476888932
vn 0.8069692573530928 0.49263917023680787 -0.3257411021584283
vn 0.7099750072601918 0.6158319738262518 -0.3415940120657171
vn 0.7545092271741751 0.6548422404022467 -0.04355991613851902
vn 0.8526837170682522 0.5207948020481037 -0.04127048347603126
vn 0.8417950117349676 0.5140769982919696 -0.16463899308864816
vn 0.7545092271741751 0.6548422404022467 -0.04355991613851902
vn 0.8417950117349676 0.5140769982919696 -0.16463899308864816
vn 0.743835196341595 0.6454721844525506 -0.1734210476888932
vn 0.8526837170682522 0.5207948020481037 -0.04127048347603126
vn 0.7545092271741751 0.6548422404022467 -0.04355991613851902
vn 0.7545092271741751 0.6548422404022467 0.043559916138519485
vn 0.8526837170682522 0.5207948020481037 -0.04127048347603126
vn 0.7545092271741751 0.6548422404022467 0.043559916138519485
vn 0.8526837170682522 0.5207948020481037 0.041270483476031704
vn 0.7545092271741751 0.6548422404022467 -0.04355991613851902
vn 0.6203542533373656 0.7829663415644671 -0.04609021960670111
vn 0.6203542533373656 0.7829663415644671 0.04609021960670162
vn 0.7545092271741751 0.6548422404022467 -0.04355991613851902
vn 0.6203542533373656 0.7829663415644671 0.04609021960670162
vn 0.7545092271741751 0.6548422404022467 0.043559916138519485
vn 0.6203542533373656 0.7829663415644671 -0.04609021960670111
vn 0.7545092271741751 0.6548422404022467 -0.04355991613851902
vn 0.743835196341595 0.6454721844525506 -0.1734210476888932
vn 0.6203542533373656 0.7829663415644671 -0.04609021960670111
vn 0.743835196341595 0.6454721844525506 -0.1734210476888932
vn 0.6105950128124245 0.7704930024185387 -0.1830690130870342
vn 0.6105950128124245 0.7704930024185387 -0.1830690130870342
vn 0.743835196341595 0.6454721844525506 -0.1734210476888932
vn 0.7099750072601918 0.6158319738262518 -0.3415940120657171
vn 0.6105950128124245 0.7704930024185387 -0.1830690130870342
vn 0.7099750072601918 0.6158319738262518 -0.3415940120657171
vn 0.5799248665520922 0.7314168311436834 -0.3587709133615355
vn 0.5799248665520922 0.7314168311436834 -0.3587709133615355
vn 0.7099750072601918 0.6158319738262518 -0.3415940120657171
vn 0.6546350087330867 0.567466017622342 -0.49943500496548215
vn 0.5799248665520922 0.7314168311436834 -0.3587709133615355
vn 0.6546350087330867 0.567466017622342 -0.49943500496548215
vn 0.5307298290987704 0.6688567515948637 -0.520534815695124
vn 0.5307298290987704 0.6688567515948637 -0.520534815695124
vn 0.6546350087330867 0.567466017622342 -0.49943500496548215
vn 0.579424898029797 0.5018759279265997 -0.642173917650798
vn 0.5307298290987704 0.6688567515948637 -0.520534815695124
vn 0.579424898029797 0.5018759279265997 -0.642173917650798
vn 0.46551699228847426 0.5861369690751301 -0.6631269737946967
vn 0.46551699228847426 0.5861369690751301 -0.6631269737946967
vn 0.579424898029797 0.5018759279265997 -0.642173917650798
vn 0.48654494867488707 0.4210709515572891 -0.7654889069565874
vn 0.46551699228847426 0.5861369690751301 -0.6631269737946967
vn 0.48654494867488707 0.4210709515572891 -0.7654889069565874
vn 0.3872020983887718 0.4870701246970483 -0.7828392099473134
vn 0.3872020983887718 0.4870701246970483 -0.7828392099473134
vn 0.48654494867488707 0.4210709515572891 -0.7654889069565874
vn 0.37873598764053906 0.32750999781235335 -0.8656189999063663
vn 0.3872020983887718 0.4870701246970483 -0.7828392099473134
vn 0.37873598764053906 0.32750999781235335 -0.8656189999063663
vn 0.298768034007058 0.37550401257686034 -0.8773450851257073
vn 0.298768034007058 0.37550401257686034 -0.8773450851257073
vn 0.37873598764053906 0.32750999781235335 -0.8656189999063663
vn 0.2592300761280772 0.22402207730801935 -0.939475319797828
vn 0.298768034007058 0.37550401257686034 -0.8773450851257073
vn 0.2592300761280772 0.22402207730801935 -0.939475319797828
vn 0.20305203700474841 0.25503205039418636 -0.9453721613946326
vn 0.20305203700474841 0.25503205039418636 -0.9453721613946326
vn 0.2592300761280772 0.22402207730801935 -0.939475319797828
vn 0.13166901969617317 0.11373801758722744 -0.9847471414569205
vn 0.20305203700474841 0.25503205039418636 -0.9453721613946326
vn 0.13166901969617317 0.11373801758722744 -0.9847471414569205
vn 0.10266404824535032 0.12888905341017592 -0.986330423899063
vn 0.13969695078772285 0.27832489265092925 -0.9502736532554511
vn 0.20305203700474841 0.25503205039418636 -0.9453721613946326
vn 0.10266404824535032 0.12888905341017592 -0.986330423899063
vn 0.13969695078772285 0.27832489265092925 -0.9502736532554511
vn 0.10266404824535032 0.12888905341017592 -0.986330423899063
vn 0.07036342553092742 0.14012605094589112 -0.9876303347882057
vn 0.20678491545411568 0.41227784111514815 -0.8872806661175858
vn 0.298768034007058 0.37550401257686034 -0.8773450851257073
vn 0.20305203700474841 0.25503205039418636 -0.9453721613946326
vn 0.20678491545411568 0.41227784111514815 -0.8872806661175858
vn 0.20305203700474841 0.25503205039418636 -0.9453721613946326
vn 0.13969695078772285 0.27832489265092925 -0.9502736532554511
vn 0.270053968992224 0.5389139379328335 -0.7978988791402537
vn 0.3872020983887718 0.4870701246970483 -0.7828392099473134
vn 0.298768034007058 0.37550401257686034 -0.8773450851257073
vn 0.270053968992224 0.5389139379328335 -0.7978988791402537
vn 0.298768034007058 0.37550401257686034 -0.8773450851257073
vn 0.20678491545411568 0.41227784111514815 -0.8872806661175858
vn 0.32746109018210035 0.65415316103552 -0.6818012000018682
vn 0.46551699228847426 0.5861369690751301 -0.6631269737946967
vn 0.3872020983887718 0.4870701246970483 -0.7828392099473134
vn 0.32746109018210035 0.65415316103552 -0.6818012000018682
vn 0.3872020983887718 0.4870701246970483 -0.7828392099473134
vn 0.270053968992224 0.5389139379328335 -0.7978988791402537
vn 0.3764932739850446 0.752886531305216 -0.5398283853441036
vn 0.5307298290987704 0.6688567515948637 -0.520534815695124
vn 0.46551699228847426 0.5861369690751301 -0.6631269737946967
vn 0.3764932739850446 0.752886531305216 -0.5398283853441036
vn 0.46551699228847426 0.5861369690751301 -0.6631269737946967
vn 0.32746109018210035 0.65415316103552 -0.6818012000018682
vn 0.41435702564780613 0.8293480659313102 -0.37482001124846354
vn 0.5799248665520922 0.7314168311436834 -0.3587709133615355
vn 0.5307298290987704 0.6688567515948637 -0.520534815695124
vn 0.41435702564780613 0.8293480659313102 -0.37482001124846354
vn 0.5307298290987704 0.6688567515948637 -0.520534815695124
vn 0.3764932739850446 0.752886531305216 -0.5398283853441036
vn 0.43839083821435787 0.8779906965970684 -0.19221292791773156
vn 0.6105950128124245 0.7704930024185387 -0.1830690130870342
vn 0.5799248665520922 0.7314168311436834 -0.3587709133615355
vn 0.43839083821435787 0.8779906965970684 -0.19221292791773156
vn 0.5799248665520922 0.7314168311436834 -0.3587709133615355
vn 0.41435702564780613 0.8293480659313102 -0.37482001124846354
vn 0.4461071179011362 0.8936642383785771 -0.048504313222429166
vn 0.6203542533373656 0.7829663415644671 -0.04609021960670111
vn 0.6105950128124245 0.7704930024185387 -0.1830690130870342
vn 0.4461071179011362 0.8936642383785771 -0.048504313222429166
vn 0.6105950128124245 0.7704930024185387 -0.1830690130870342
vn 0.43839083821435787 0.8779906965970684 -0.19221292791773156
vn 0.6203542533373656 0.7829663415644671 -0.04609021960670111
vn 0.4461071179011362 0.8936642383785771 -0.048504313222429166
vn 0.4461071179011362 0.8936642383785771 0.048504313222429665
vn 0.6203542533373656 0.7829663415644671 -0.04609021960670111
vn 0.4461071179011362 0.8936642383785771 0.048504313222429665
vn 0.6203542533373656 0.7829663415644671 0.04609021960670162
vn 0.4461071179011362 0.8936642383785771 -0.048504313222429166
vn 0.2346580147652764 0.9707760707598097 -0.0502935040195483
vn 0.2346580147652764 0.9707760707598097 0.05029350401954878
vn 0.4461071179011362 0.8936642383785771 -0.048504313222429166
vn 0.2346580147652764 0.9707760707598097 0.05029350401954878
vn 0.4461071179011362 0.8936642383785771 0.048504313222429665
vn 0.2346580147652764 0.9707760707598097 -0.0502935040195483
vn 0.4461071179011362 0.8936642383785771 -0.048504313222429166
vn 0.43839083821435787 0.8779906965970684 -0.19221292791773156
vn 0.2346580147652764 0.9707760707598097 -0.0502935040195483
vn 0.43839083821435787 0.8779906965970684 -0.19221292791773156
vn 0.23032003269379078 0.9525601154540906 -0.19895202684572214
vn 0.23032003269379078 0.9525601154540906 -0.19895202684572214
vn 0.43839083821435787 0.8779906965970684 -0.19221292791773156
vn 0.41435702564780613 0.8293480659313102 -0.37482001124846354
vn 0.23032003269379078 0.9525601154540906 -0.19895202684572214
vn 0.41435702564780613 0.8293480659313102 -0.37482001124846354
vn 0.21689693578700478 0.8964217800897095 -0.3865018905865847
vn 0.21689693578700478 0.8964217800897095 -0.3865018905865847
vn 0.41435702564780613 0.8293480659313102 -0.37482001124846354
vn 0.3764932739850446 0.752886531305216 -0.5398283853441036
vn 0.21689693578700478 0.8964217800897095 -0.3865018905865847
vn 0.3764932739850446 0.752886531305216 -0.5398283853441036
vn 0.1960309645260668 0.8093688638490741 -0.5536189151199935
vn 0.1960309645260668 0.8093688638490741 -0.5536189151199935
vn 0.3764932739850446 0.752886531305216 -0.5398283853441036
vn 0.32746109018210035 0.65415316103552 -0.6818012000018682
vn 0.1960309645260668 0.8093688638490741 -0.5536189151199935
vn 0.32746109018210035 0.65415316103552 -0.6818012000018682
vn 0.169464015286153 0.6988850576842853 -0.6948680620583504
vn 0.169464015286153 0.6988850576842853 -0.6948680620583504
vn 0.32746109018210035 0.65415316103552 -0.6818012000018682
vn 0.270053968992224 0.5389139379328335 -0.7978988791402537
vn 0.169464015286153 0.6988850576842853 -0.6948680620583504
vn 0.270053968992224 0.5389139379328335 -0.7978988791402537
vn 0.1389159304839951 0.5722687331094113 -0.8082146134308109
vn 0.1389159304839951 0.5722687331094113 -0.8082146134308109
vn 0.270053968992224 0.5389139379328335 -0.7978988791402537
vn 0.20678491545411568 0.41227784111514815 -0.8872806661175858
vn 0.1389159304839951 0.5722687331094113 -0.8082146134308109
vn 0.20678491545411568 0.41227784111514815 -0.8872806661175858
vn 0.10581303929263561 0.435479160906807 -0.8939583329952009
vn 0.10581303929263561 0.435479160906807 -0.8939583329952009
vn 0.20678491545411568 0.41227784111514815 -0.8872806661175858
vn 0.13969695078772285 0.27832489265092925 -0.9502736532554511
vn 0.10581303929263561 0.435479160906807 -0.8939583329952009
vn 0.13969695078772285 0.27832489265092925 -0.9502736532554511
vn 0.07119588268947784 0.2927989229703086 -0.953519762246957
vn 0.07119588268947784 0.2927989229703086 -0.953519762246957
vn 0.13969695078772285 0.27832489265092925 -0.9502736532554511
vn 0.07036342553092742 0.14012605094589112 -0.9876303347882057
vn 0.07119588268947784 0.2927989229703086 -0.953519762246957
vn 0.07036342553092742 0.14012605094589112 -0.9876303347882057
vn 0.03577011359432296 0.14704105046055024 -0.9884833981675702
vn 0.01796290542928421 0.2976750882402686 -0.954498232512605
vn 0.07119588268947784 0.2927989229703086 -0.953519762246957
vn 0.03577011359432296 0.14704105046055024 -0.9884833981675702
vn 0.01796290542928421 0.2976750882402686 -0.954498232512605
vn 0.03577011359432296 0.14704105046055024 -0.9884833981675702
vn 0.009016133191317445 0.14937605582604738 -0.9887393505308313
vn 0.02673879459445999 0.44327690997003616 -0.8959858357982293
vn 0.10581303929263561 0.435479160906807 -0.8939583329952009
vn 0.07119588268947784 0.2927989229703086 -0.953519762246957
vn 0.02673879459445999 0.44327690997003616 -0.8959858357982293
vn 0.07119588268947784 0.2927989229703086 -0.953519762246957
vn 0.01796290542928421 0.2976750882402686 -0.954498232512605
vn 0.035177003769014475 0.5834650448469975 -0.8113760656117028
vn 0.1389159304839951 0.5722687331094113 -0.8082146134308109
vn 0.10581303929263561 0.435479160906807 -0.8939583329952009
vn 0.035177003769014475 0.5834650448469975 -0.8113760656117028
vn 0.10581303929263561 0.435479160906807 -0.8939583329952009
vn 0.02673879459445999 0.44327690997003616 -0.8959858357982293
vn 0.04301560011189129 0.7139089846472079 -0.698916032000273
vn 0.169464015286153 0.6988850576842853 -0.6948680620583504
vn 0.1389159304839951 0.5722687331094113 -0.8082146134308109
vn 0.04301560011189129 0.7139089846472079 -0.698916032000273
vn 0.1389159304839951 0.5722687331094113 -0.8082146134308109
vn 0.035177003769014475 0.5834650448469975 -0.8113760656117028
vn 0.04988201715517888 0.8283833391486334 -0.5579362219694027
vn 0.1960309645260668 0.8093688638490741 -0.5536189151199935
vn 0.169464015286153 0.6988850576842853 -0.6948680620583504
vn 0.04988201715517888 0.8283833391486334 -0.5579362219694027
vn 0.169464015286153 0.6988850576842853 -0.6948680620583504
vn 0.04301560011189129 0.7139089846472079 -0.698916032000273
vn 0.05531221021854288 0.9190701522663679 -0.39019304787991194
vn 0.21689693578700478 0.8964217800897095 -0.3865018905865847
vn 0.1960309645260668 0.8093688638490741 -0.5536189151199935
vn 0.05531221021854288 0.9190701522663679 -0.39019304787991194
vn 0.1960309645260668 0.8093688638490741 -0.5536189151199935
vn 0.04988201715517888 0.8283833391486334 -0.5579362219694027
vn 0.05882409530139272 0.9778039336871591 -0.20109498521318261
vn 0.23032003269379078 0.9525601154540906 -0.19895202684572214
vn 0.21689693578700478 0.8964217800897095 -0.3865018905865847
vn 0.05882409530139272 0.9778039336871591 -0.20109498521318261
vn 0.21689693578700478 0.8964217800897095 -0.3865018905865847
vn 0.05531221021854288 0.9190701522663679 -0.39019304787991194
vn 0.0799237333215599 0.9944924486206917 -0.06780093279863456
vn 0.2346580147652764 0.9707760707598097 -0.0502935040195483
vn 0.23032003269379078 0.9525601154540906 -0.19895202684572214
vn 0.0799237333215599 0.9944924486206917 -0.06780093279863456
vn 0.23032003269379078 0.9525601154540906 -0.19895202684572214
vn 0.05882409530139272 0.9778039336871591 -0.20109498521318261
vn 0.2346580147652764 0.9707760707598097 -0.0502935040195483
vn 0.0799237333215599 0.9944924486206917 -0.06780093279863456
vn 0.07992373332155989 0.9944924486206917 0.06780093279863503
vn 0.2346580147652764 0.9707760707598097 -0.0502935040195483
vn 0.07992373332155989 0.9944924486206917 0.06780093279863503
vn 0.2346580147652764 0.9707760707598097 0.05029350401954878
vn -2.5407181807812022e-33 1 2.220446049250313e-16
vn -2.5407181807812022e-33 1 2.220446049250313e-16
vn -2.5407181807812022e-33 1 2.220446049250313e-16
vn -2.5407181807812022e-33 1 2.220446049250313e-16
vn -2.5407181807812022e-33 1 2.220446049250313e-16
vn -2.5407181807812022e-33 1 2.220446049250313e-16
vn -0.0799237333215599 0.9944924486206917 0.067800932798635
vn -0.05882409530139272 0.9778039336871591 0.20109498521318303
vn 0.058824095301392675 0.9778039336871591 0.20109498521318303
vn -0.0799237333215599 0.9944924486206917 0.067800932798635
vn 0.058824095301392675 0.9778039336871591 0.20109498521318303
vn 0.07992373332155989 0.9944924486206917 0.06780093279863503
vn -0.0799237333215599 0.9944924486206917 0.067800932798635
vn -0.2346580147652764 0.9707760707598097 0.050293504019548727
vn -0.23032003269379075 0.9525601154540904 0.19895202684572252
vn -0.0799237333215599 0.9944924486206917 0.067800932798635
vn -0.23032003269379075 0.9525601154540904 0.19895202684572252
vn -0.05882409530139272 0.9778039336871591 0.20109498521318303
vn -0.2346580147652764 0.9707760707598097 0.050293504019548727
vn -0.0799237333215599 0.9944924486206917 0.067800932798635
vn -0.07992373332155989 0.9944924486206917 -0.06780093279863458
vn -0.2346580147652764 0.9707760707598097 0.050293504019548727
vn -0.07992373332155989 0.9944924486206917 -0.06780093279863458
vn -0.2346580147652764 0.9707760707598097 -0.05029350401954836
vn -0.2346580147652764 0.9707760707598097 -0.05029350401954836
vn -0.07992373332155989 0.9944924486206917 -0.06780093279863458
vn -0.058824095301392675 0.9778039336871591 -0.20109498521318261
vn -0.2346580147652764 0.9707760707598097 -0.05029350401954836
vn -0.058824095301392675 0.9778039336871591 -0.20109498521318261
vn -0.23032003269379073 0.9525601154540906 -0.1989520268457222
vn 0.0799237333215599 0.9944924486206917 -0.06780093279863456
vn 0.05882409530139272 0.9778039336871591 -0.20109498521318261
vn -0.058824095301392675 0.9778039336871591 -0.20109498521318261
vn 0.0799237333215599 0.9944924486206917 -0.06780093279863456
vn -0.058824095301392675 0.9778039336871591 -0.20109498521318261
vn -0.07992373332155989 0.9944924486206917 -0.06780093279863458
vn 0.05882409530139272 0.9778039336871591 -0.20109498521318261
vn 0.05531221021854288 0.9190701522663679 -0.39019304787991194
vn -0.05531221021854279 0.9190701522663679 -0.39019304787991194
vn 0.05882409530139272 0.9778039336871591 -0.20109498521318261
vn -0.05531221021854279 0.9190701522663679 -0.39019304787991194
vn -0.058824095301392675 0.9778039336871591 -0.20109498521318261
vn 0.05531221021854288 0.9190701522663679 -0.39019304787991194
vn 0.04988201715517888 0.8283833391486334 -0.5579362219694027
vn -0.04988201715517874 0.8283833391486334 -0.5579362219694027
vn 0.05531221021854288 0.9190701522663679 -0.39019304787991194
vn -0.04988201715517874 0.8283833391486334 -0.5579362219694027
vn -0.05531221021854279 0.9190701522663679 -0.39019304787991194
vn 0.04988201715517888 0.8283833391486334 -0.5579362219694027
vn 0.04301560011189129 0.7139089846472079 -0.698916032000273
vn -0.04301560011189111 0.7139089846472079 -0.698916032000273
vn 0.04988201715517888 0.8283833391486334 -0.5579362219694027
vn -0.04301560011189111 0.7139089846472079 -0.698916032000273
vn -0.04988201715517874 0.8283833391486334 -0.5579362219694027
vn -0.1960309645260667 0.8093688638490744 -0.5536189151199936
vn -0.04988201715517874 0.8283833391486334 -0.5579362219694027
vn -0.04301560011189111 0.7139089846472079 -0.698916032000273
vn -0.1960309645260667 0.8093688638490744 -0.5536189151199936
vn -0.04301560011189111 0.7139089846472079 -0.698916032000273
vn -0.1694640152861529 0.6988850576842854 -0.6948680620583505
vn -0.2168969357870047 0.8964217800897095 -0.3865018905865847
vn -0.05531221021854279 0.9190701522663679 -0.39019304787991194
vn -0.04988201715517874 0.8283833391486334 -0.5579362219694027
vn -0.2168969357870047 0.8964217800897095 -0.3865018905865847
vn -0.04988201715517874 0.8283833391486334 -0.5579362219694027
vn -0.1960309645260667 0.8093688638490744 -0.5536189151199936
vn -0.23032003269379073 0.9525601154540906 -0.1989520268457222
vn -0.058824095301392675 0.9778039336871591 -0.20109498521318261
vn -0.05531221021854279 0.9190701522663679 -0.39019304787991194
vn -0.23032003269379073 0.9525601154540906 -0.1989520268457222
vn -0.05531221021854279 0.9190701522663679 -0.39019304787991194
vn -0.2168969357870047 0.8964217800897095 -0.3865018905865847
vn -0.43839083821435787 0.8779906965970684 -0.1922129279177317
vn -0.23032003269379073 0.9525601154540906 -0.1989520268457222
vn -0.2168969357870047 0.8964217800897095 -0.3865018905865847
vn -0.43839083821435787 0.8779906965970684 -0.1922129279177317
vn -0.2168969357870047 0.8964217800897095 -0.3865018905865847
vn -0.41435702564780597 0.8293480659313102 -0.37482001124846365
vn -0.4461071179011362 0.8936642383785771 -0.04850431322242927
vn -0.2346580147652764 0.9707760707598097 -0.05029350401954836
vn -0.23032003269379073 0.9525601154540906 -0.1989520268457222
vn -0.4461071179011362 0.8936642383785771 -0.04850431322242927
vn -0.23032003269379073 0.9525601154540906 -0.1989520268457222
vn -0.43839083821435787 0.8779906965970684 -0.1922129279177317
vn -0.4461071179011362 0.8936642383785771 0.048504313222429554
vn -0.2346580147652764 0.9707760707598097 0.050293504019548727
vn -0.2346580147652764 0.9707760707598097 -0.05029350401954836
vn -0.4461071179011362 0.8936642383785771 0.048504313222429554
vn -0.2346580147652764 0.9707760707598097 -0.05029350401954836
vn -0.4461071179011362 0.8936642383785771 -0.04850431322242927
vn -0.2346580147652764 0.9707760707598097 0.050293504019548727
vn -0.4461071179011362 0.8936642383785771 0.048504313222429554
vn -0.43839083821435787 0.8779906965970684 0.19221292791773192
vn -0.2346580147652764 0.9707760707598097 0.050293504019548727
vn -0.43839083821435787 0.8779906965970684 0.19221292791773192
vn -0.23032003269379075 0.9525601154540904 0.19895202684572252
vn -0.4461071179011362 0.8936642383785771 0.048504313222429554
vn -0.6203542533373656 0.7829663415644671 0.04609021960670146
vn -0.6105950128124245 0.7704930024185387 0.18306901308703452
vn -0.4461071179011362 0.8936642383785771 0.048504313222429554
vn -0.6105950128124245 0.7704930024185387 0.18306901308703452
vn -0.43839083821435787 0.8779906965970684 0.19221292791773192
vn -0.6203542533373656 0.7829663415644671 0.04609021960670146
vn -0.4461071179011362 0.8936642383785771 0.048504313222429554
vn -0.4461071179011362 0.8936642383785771 -0.04850431322242927
vn -0.6203542533373656 0.7829663415644671 0.04609021960670146
vn -0.4461071179011362 0.8936642383785771 -0.04850431322242927
vn -0.6203542533373656 0.7829663415644671 -0.04609021960670127
vn -0.6203542533373656 0.7829663415644671 -0.04609021960670127
vn -0.4461071179011362 0.8936642383785771 -0.04850431322242927
vn -0.43839083821435787 0.8779906965970684 -0.1922129279177317
vn -0.6203542533373656 0.7829663415644671 -0.04609021960670127
vn -0.43839083821435787 0.8779906965970684 -0.1922129279177317
vn -0.6105950128124245 0.7704930024185387 -0.18306901308703433
vn -0.6105950128124245 0.7704930024185387 -0.18306901308703433
vn -0.43839083821435787 0.8779906965970684 -0.1922129279177317
vn -0.41435702564780597 0.8293480659313102 -0.37482001124846365
vn -0.6105950128124245 0.7704930024185387 -0.18306901308703433
vn -0.41435702564780597 0.8293480659313102 -0.37482001124846365
vn -0.5799248665520922 0.7314168311436835 -0.35877091336153566
vn -0.5799248665520922 0.7314168311436835 -0.35877091336153566
vn -0.41435702564780597 0.8293480659313102 -0.37482001124846365
vn -0.3764932739850445 0.752886531305216 -0.5398283853441037
vn -0.5799248665520922 0.7314168311436835 -0.35877091336153566
vn -0.3764932739850445 0.752886531305216 -0.5398283853441037
vn -0.5307298290987703 0.6688567515948637 -0.5205348156951242
vn -0.41435702564780597 0.8293480659313102 -0.37482001124846365
vn -0.2168969357870047 0.8964217800897095 -0.3865018905865847
vn -0.1960309645260667 0.8093688638490744 -0.5536189151199936
vn -0.41435702564780597 0.8293480659313102 -0.37482001124846365
vn -0.1960309645260667 0.8093688638490744 -0.5536189151199936
vn -0.3764932739850445 0.752886531305216 -0.5398283853441037
vn -0.7099750072601918 0.6158319738262518 -0.34159401206571727
vn -0.5799248665520922 0.7314168311436835 -0.35877091336153566
vn -0.5307298290987703 0.6688567515948637 -0.5205348156951242
vn -0.7099750072601918 0.6158319738262518 -0.34159401206571727
vn -0.5307298290987703 0.6688567515948637 -0.5205348156951242
vn -0.6546350087330867 0.567466017622342 -0.4994350049654823
vn -0.743835196341595 0.6454721844525506 -0.1734210476888934
vn -0.6105950128124245 0.7704930024185387 -0.18306901308703433
vn -0.5799248665520922 0.7314168311436835 -0.35877091336153566
vn -0.743835196341595 0.6454721844525506 -0.1734210476888934
vn -0.5799248665520922 0.7314168311436835 -0.35877091336153566
vn -0.7099750072601918 0.6158319738262518 -0.34159401206571727
vn -0.7545092271741751 0.6548422404022467 -0.0435599161385192
vn -0.6203542533373656 0.7829663415644671 -0.04609021960670127
vn -0.6105950128124245 0.7704930024185387 -0.18306901308703433
vn -0.7545092271741751 0.6548422404022467 -0.0435599161385192
vn -0.6105950128124245 0.7704930024185387 -0.18306901308703433
vn -0.743835196341595 0.6454721844525506 -0.1734210476888934
vn -0.7545092271741751 0.6548422404022467 0.043559916138519304
vn -0.6203542533373656 0.7829663415644671 0.04609021960670146
vn -0.6203542533373656 0.7829663415644671 -0.04609021960670127
vn -0.7545092271741751 0.6548422404022467 0.043559916138519304
vn -0.6203542533373656 0.7829663415644671 -0.04609021960670127
vn -0.7545092271741751 0.6548422404022467 -0.0435599161385192
vn -0.6203542533373656 0.7829663415644671 0.04609021960670146
vn -0.7545092271741751 0.6548422404022467 0.043559916138519304
vn -0.743835196341595 0.6454721844525506 0.17342104768889346
vn -0.6203542533373656 0.7829663415644671 0.04609021960670146
vn -0.743835196341595 0.6454721844525506 0.17342104768889346
vn -0.6105950128124245 0.7704930024185387 0.18306901308703452
vn -0.7545092271741751 0.6548422404022467 0.043559916138519304
vn -0.8526837170682522 0.5207948020481037 0.04127048347603149
vn -0.8417950117349676 0.5140769982919695 0.16463899308864835
vn -0.7545092271741751 0.6548422404022467 0.043559916138519304
vn -0.8417950117349676 0.5140769982919695 0.16463899308864835
vn -0.743835196341595 0.6454721844525506 0.17342104768889346
vn -0.8526837170682522 0.5207948020481037 0.04127048347603149
vn -0.7545092271741751 0.6548422404022467 0.043559916138519304
vn -0.7545092271741751 0.6548422404022467 -0.0435599161385192
vn -0.8526837170682522 0.5207948020481037 0.04127048347603149
vn -0.7545092271741751 0.6548422404022467 -0.0435599161385192
vn -0.8526837170682522 0.5207948020481037 -0.041270483476031475
vn -0.8526837170682522 0.5207948020481037 -0.041270483476031475
vn -0.7545092271741751 0.6548422404022467 -0.0435599161385192
vn -0.743835196341595 0.6454721844525506 -0.1734210476888934
vn -0.8526837170682522 0.5207948020481037 -0.041270483476031475
vn -0.743835196341595 0.6454721844525506 -0.1734210476888934
vn -0.8417950117349676 0.5140769982919696 -0.16463899308864835
vn -0.8417950117349676 0.5140769982919696 -0.16463899308864835
vn -0.743835196341595 0.6454721844525506 -0.1734210476888934
vn -0.7099750072601918 0.6158319738262518 -0.34159401206571727
vn -0.8417950117349676 0.5140769982919696 -0.16463899308864835
vn -0.7099750072601918 0.6158319738262518 -0.34159401206571727
vn -0.8069692573530928 0.49263917023680787 -0.3257411021584284
vn -0.9212381790336327 0.38699708732506244 -0.039414107787876324
vn -0.8526837170682522 0.5207948020481037 -0.041270483476031475
vn -0.8417950117349676 0.5140769982919696 -0.16463899308864835
vn -0.9212381790336327 0.38699708732506244 -0.039414107787876324
vn -0.8417950117349676 0.5140769982919696 -0.16463899308864835
vn -0.9104658975125578 0.38242895422414586 -0.1574799810695907
vn -0.9212381790336327 0.38699708732506244 0.03941410778787627
vn -0.8526837170682522 0.5207948020481037 0.04127048347603149
vn -0.8526837170682522 0.5207948020481037 -0.041270483476031475
vn -0.9212381790336327 0.38699708732506244 0.03941410778787627
vn -0.8526837170682522 0.5207948020481037 -0.041270483476031475
vn -0.9212381790336327 0.38699708732506244 -0.039414107787876324
vn -0.8526837170682522 0.5207948020481037 0.04127048347603149
vn -0.9212381790336327 0.38699708732506244 0.03941410778787627
vn -0.910465897512558 0.3824289542241459 0.15747998106959069
vn -0.8526837170682522 0.5207948020481037 0.04127048347603149
vn -0.910465897512558 0.3824289542241459 0.15747998106959069
vn -0.8417950117349676 0.5140769982919695 0.16463899308864835
vn -0.9212381790336327 0.38699708732506244 0.03941410778787627
vn -0.9659927816002284 0.2557509593340005 0.03807089040187823
vn -0.9554254626294783 0.25292886569063117 0.1522799207371018
vn -0.9212381790336327 0.38699708732506244 0.03941410778787627
vn -0.9554254626294783 0.25292886569063117 0.1522799207371018
vn -0.910465897512558 0.3824289542241459 0.15747998106959069
vn -0.9659927816002284 0.2557509593340005 0.03807089040187823
vn -0.9212381790336327 0.38699708732506244 0.03941410778787627
vn -0.9212381790336327 0.38699708732506244 -0.039414107787876324
vn -0.9659927816002284 0.2557509593340005 0.03807089040187823
vn -0.9212381790336327 0.38699708732506244 -0.039414107787876324
vn -0.9659927816002284 0.2557509593340005 -0.03807089040187835
vn -0.9659927816002284 0.2557509593340005 0.03807089040187823
vn -0.9911882616833642 0.12711103768077664 0.037264111432135295
vn -0.9807842615696394 0.12576602786482316 0.14914804220103428
vn -0.9659927816002284 0.2557509593340005 0.03807089040187823
vn -0.9807842615696394 0.12576602786482316 0.14914804220103428
vn -0.9554254626294783 0.25292886569063117 0.1522799207371018
vn -0.9911882616833642 0.12711103768077664 0.037264111432135295
vn -0.997893698760748 0.04216718937017528 0.049295984767659506
vn -0.9884871870807368 0.03130330721230096 0.148031023555148
vn -0.9911882616833642 0.12711103768077664 0.037264111432135295
vn -0.9884871870807368 0.03130330721230096 0.148031023555148
vn -0.9807842615696394 0.12576602786482316 0.14914804220103428
vn -0.9807842615696394 0.12576602786482316 0.14914804220103428
vn -0.9884871870807368 0.03130330721230096 0.148031023555148
vn -0.9549529942883525 0.030243299250279815 0.29521199425187267
vn -0.9807842615696394 0.12576602786482316 0.14914804220103428
vn -0.9549529942883525 0.030243299250279815 0.29521199425187267
vn -0.9470368917544741 0.12140998582805952 0.2972889856642101
vn -0.9470368917544741 0.12140998582805952 0.2972889856642101
vn -0.9549529942883525 0.030243299250279815 0.29521199425187267
vn -0.8974800634824697 0.028426101231328202 0.4401380379157074
vn -0.9470368917544741 0.12140998582805952 0.2972889856642101
vn -0.8974800634824697 0.028426101231328202 0.4401380379157074
vn -0.8893151304717238 0.11396601861197127 0.44286605798570383
vn -0.8974800634824697 0.028426101231328202 0.4401380379157074
vn -0.9549529942883525 0.030243299250279815 0.29521199425187267
vn -0.9549529942883525 -0.030243299250279947 0.29521199425187267
vn -0.8974800634824697 0.028426101231328202 0.4401380379157074
vn -0.9549529942883525 -0.030243299250279947 0.29521199425187267
vn -0.8974800634824697 -0.0284261012313284 0.4401380379157074
vn -0.9549529942883525 -0.030243299250279947 0.29521199425187267
vn -0.953641685768651 -0.060458579921936074 0.29480891315926677
vn -0.8963897256754108 -0.05682888245851833 0.4396088463874195
vn -0.9549529942883525 -0.030243299250279947 0.29521199425187267
vn -0.8963897256754108 -0.05682888245851833 0.4396088463874195
vn -0.8974800634824697 -0.0284261012313284 0.4401380379157074
vn -0.8974800634824697 -0.0284261012313284 0.4401380379157074
vn -0.8963897256754108 -0.05682888245851833 0.4396088463874195
vn -0.8132043396144397 -0.05155522354684488 0.5796902284472956
vn -0.8974800634824697 -0.0284261012313284 0.4401380379157074
vn -0.8132043396144397 -0.05155522354684488 0.5796902284472956
vn -0.814020087806512 -0.025786204015214302 0.5802640505235218
vn -0.814020087806512 -0.025786204015214302 0.5802640505235218
vn -0.8132043396144397 -0.05155522354684488 0.5796902284472956
vn -0.7019748794178955 -0.044503491939643855 0.7108098957326139
vn -0.814020087806512 -0.025786204015214302 0.5802640505235218
vn -0.7019748794178955 -0.044503491939643855 0.7108098957326139
vn -0.7025023394308489 -0.022257310459718925 0.7113333081089933
vn -0.7025023394308489 -0.022257310459718925 0.7113333081089933
vn -0.7019748794178955 -0.044503491939643855 0.7108098957326139
vn -0.5616162605994395 -0.035605115350829386 0.8266313879784366
vn -0.7025023394308489 -0.022257310459718925 0.7113333081089933
vn -0.5616162605994395 -0.035605115350829386 0.8266313879784366
vn -0.5618901547796294 -0.017805305365472927 0.8270202083761716
vn -0.5618901547796294 -0.017805305365472927 0.8270202083761716
vn -0.5616162605994395 -0.035605115350829386 0.8266313879784366
vn -0.39354489867426273 -0.024949793688662923 0.9189667679096766
vn -0.5618901547796294 -0.017805305365472927 0.8270202083761716
vn -0.39354489867426273 -0.024949793688662923 0.9189667679096766
vn -0.3936428883285302 -0.012475796490417732 0.9191787807441498
vn -0.3936428883285302 -0.012475796490417732 0.9191787807441498
vn -0.39354489867426273 -0.024949793688662923 0.9189667679096766
vn -0.2031050663199243 -0.01287630417824172 0.9790722817166712
vn -0.3936428883285302 -0.012475796490417732 0.9191787807441498
vn -0.2031050663199243 -0.01287630417824172 0.9790722817166712
vn -0.20312110183688095 -0.006438253209996926 0.9791324562510302
vn -0.20312110183688095 -0.006438253209996926 0.9791324562510302
vn -0.2031050663199243 -0.01287630417824172 0.9790722817166712
vn -0.10268901632146808 -0.006510211386047313 0.9946922051944702
vn -0.20312110183688095 -0.006438253209996926 0.9791324562510302
vn -0.10268901632146808 -0.006510211386047313 0.9946922051944702
vn -0.10269000459576529 -0.003255120273915973 0.994708081372683
vn -0.06320398996626425 0.04584979434725695 0.996946865189243
vn -0.20312110183688095 0.00643825320999649 0.9791324562510302
vn -0.20312110183688095 -0.006438253209996926 0.9791324562510302
vn -0.06320398996626425 0.04584979434725695 0.996946865189243
vn -0.20312110183688095 -0.006438253209996926 0.9791324562510302
vn -0.10269000459576529 -0.003255120273915973 0.994708081372683
vn -0.20012105976569455 0.025576707111253573 0.9794372841032757
vn -0.20312110183688095 0.00643825320999649 0.9791324562510302
vn -0.06320398996626425 0.04584979434725695 0.996946865189243
vn -0.3881561586354773 0.0496281219809885 0.9202564023259988
vn -0.3936428883285302 0.012475796490417324 0.9191787807441498
vn -0.20312110183688095 0.00643825320999649 0.9791324562510302
vn -0.3881561586354773 0.0496281219809885 0.9202564023259988
vn -0.20312110183688095 0.00643825320999649 0.9791324562510302
vn -0.20012105976569455 0.025576707111253573 0.9794372841032757
vn -0.5547213019236177 0.07096413688114775 0.8290044441792097
vn -0.5618901547796294 0.017805305365472555 0.8270202083761716
vn -0.3936428883285302 0.012475796490417324 0.9191787807441498
vn -0.5547213019236177 0.07096413688114775 0.8290044441792097
vn -0.3936428883285302 0.012475796490417324 0.9191787807441498
vn -0.3881561586354773 0.0496281219809885 0.9202564023259988
vn -0.6944659268009215 0.08889679484901822 0.7140129105122041
vn -0.7025023394308489 0.022257310459718606 0.7113333081089933
vn -0.5618901547796294 0.017805305365472555 0.8270202083761716
vn -0.6944659268009215 0.08889679484901822 0.7140129105122041
vn -0.5618901547796294 0.017805305365472555 0.8270202083761716
vn -0.5547213019236177 0.07096413688114775 0.8290044441792097
vn -0.8057377342633958 0.10320196977689917 0.5832118457458296
vn -0.814020087806512 0.025786204015214042 0.5802640505235218
vn -0.7025023394308489 0.022257310459718606 0.7113333081089933
vn -0.8057377342633958 0.10320196977689917 0.5832118457458296
vn -0.7025023394308489 0.022257310459718606 0.7113333081089933
vn -0.6944659268009215 0.08889679484901822 0.7140129105122041
vn -0.8893151304717238 0.11396601861197127 0.44286605798570383
vn -0.8974800634824697 0.028426101231328202 0.4401380379157074
vn -0.814020087806512 0.025786204015214042 0.5802640505235218
vn -0.8893151304717238 0.11396601861197127 0.44286605798570383
vn -0.814020087806512 0.025786204015214042 0.5802640505235218
vn -0.8057377342633958 0.10320196977689917 0.5832118457458296
vn -0.814020087806512 0.025786204015214042 0.5802640505235218
vn -0.8974800634824697 0.028426101231328202 0.4401380379157074
vn -0.8974800634824697 -0.0284261012313284 0.4401380379157074
vn -0.814020087806512 0.025786204015214042 0.5802640505235218
vn -0.8974800634824697 -0.0284261012313284 0.4401380379157074
vn -0.814020087806512 -0.025786204015214302 0.5802640505235218
vn -0.7025023394308489 0.022257310459718606 0.7113333081089933
vn -0.814020087806512 0.025786204015214042 0.5802640505235218
vn -0.814020087806512 -0.025786204015214302 0.5802640505235218
vn -0.7025023394308489 0.022257310459718606 0.7113333081089933
vn -0.814020087806512 -0.025786204015214302 0.5802640505235218
vn -0.7025023394308489 -0.022257310459718925 0.7113333081089933
vn -0.5618901547796294 0.017805305365472555 0.8270202083761716
vn -0.7025023394308489 0.022257310459718606 0.7113333081089933
vn -0.7025023394308489 -0.022257310459718925 0.7113333081089933
vn -0.5618901547796294 0.017805305365472555 0.8270202083761716
vn -0.7025023394308489 -0.022257310459718925 0.7113333081089933
vn -0.5618901547796294 -0.017805305365472927 0.8270202083761716
vn -0.3936428883285302 0.012475796490417324 0.9191787807441498
vn -0.5618901547796294 0.017805305365472555 0.8270202083761716
vn -0.5618901547796294 -0.017805305365472927 0.8270202083761716
vn -0.3936428883285302 0.012475796490417324 0.9191787807441498
vn -0.5618901547796294 -0.017805305365472927 0.8270202083761716
vn -0.3936428883285302 -0.012475796490417732 0.9191787807441498
vn -0.20312110183688095 0.00643825320999649 0.9791324562510302
vn -0.3936428883285302 0.012475796490417324 0.9191787807441498
vn -0.3936428883285302 -0.012475796490417732 0.9191787807441498
vn -0.20312110183688095 0.00643825320999649 0.9791324562510302
vn -0.3936428883285302 -0.012475796490417732 0.9191787807441498
vn -0.20312110183688095 -0.006438253209996926 0.9791324562510302
vn -0.86310997287512 0.2283369960557459 0.4504479891793814
vn -0.8893151304717238 0.11396601861197127 0.44286605798570383
vn -0.8057377342633958 0.10320196977689917 0.5832118457458296
vn -0.86310997287512 0.2283369960557459 0.4504479891793814
vn -0.8057377342633958 0.10320196977689917 0.5832118457458296
vn -0.7796214113219679 0.2061381073115855 0.5913522940873235
vn -0.9212434867903906 0.24381712725249263 0.3030901623356088
vn -0.9470368917544741 0.12140998582805952 0.2972889856642101
vn -0.8893151304717238 0.11396601861197127 0.44286605798570383
vn -0.9212434867903906 0.24381712725249263 0.3030901623356088
vn -0.8893151304717238 0.11396601861197127 0.44286605798570383
vn -0.86310997287512 0.2283369960557459 0.4504479891793814
vn -0.9554254626294783 0.25292886569063117 0.1522799207371018
vn -0.9807842615696394 0.12576602786482316 0.14914804220103428
vn -0.9470368917544741 0.12140998582805952 0.2972889856642101
vn -0.9554254626294783 0.25292886569063117 0.1522799207371018
vn -0.9470368917544741 0.12140998582805952 0.2972889856642101
vn -0.9212434867903906 0.24381712725249263 0.3030901623356088
vn -0.910465897512558 0.3824289542241459 0.15747998106959069
vn -0.9554254626294783 0.25292886569063117 0.1522799207371018
vn -0.9212434867903906 0.24381712725249263 0.3030901623356088
vn -0.910465897512558 0.3824289542241459 0.15747998106959069
vn -0.9212434867903906 0.24381712725249263 0.3030901623356088
vn -0.8757829394551822 0.3677539759131263 0.3126679647154925
vn -0.8757829394551822 0.3677539759131263 0.3126679647154925
vn -0.9212434867903906 0.24381712725249263 0.3030901623356088
vn -0.86310997287512 0.2283369960557459 0.4504479891793814
vn -0.8757829394551822 0.3677539759131263 0.3126679647154925
vn -0.86310997287512 0.2283369960557459 0.4504479891793814
vn -0.8173600144267967 0.34306202619153964 0.4628510051858828
vn -0.8173600144267967 0.34306202619153964 0.4628510051858828
vn -0.86310997287512 0.2283369960557459 0.4504479891793814
vn -0.7796214113219679 0.2061381073115855 0.5913522940873235
vn -0.8173600144267967 0.34306202619153964 0.4628510051858828
vn -0.7796214113219679 0.2061381073115855 0.5913522940873235
vn -0.734588134686238 0.30813603149884944 0.60451009790601
vn -0.734588134686238 0.30813603149884944 0.60451009790601
vn -0.7796214113219679 0.2061381073115855 0.5913522940873235
vn -0.669580777498679 0.17693093604865556 0.721357765795317
vn -0.734588134686238 0.30813603149884944 0.60451009790601
vn -0.669580777498679 0.17693093604865556 0.721357765795317
vn -0.6272760037925597 0.2629429997823716 0.7330660229007238
vn -0.7796214113219679 0.2061381073115855 0.5913522940873235
vn -0.8057377342633958 0.10320196977689917 0.5832118457458296
vn -0.6944659268009215 0.08889679484901822 0.7140129105122041
vn -0.7796214113219679 0.2061381073115855 0.5913522940873235
vn -0.6944659268009215 0.08889679484901822 0.7140129105122041
vn -0.669580777498679 0.17693093604865556 0.721357765795317
vn -0.669580777498679 0.17693093604865556 0.721357765795317
vn -0.6944659268009215 0.08889679484901822 0.7140129105122041
vn -0.5547213019236177 0.07096413688114775 0.8290044441792097
vn -0.669580777498679 0.17693093604865556 0.721357765795317
vn -0.5547213019236177 0.07096413688114775 0.8290044441792097
vn -0.5328928137776943 0.1407209435677921 0.8343997034188603
vn -0.5328928137776943 0.1407209435677921 0.8343997034188603
vn -0.5547213019236177 0.07096413688114775 0.8290044441792097
vn -0.3881561586354773 0.0496281219809885 0.9202564023259988
vn -0.5328928137776943 0.1407209435677921 0.8343997034188603
vn -0.3881561586354773 0.0496281219809885 0.9202564023259988
vn -0.37167297597890503 0.09809159916922476 0.9231669605761508
vn -0.37167297597890503 0.09809159916922476 0.9231669605761508
vn -0.3881561586354773 0.0496281219809885 0.9202564023259988
vn -0.20012105976569455 0.025576707111253573 0.9794372841032757
vn -0.37167297597890503 0.09809159916922476 0.9231669605761508
vn -0.20012105976569455 0.025576707111253573 0.9794372841032757
vn -0.191190047671592 0.050438709810378575 0.9802562431446172
vn -0.191190047671592 0.050438709810378575 0.9802562431446172
vn -0.20012105976569455 0.025576707111253573 0.9794372841032757
vn -0.06320398996626425 0.04584979434725695 0.996946865189243
vn -0.17653695076695403 0.07387687888964527 0.981517657395643
vn -0.191190047671592 0.050438709810378575 0.9802562431446172
vn -0.06320398996626425 0.04584979434725695 0.996946865189243
vn -0.3443960103206259 0.14418100456145871 0.9276870301987001
vn -0.37167297597890503 0.09809159916922476 0.9231669605761508
vn -0.191190047671592 0.050438709810378575 0.9802562431446172
vn -0.3443960103206259 0.14418100456145871 0.9276870301987001
vn -0.191190047671592 0.050438709810378575 0.9802562431446172
vn -0.17653695076695403 0.07387687888964527 0.981517657395643
vn -0.496312935166887 0.2079029681921451 0.8428818577967646
vn -0.5328928137776943 0.1407209435677921 0.8343997034188603
vn -0.37167297597890503 0.09809159916922476 0.9231669605761508
vn -0.496312935166887 0.2079029681921451 0.8428818577967646
vn -0.37167297597890503 0.09809159916922476 0.9231669605761508
vn -0.3443960103206259 0.14418100456145871 0.9276870301987001
vn -0.6272760037925597 0.2629429997823716 0.7330660229007238
vn -0.669580777498679 0.17693093604865556 0.721357765795317
vn -0.5328928137776943 0.1407209435677921 0.8343997034188603
vn -0.6272760037925597 0.2629429997823716 0.7330660229007238
vn -0.5328928137776943 0.1407209435677921 0.8343997034188603
vn -0.496312935166887 0.2079029681921451 0.8428818577967646
vn -0.5665480186459212 0.3451850291728784 0.7482450388765034
vn -0.6272760037925597 0.2629429997823716 0.7330660229007238
vn -0.496312935166887 0.2079029681921451 0.8428818577967646
vn -0.5665480186459212 0.3451850291728784 0.7482450388765034
vn -0.496312935166887 0.2079029681921451 0.8428818577967646
vn -0.44486380233898626 0.2708468694358771 0.8536616254027612
vn -0.6686040836052229 0.4076720290463799 0.6219100386065719
vn -0.734588134686238 0.30813603149884944 0.60451009790601
vn -0.6272760037925597 0.2629429997823716 0.7330660229007238
vn -0.6686040836052229 0.4076720290463799 0.6219100386065719
vn -0.6272760037925597 0.2629429997823716 0.7330660229007238
vn -0.5665480186459212 0.3451850291728784 0.7482450388765034
vn -0.7490879286681811 0.4570579754723572 0.47954695513653744
vn -0.8173600144267967 0.34306202619153964 0.4628510051858828
vn -0.734588134686238 0.30813603149884944 0.60451009790601
vn -0.7490879286681811 0.4570579754723572 0.47954695513653744
vn -0.734588134686238 0.30813603149884944 0.60451009790601
vn -0.6686040836052229 0.4076720290463799 0.6219100386065719
vn -0.8069692573530928 0.4926391702368077 0.32574110215842855
vn -0.8757829394551822 0.3677539759131263 0.3126679647154925
vn -0.8173600144267967 0.34306202619153964 0.4628510051858828
vn -0.8069692573530928 0.4926391702368077 0.32574110215842855
vn -0.8173600144267967 0.34306202619153964 0.4628510051858828
vn -0.7490879286681811 0.4570579754723572 0.47954695513653744
vn -0.8417950117349676 0.5140769982919695 0.16463899308864835
vn -0.910465897512558 0.3824289542241459 0.15747998106959069
vn -0.8757829394551822 0.3677539759131263 0.3126679647154925
vn -0.8417950117349676 0.5140769982919695 0.16463899308864835
vn -0.8757829394551822 0.3677539759131263 0.3126679647154925
vn -0.8069692573530928 0.4926391702368077 0.32574110215842855
vn -0.743835196341595 0.6454721844525506 0.17342104768889346
vn -0.8417950117349676 0.5140769982919695 0.16463899308864835
vn -0.8069692573530928 0.4926391702368077 0.32574110215842855
vn -0.743835196341595 0.6454721844525506 0.17342104768889346
vn -0.8069692573530928 0.4926391702368077 0.32574110215842855
vn -0.7099750072601918 0.6158319738262515 0.3415940120657174
vn -0.7099750072601918 0.6158319738262515 0.3415940120657174
vn -0.8069692573530928 0.4926391702368077 0.32574110215842855
vn -0.7490879286681811 0.4570579754723572 0.47954695513653744
vn -0.7099750072601918 0.6158319738262515 0.3415940120657174
vn -0.7490879286681811 0.4570579754723572 0.47954695513653744
vn -0.6546350087330867 0.5674660176223416 0.4994350049654825
vn -0.6546350087330867 0.5674660176223416 0.4994350049654825
vn -0.7490879286681811 0.4570579754723572 0.47954695513653744
vn -0.6686040836052229 0.4076720290463799 0.6219100386065719
vn -0.6546350087330867 0.5674660176223416 0.4994350049654825
vn -0.6686040836052229 0.4076720290463799 0.6219100386065719
vn -0.5794248980297969 0.5018759279265994 0.6421739176507982
vn -0.5794248980297969 0.5018759279265994 0.6421739176507982
vn -0.6686040836052229 0.4076720290463799 0.6219100386065719
vn -0.5665480186459212 0.3451850291728784 0.7482450388765034
vn -0.5794248980297969 0.5018759279265994 0.6421739176507982
vn -0.5665480186459212 0.3451850291728784 0.7482450388765034
vn -0.4865449486748869 0.4210709515572887 0.7654889069565874
vn -0.4865449486748869 0.4210709515572887 0.7654889069565874
vn -0.5665480186459212 0.3451850291728784 0.7482450388765034
vn -0.44486380233898626 0.2708468694358771 0.8536616254027612
vn -0.4865449486748869 0.4210709515572887 0.7654889069565874
vn -0.44486380233898626 0.2708468694358771 0.8536616254027612
vn -0.37873598764053906 0.3275099978123529 0.8656189999063666
vn -0.37873598764053906 0.3275099978123529 0.8656189999063666
vn -0.44486380233898626 0.2708468694358771 0.8536616254027612
vn -0.30669600379304657 0.18661000204358066 0.9333350247337074
vn -0.37873598764053906 0.3275099978123529 0.8656189999063666
vn -0.30669600379304657 0.18661000204358066 0.9333350247337074
vn -0.2592300761280772 0.22402207730801896 0.9394753197978281
vn -0.44486380233898626 0.2708468694358771 0.8536616254027612
vn -0.496312935166887 0.2079029681921451 0.8428818577967646
vn -0.3443960103206259 0.14418100456145871 0.9276870301987001
vn -0.44486380233898626 0.2708468694358771 0.8536616254027612
vn -0.3443960103206259 0.14418100456145871 0.9276870301987001
vn -0.30669600379304657 0.18661000204358066 0.9333350247337074
vn -0.30669600379304657 0.18661000204358066 0.9333350247337074
vn -0.3443960103206259 0.14418100456145871 0.9276870301987001
vn -0.17653695076695403 0.07387687888964527 0.981517657395643
vn -0.30669600379304657 0.18661000204358066 0.9333350247337074
vn -0.17653695076695403 0.07387687888964527 0.981517657395643
vn -0.15652297066004872 0.09519767958063208 0.9830757658788141
vn -0.15652297066004872 0.09519767958063208 0.9830757658788141
vn -0.17653695076695403 0.07387687888964527 0.981517657395643
vn -0.06320398996626425 0.04584979434725695 0.996946865189243
vn -0.13166901969617317 0.11373801758722703 0.9847471414569205
vn -0.15652297066004872 0.09519767958063208 0.9830757658788141
vn -0.06320398996626425 0.04584979434725695 0.996946865189243
vn -0.2592300761280772 0.22402207730801896 0.9394753197978281
vn -0.30669600379304657 0.18661000204358066 0.9333350247337074
vn -0.15652297066004872 0.09519767958063208 0.9830757658788141
vn -0.2592300761280772 0.22402207730801896 0.9394753197978281
vn -0.15652297066004872 0.09519767958063208 0.9830757658788141
vn -0.13166901969617317 0.11373801758722703 0.9847471414569205
vn -0.20305203700474844 0.255032050394186 0.9453721613946329
vn -0.2592300761280772 0.22402207730801896 0.9394753197978281
vn -0.13166901969617317 0.11373801758722703 0.9847471414569205
vn -0.20305203700474844 0.255032050394186 0.9453721613946329
vn -0.13166901969617317 0.11373801758722703 0.9847471414569205
vn -0.10266404824535032 0.1288890534101755 0.986330423899063
vn -0.2987680340070579 0.3755040125768599 0.8773450851257074
vn -0.37873598764053906 0.3275099978123529 0.8656189999063666
vn -0.2592300761280772 0.22402207730801896 0.9394753197978281
vn -0.2987680340070579 0.3755040125768599 0.8773450851257074
vn -0.2592300761280772 0.22402207730801896 0.9394753197978281
vn -0.20305203700474844 0.255032050394186 0.9453721613946329
vn -0.38720209838877173 0.4870701246970479 0.7828392099473136
vn -0.4865449486748869 0.4210709515572887 0.7654889069565874
vn -0.37873598764053906 0.3275099978123529 0.8656189999063666
vn -0.38720209838877173 0.4870701246970479 0.7828392099473136
vn -0.37873598764053906 0.3275099978123529 0.8656189999063666
vn -0.2987680340070579 0.3755040125768599 0.8773450851257074
vn -0.46551699228847426 0.5861369690751298 0.6631269737946969
vn -0.5794248980297969 0.5018759279265994 0.6421739176507982
vn -0.4865449486748869 0.4210709515572887 0.7654889069565874
vn -0.46551699228847426 0.5861369690751298 0.6631269737946969
vn -0.4865449486748869 0.4210709515572887 0.7654889069565874
vn -0.38720209838877173 0.4870701246970479 0.7828392099473136
vn -0.5307298290987704 0.6688567515948634 0.5205348156951244
vn -0.6546350087330867 0.5674660176223416 0.4994350049654825
vn -0.5794248980297969 0.5018759279265994 0.6421739176507982
vn -0.5307298290987704 0.6688567515948634 0.5205348156951244
vn -0.5794248980297969 0.5018759279265994 0.6421739176507982
vn -0.46551699228847426 0.5861369690751298 0.6631269737946969
vn -0.5799248665520923 0.7314168311436832 0.3587709133615358
vn -0.7099750072601918 0.6158319738262515 0.3415940120657174
vn -0.6546350087330867 0.5674660176223416 0.4994350049654825
vn -0.5799248665520923 0.7314168311436832 0.3587709133615358
vn -0.6546350087330867 0.5674660176223416 0.4994350049654825
vn -0.5307298290987704 0.6688567515948634 0.5205348156951244
vn -0.6105950128124245 0.7704930024185387 0.18306901308703452
vn -0.743835196341595 0.6454721844525506 0.17342104768889346
vn -0.7099750072601918 0.6158319738262515 0.3415940120657174
vn -0.6105950128124245 0.7704930024185387 0.18306901308703452
vn -0.7099750072601918 0.6158319738262515 0.3415940120657174
vn -0.5799248665520923 0.7314168311436832 0.3587709133615358
vn -0.43839083821435787 0.8779906965970684 0.19221292791773192
vn -0.6105950128124245 0.7704930024185387 0.18306901308703452
vn -0.5799248665520923 0.7314168311436832 0.3587709133615358
vn -0.43839083821435787 0.8779906965970684 0.19221292791773192
vn -0.5799248665520923 0.7314168311436832 0.3587709133615358
vn -0.4143570256478062 0.82934806593131 0.374820011248464
vn -0.4143570256478062 0.82934806593131 0.374820011248464
vn -0.5799248665520923 0.7314168311436832 0.3587709133615358
vn -0.5307298290987704 0.6688567515948634 0.5205348156951244
vn -0.4143570256478062 0.82934806593131 0.374820011248464
vn -0.5307298290987704 0.6688567515948634 0.5205348156951244
vn -0.3764932739850446 0.7528865313052158 0.5398283853441038
vn -0.3764932739850446 0.7528865313052158 0.5398283853441038
vn -0.5307298290987704 0.6688567515948634 0.5205348156951244
vn -0.46551699228847426 0.5861369690751298 0.6631269737946969
vn -0.3764932739850446 0.7528865313052158 0.5398283853441038
vn -0.46551699228847426 0.5861369690751298 0.6631269737946969
vn -0.3274610901821003 0.6541531610355196 0.6818012000018684
vn -0.3274610901821003 0.6541531610355196 0.6818012000018684
vn -0.46551699228847426 0.5861369690751298 0.6631269737946969
vn -0.38720209838877173 0.4870701246970479 0.7828392099473136
vn -0.3274610901821003 0.6541531610355196 0.6818012000018684
vn -0.38720209838877173 0.4870701246970479 0.7828392099473136
vn -0.27005396899222395 0.5389139379328332 0.7978988791402538
vn -0.27005396899222395 0.5389139379328332 0.7978988791402538
vn -0.38720209838877173 0.4870701246970479 0.7828392099473136
vn -0.2987680340070579 0.3755040125768599 0.8773450851257074
vn -0.27005396899222395 0.5389139379328332 0.7978988791402538
vn -0.2987680340070579 0.3755040125768599 0.8773450851257074
vn -0.20678491545411565 0.41227784111514765 0.8872806661175859
vn -0.20678491545411565 0.41227784111514765 0.8872806661175859
vn -0.2987680340070579 0.3755040125768599 0.8773450851257074
vn -0.20305203700474844 0.255032050394186 0.9453721613946329
vn -0.20678491545411565 0.41227784111514765 0.8872806661175859
vn -0.20305203700474844 0.255032050394186 0.9453721613946329
vn -0.13969695078772285 0.2783248926509288 0.9502736532554511
vn -0.13969695078772285 0.2783248926509288 0.9502736532554511
vn -0.20305203700474844 0.255032050394186 0.9453721613946329
vn -0.10266404824535032 0.1288890534101755 0.986330423899063
vn -0.13969695078772285 0.2783248926509288 0.9502736532554511
vn -0.10266404824535032 0.1288890534101755 0.986330423899063
vn -0.07036342553092742 0.14012605094589067 0.9876303347882057
vn -0.07036342553092742 0.14012605094589067 0.9876303347882057
vn -0.10266404824535032 0.1288890534101755 0.986330423899063
vn -0.06320398996626425 0.04584979434725695 0.996946865189243
vn -0.10266404824535032 0.1288890534101755 0.986330423899063
vn -0.13166901969617317 0.11373801758722703 0.9847471414569205
vn -0.06320398996626425 0.04584979434725695 0.996946865189243
vn -0.035770113594322965 0.14704105046054983 0.9884833981675704
vn -0.07036342553092742 0.14012605094589067 0.9876303347882057
vn -0.06320398996626425 0.04584979434725695 0.996946865189243
vn -0.07119588268947784 0.2927989229703082 0.953519762246957
vn -0.13969695078772285 0.2783248926509288 0.9502736532554511
vn -0.07036342553092742 0.14012605094589067 0.9876303347882057
vn -0.07119588268947784 0.2927989229703082 0.953519762246957
vn -0.07036342553092742 0.14012605094589067 0.9876303347882057
vn -0.035770113594322965 0.14704105046054983 0.9884833981675704
vn -0.10581303929263561 0.4354791609068066 0.8939583329952011
vn -0.20678491545411565 0.41227784111514765 0.8872806661175859
vn -0.13969695078772285 0.2783248926509288 0.9502736532554511
vn -0.10581303929263561 0.4354791609068066 0.8939583329952011
vn -0.13969695078772285 0.2783248926509288 0.9502736532554511
vn -0.07119588268947784 0.2927989229703082 0.953519762246957
vn -0.1389159304839951 0.572268733109411 0.8082146134308111
vn -0.27005396899222395 0.5389139379328332 0.7978988791402538
vn -0.20678491545411565 0.41227784111514765 0.8872806661175859
vn -0.1389159304839951 0.572268733109411 0.8082146134308111
vn -0.20678491545411565 0.41227784111514765 0.8872806661175859
vn -0.10581303929263561 0.4354791609068066 0.8939583329952011
vn -0.169464015286153 0.6988850576842851 0.6948680620583507
vn -0.3274610901821003 0.6541531610355196 0.6818012000018684
vn -0.27005396899222395 0.5389139379328332 0.7978988791402538
vn -0.169464015286153 0.6988850576842851 0.6948680620583507
vn -0.27005396899222395 0.5389139379328332 0.7978988791402538
vn -0.1389159304839951 0.572268733109411 0.8082146134308111
vn -0.1960309645260668 0.8093688638490739 0.553618915119994
vn -0.3764932739850446 0.7528865313052158 0.5398283853441038
vn -0.3274610901821003 0.6541531610355196 0.6818012000018684
vn -0.1960309645260668 0.8093688638490739 0.553618915119994
vn -0.3274610901821003 0.6541531610355196 0.6818012000018684
vn -0.169464015286153 0.6988850576842851 0.6948680620583507
vn -0.21689693578700478 0.8964217800897092 0.38650189058658513
vn -0.4143570256478062 0.82934806593131 0.374820011248464
vn -0.3764932739850446 0.7528865313052158 0.5398283853441038
vn -0.21689693578700478 0.8964217800897092 0.38650189058658513
vn -0.3764932739850446 0.7528865313052158 0.5398283853441038
vn -0.1960309645260668 0.8093688638490739 0.553618915119994
vn -0.23032003269379075 0.9525601154540904 0.19895202684572252
vn -0.43839083821435787 0.8779906965970684 0.19221292791773192
vn -0.4143570256478062 0.82934806593131 0.374820011248464
vn -0.23032003269379075 0.9525601154540904 0.19895202684572252
vn -0.4143570256478062 0.82934806593131 0.374820011248464
vn -0.21689693578700478 0.8964217800897092 0.38650189058658513
vn -0.05882409530139272 0.9778039336871591 0.20109498521318303
vn -0.23032003269379075 0.9525601154540904 0.19895202684572252
vn -0.21689693578700478 0.8964217800897092 0.38650189058658513
vn -0.05882409530139272 0.9778039336871591 0.20109498521318303
vn -0.21689693578700478 0.8964217800897092 0.38650189058658513
vn -0.05531221021854288 0.9190701522663677 0.3901930478799124
vn -0.05531221021854288 0.9190701522663677 0.3901930478799124
vn -0.21689693578700478 0.8964217800897092 0.38650189058658513
vn -0.1960309645260668 0.8093688638490739 0.553618915119994
vn -0.05531221021854288 0.9190701522663677 0.3901930478799124
vn -0.1960309645260668 0.8093688638490739 0.553618915119994
vn -0.049882017155178884 0.8283833391486333 0.5579362219694033
vn -0.049882017155178884 0.8283833391486333 0.5579362219694033
vn -0.1960309645260668 0.8093688638490739 0.553618915119994
vn -0.169464015286153 0.6988850576842851 0.6948680620583507
vn -0.049882017155178884 0.8283833391486333 0.5579362219694033
vn -0.169464015286153 0.6988850576842851 0.6948680620583507
vn -0.04301560011189129 0.7139089846472076 0.6989160320002732
vn -0.04301560011189129 0.7139089846472076 0.6989160320002732
vn -0.169464015286153 0.6988850576842851 0.6948680620583507
vn -0.1389159304839951 0.572268733109411 0.8082146134308111
vn -0.04301560011189129 0.7139089846472076 0.6989160320002732
vn -0.1389159304839951 0.572268733109411 0.8082146134308111
vn -0.035177003769014475 0.583465044846997 0.8113760656117031
vn -0.035177003769014475 0.583465044846997 0.8113760656117031
vn -0.1389159304839951 0.572268733109411 0.8082146134308111
vn -0.10581303929263561 0.4354791609068066 0.8939583329952011
vn -0.035177003769014475 0.583465044846997 0.8113760656117031
vn -0.10581303929263561 0.4354791609068066 0.8939583329952011
vn -0.02673879459445999 0.4432769099700357 0.8959858357982295
vn -0.02673879459445999 0.4432769099700357 0.8959858357982295
vn -0.10581303929263561 0.4354791609068066 0.8939583329952011
vn -0.07119588268947784 0.2927989229703082 0.953519762246957
vn -0.02673879459445999 0.4432769099700357 0.8959858357982295
vn -0.07119588268947784 0.2927989229703082 0.953519762246957
vn -0.01796290542928421 0.2976750882402682 0.9544982325126052
vn -0.01796290542928421 0.2976750882402682 0.9544982325126052
vn -0.07119588268947784 0.2927989229703082 0.953519762246957
vn -0.035770113594322965 0.14704105046054983 0.9884833981675704
vn -0.01796290542928421 0.2976750882402682 0.9544982325126052
vn -0.035770113594322965 0.14704105046054983 0.9884833981675704
vn -0.009016133191317445 0.14937605582604696 0.9887393505308313
vn -0.009016133191317445 0.14937605582604696 0.9887393505308313
vn -0.035770113594322965 0.14704105046054983 0.9884833981675704
vn -0.06320398996626425 0.04584979434725695 0.996946865189243
vn -0.009016133191317445 0.14937605582604696 0.9887393505308313
vn -0.06320398996626425 0.04584979434725695 0.996946865189243
vn 0.063203989966264 0.04584979434725695 0.996946865189243
vn -0.009016133191317445 0.14937605582604696 0.9887393505308313
vn 0.063203989966264 0.04584979434725695 0.996946865189243
vn 0.009016133191317202 0.14937605582604696 0.9887393505308313
vn -1.2246467991473532e-16 -2.220446049250313e-16 1
vn -1.2246467991473532e-16 -2.220446049250313e-16 1
vn -1.2246467991473532e-16 -2.220446049250313e-16 1
vn -1.2246467991473532e-16 -2.220446049250313e-16 1
vn -1.2246467991473532e-16 -2.220446049250313e-16 1
vn -1.2246467991473532e-16 -2.220446049250313e-16 1
vn 7.469466913322033e-17 -0.07460073224889932 0.9972134830355674
vn 7.469466913322033e-17 -0.07460073224889932 0.9972134830355674
vn 7.469466913322033e-17 -0.07460073224889932 0.9972134830355674
vn 7.469466913322033e-17 -0.07460073224889932 0.9972134830355674
vn 7.469466913322033e-17 -0.07460073224889932 0.9972134830355674
vn 7.469466913322033e-17 -0.07460073224889932 0.9972134830355674
vn 0.03577011359432273 0.14704105046054983 0.9884833981675704
vn 0.009016133191317202 0.14937605582604696 0.9887393505308313
vn 0.063203989966264 0.04584979434725695 0.996946865189243
vn 0.0711958826894776 0.2927989229703082 0.953519762246957
vn 0.017962905429283978 0.2976750882402682 0.9544982325126052
vn 0.009016133191317202 0.14937605582604696 0.9887393505308313
vn 0.0711958826894776 0.2927989229703082 0.953519762246957
vn 0.009016133191317202 0.14937605582604696 0.9887393505308313
vn 0.03577011359432273 0.14704105046054983 0.9884833981675704
vn 0.10581303929263539 0.4354791609068066 0.8939583329952011
vn 0.02673879459445977 0.4432769099700357 0.8959858357982295
vn 0.017962905429283978 0.2976750882402682 0.9544982325126052
vn 0.10581303929263539 0.4354791609068066 0.8939583329952011
vn 0.017962905429283978 0.2976750882402682 0.9544982325126052
vn 0.0711958826894776 0.2927989229703082 0.953519762246957
vn 0.13891593048399486 0.572268733109411 0.8082146134308111
vn 0.035177003769014274 0.583465044846997 0.8113760656117031
vn 0.02673879459445977 0.4432769099700357 0.8959858357982295
vn 0.13891593048399486 0.572268733109411 0.8082146134308111
vn 0.02673879459445977 0.4432769099700357 0.8959858357982295
vn 0.10581303929263539 0.4354791609068066 0.8939583329952011
vn 0.1694640152861529 0.6988850576842852 0.6948680620583508
vn 0.04301560011189111 0.7139089846472076 0.6989160320002732
vn 0.035177003769014274 0.583465044846997 0.8113760656117031
vn 0.1694640152861529 0.6988850576842852 0.6948680620583508
vn 0.035177003769014274 0.583465044846997 0.8113760656117031
vn 0.13891593048399486 0.572268733109411 0.8082146134308111
vn 0.19603096452606664 0.8093688638490739 0.553618915119994
vn 0.049882017155178746 0.8283833391486333 0.5579362219694033
vn 0.04301560011189111 0.7139089846472076 0.6989160320002732
vn 0.19603096452606664 0.8093688638490739 0.553618915119994
vn 0.04301560011189111 0.7139089846472076 0.6989160320002732
vn 0.1694640152861529 0.6988850576842852 0.6948680620583508
vn 0.21689693578700472 0.8964217800897094 0.3865018905865852
vn 0.05531221021854279 0.9190701522663677 0.3901930478799124
vn 0.049882017155178746 0.8283833391486333 0.5579362219694033
vn 0.21689693578700472 0.8964217800897094 0.3865018905865852
vn 0.049882017155178746 0.8283833391486333 0.5579362219694033
vn 0.19603096452606664 0.8093688638490739 0.553618915119994
vn 0.23032003269379067 0.9525601154540904 0.19895202684572258
vn 0.058824095301392675 0.9778039336871591 0.20109498521318303
vn 0.05531221021854279 0.9190701522663677 0.3901930478799124
vn 0.23032003269379067 0.9525601154540904 0.19895202684572258
vn 0.05531221021854279 0.9190701522663677 0.3901930478799124
vn 0.21689693578700472 0.8964217800897094 0.3865018905865852
vn 0.2346580147652764 0.9707760707598097 0.05029350401954878
vn 0.07992373332155989 0.9944924486206917 0.06780093279863503
vn 0.058824095301392675 0.9778039336871591 0.20109498521318303
vn 0.2346580147652764 0.9707760707598097 0.05029350401954878
vn 0.058824095301392675 0.9778039336871591 0.20109498521318303
vn 0.23032003269379067 0.9525601154540904 0.19895202684572258
vn 0.4461071179011362 0.8936642383785771 0.048504313222429665
vn 0.2346580147652764 0.9707760707598097 0.05029350401954878
vn 0.23032003269379067 0.9525601154540904 0.19895202684572258
vn 0.4461071179011362 0.8936642383785771 0.048504313222429665
vn 0.23032003269379067 0.9525601154540904 0.19895202684572258
vn 0.43839083821435787 0.8779906965970684 0.19221292791773206
vn 0.43839083821435787 0.8779906965970684 0.19221292791773206
vn 0.23032003269379067 0.9525601154540904 0.19895202684572258
vn 0.21689693578700472 0.8964217800897094 0.3865018905865852
vn 0.43839083821435787 0.8779906965970684 0.19221292791773206
vn 0.21689693578700472 0.8964217800897094 0.3865018905865852
vn 0.4143570256478061 0.82934806593131 0.37482001124846415
vn 0.4143570256478061 0.82934806593131 0.37482001124846415
vn 0.21689693578700472 0.8964217800897094 0.3865018905865852
vn 0.19603096452606664 0.8093688638490739 0.553618915119994
vn 0.4143570256478061 0.82934806593131 0.37482001124846415
vn 0.19603096452606664 0.8093688638490739 0.553618915119994
vn 0.3764932739850445 0.7528865313052158 0.5398283853441039
vn 0.3764932739850445 0.7528865313052158 0.5398283853441039
vn 0.19603096452606664 0.8093688638490739 0.553618915119994
vn 0.1694640152861529 0.6988850576842852 0.6948680620583508
vn 0.3764932739850445 0.7528865313052158 0.5398283853441039
vn 0.1694640152861529 0.6988850576842852 0.6948680620583508
vn 0.3274610901821002 0.6541531610355197 0.6818012000018685
vn 0.3274610901821002 0.6541531610355197 0.6818012000018685
vn 0.1694640152861529 0.6988850576842852 0.6948680620583508
vn 0.13891593048399486 0.572268733109411 0.8082146134308111
vn 0.3274610901821002 0.6541531610355197 0.6818012000018685
vn 0.13891593048399486 0.572268733109411 0.8082146134308111
vn 0.2700539689922238 0.5389139379328333 0.7978988791402539
vn 0.2700539689922238 0.5389139379328333 0.7978988791402539
vn 0.13891593048399486 0.572268733109411 0.8082146134308111
vn 0.10581303929263539 0.4354791609068066 0.8939583329952011
vn 0.2700539689922238 0.5389139379328333 0.7978988791402539
vn 0.10581303929263539 0.4354791609068066 0.8939583329952011
vn 0.20678491545411548 0.41227784111514776 0.887280666117586
vn 0.20678491545411548 0.41227784111514776 0.887280666117586
vn 0.10581303929263539 0.4354791609068066 0.8939583329952011
vn 0.0711958826894776 0.2927989229703082 0.953519762246957
vn 0.20678491545411548 0.41227784111514776 0.887280666117586
vn 0.0711958826894776 0.2927989229703082 0.953519762246957
vn 0.1396969507877226 0.27832489265092886 0.9502736532554513
vn 0.1396969507877226 0.27832489265092886 0.9502736532554513
vn 0.0711958826894776 0.2927989229703082 0.953519762246957
vn 0.03577011359432273 0.14704105046054983 0.9884833981675704
vn 0.1396969507877226 0.27832489265092886 0.9502736532554513
vn 0.03577011359432273 0.14704105046054983 0.9884833981675704
vn 0.07036342553092717 0.14012605094589067 0.9876303347882057
vn 0.07036342553092717 0.14012605094589067 0.9876303347882057
vn 0.03577011359432273 0.14704105046054983 0.9884833981675704
vn 0.063203989966264 0.04584979434725695 0.996946865189243
vn 0.10266404824535008 0.1288890534101755 0.986330423899063
vn 0.07036342553092717 0.14012605094589067 0.9876303347882057
vn 0.063203989966264 0.04584979434725695 0.996946865189243
vn 0.20305203700474825 0.255032050394186 0.9453721613946329
vn 0.1396969507877226 0.27832489265092886 0.9502736532554513
vn 0.07036342553092717 0.14012605094589067 0.9876303347882057
vn 0.20305203700474825 0.255032050394186 0.9453721613946329
vn 0.07036342553092717 0.14012605094589067 0.9876303347882057
vn 0.10266404824535008 0.1288890534101755 0.986330423899063
vn 0.2987680340070577 0.3755040125768599 0.8773450851257074
vn 0.20678491545411548 0.41227784111514776 0.887280666117586
vn 0.1396969507877226 0.27832489265092886 0.9502736532554513
vn 0.2987680340070577 0.3755040125768599 0.8773450851257074
vn 0.1396969507877226 0.27832489265092886 0.9502736532554513
vn 0.20305203700474825 0.255032050394186 0.9453721613946329
vn 0.3872020983887716 0.487070124697048 0.7828392099473137
vn 0.2700539689922238 0.5389139379328333 0.7978988791402539
vn 0.20678491545411548 0.41227784111514776 0.887280666117586
vn 0.3872020983887716 0.487070124697048 0.7828392099473137
vn 0.20678491545411548 0.41227784111514776 0.887280666117586
vn 0.2987680340070577 0.3755040125768599 0.8773450851257074
vn 0.4655169922884742 0.5861369690751299 0.663126973794697
vn 0.3274610901821002 0.6541531610355197 0.6818012000018685
vn 0.2700539689922238 0.5389139379328333 0.7978988791402539
vn 0.4655169922884742 0.5861369690751299 0.663126973794697
vn 0.2700539689922238 0.5389139379328333 0.7978988791402539
vn 0.3872020983887716 0.487070124697048 0.7828392099473137
vn 0.5307298290987703 0.6688567515948634 0.5205348156951245
vn 0.3764932739850445 0.7528865313052158 0.5398283853441039
vn 0.3274610901821002 0.6541531610355197 0.6818012000018685
vn 0.5307298290987703 0.6688567515948634 0.5205348156951245
vn 0.3274610901821002 0.6541531610355197 0.6818012000018685
vn 0.4655169922884742 0.5861369690751299 0.663126973794697
vn 0.5799248665520923 0.7314168311436834 0.35877091336153605
vn 0.4143570256478061 0.82934806593131 0.37482001124846415
vn 0.3764932739850445 0.7528865313052158 0.5398283853441039
vn 0.5799248665520923 0.7314168311436834 0.35877091336153605
vn 0.3764932739850445 0.7528865313052158 0.5398283853441039
vn 0.5307298290987703 0.6688567515948634 0.5205348156951245
vn 0.6105950128124245 0.7704930024185387 0.18306901308703466
vn 0.43839083821435787 0.8779906965970684 0.19221292791773206
vn 0.4143570256478061 0.82934806593131 0.37482001124846415
vn 0.6105950128124245 0.7704930024185387 0.18306901308703466
vn 0.4143570256478061 0.82934806593131 0.37482001124846415
vn 0.5799248665520923 0.7314168311436834 0.35877091336153605
vn 0.6203542533373656 0.7829663415644671 0.04609021960670162
vn 0.4461071179011362 0.8936642383785771 0.048504313222429665
vn 0.43839083821435787 0.8779906965970684 0.19221292791773206
vn 0.6203542533373656 0.7829663415644671 0.04609021960670162
vn 0.43839083821435787 0.8779906965970684 0.19221292791773206
vn 0.6105950128124245 0.7704930024185387 0.18306901308703466
vn 0.7545092271741751 0.6548422404022467 0.043559916138519485
vn 0.6203542533373656 0.7829663415644671 0.04609021960670162
vn 0.6105950128124245 0.7704930024185387 0.18306901308703466
vn 0.7545092271741751 0.6548422404022467 0.043559916138519485
vn 0.6105950128124245 0.7704930024185387 0.18306901308703466
vn 0.743835196341595 0.6454721844525506 0.1734210476888937
vn 0.743835196341595 0.6454721844525506 0.1734210476888937
vn 0.6105950128124245 0.7704930024185387 0.18306901308703466
vn 0.5799248665520923 0.7314168311436834 0.35877091336153605
vn 0.743835196341595 0.6454721844525506 0.1734210476888937
vn 0.5799248665520923 0.7314168311436834 0.35877091336153605
vn 0.7099750072601918 0.6158319738262515 0.34159401206571754
vn 0.7099750072601918 0.6158319738262515 0.34159401206571754
vn 0.5799248665520923 0.7314168311436834 0.35877091336153605
vn 0.5307298290987703 0.6688567515948634 0.5205348156951245
vn 0.7099750072601918 0.6158319738262515 0.34159401206571754
vn 0.5307298290987703 0.6688567515948634 0.5205348156951245
vn 0.6546350087330867 0.5674660176223416 0.4994350049654826
vn 0.6546350087330867 0.5674660176223416 0.4994350049654826
vn 0.5307298290987703 0.6688567515948634 0.5205348156951245
vn 0.4655169922884742 0.5861369690751299 0.663126973794697
vn 0.6546350087330867 0.5674660176223416 0.4994350049654826
vn 0.4655169922884742 0.5861369690751299 0.663126973794697
vn 0.5794248980297969 0.5018759279265995 0.6421739176507983
vn 0.5794248980297969 0.5018759279265995 0.6421739176507983
vn 0.4655169922884742 0.5861369690751299 0.663126973794697
vn 0.3872020983887716 0.487070124697048 0.7828392099473137
vn 0.5794248980297969 0.5018759279265995 0.6421739176507983
vn 0.3872020983887716 0.487070124697048 0.7828392099473137
vn 0.4865449486748869 0.4210709515572888 0.7654889069565877
vn 0.4865449486748869 0.4210709515572888 0.7654889069565877
vn 0.3872020983887716 0.487070124697048 0.7828392099473137
vn 0.2987680340070577 0.3755040125768599 0.8773450851257074
vn 0.4865449486748869 0.4210709515572888 0.7654889069565877
vn 0.2987680340070577 0.3755040125768599 0.8773450851257074
vn 0.3787359876405389 0.3275099978123529 0.8656189999063666
vn 0.3787359876405389 0.3275099978123529 0.8656189999063666
vn 0.2987680340070577 0.3755040125768599 0.8773450851257074
vn 0.20305203700474825 0.255032050394186 0.9453721613946329
vn 0.3787359876405389 0.3275099978123529 0.8656189999063666
vn 0.20305203700474825 0.255032050394186 0.9453721613946329
vn 0.25923007612807697 0.22402207730801896 0.9394753197978281
vn 0.25923007612807697 0.22402207730801896 0.9394753197978281
vn 0.20305203700474825 0.255032050394186 0.9453721613946329
vn 0.10266404824535008 0.1288890534101755 0.986330423899063
vn 0.25923007612807697 0.22402207730801896 0.9394753197978281
vn 0.10266404824535008 0.1288890534101755 0.986330423899063
vn 0.13166901969617295 0.11373801758722704 0.9847471414569208
vn 0.13166901969617295 0.11373801758722704 0.9847471414569208
vn 0.10266404824535008 0.1288890534101755 0.986330423899063
vn 0.063203989966264 0.04584979434725695 0.996946865189243
vn 0.15652297066004847 0.09519767958063208 0.9830757658788141
vn 0.13166901969617295 0.11373801758722704 0.9847471414569208
vn 0.063203989966264 0.04584979434725695 0.996946865189243
vn 0.30669600379304635 0.18661000204358066 0.9333350247337074
vn 0.25923007612807697 0.22402207730801896 0.9394753197978281
vn 0.13166901969617295 0.11373801758722704 0.9847471414569208
vn 0.30669600379304635 0.18661000204358066 0.9333350247337074
vn 0.13166901969617295 0.11373801758722704 0.9847471414569208
vn 0.15652297066004847 0.09519767958063208 0.9830757658788141
vn 0.4448638023389862 0.2708468694358771 0.8536616254027615
vn 0.3787359876405389 0.3275099978123529 0.8656189999063666
vn 0.25923007612807697 0.22402207730801896 0.9394753197978281
vn 0.4448638023389862 0.2708468694358771 0.8536616254027615
vn 0.25923007612807697 0.22402207730801896 0.9394753197978281
vn 0.30669600379304635 0.18661000204358066 0.9333350247337074
vn 0.566548018645921 0.3451850291728784 0.7482450388765034
vn 0.4865449486748869 0.4210709515572888 0.7654889069565877
vn 0.3787359876405389 0.3275099978123529 0.8656189999063666
vn 0.566548018645921 0.3451850291728784 0.7482450388765034
vn 0.3787359876405389 0.3275099978123529 0.8656189999063666
vn 0.4448638023389862 0.2708468694358771 0.8536616254027615
vn 0.6686040836052228 0.40767202904638 0.6219100386065721
vn 0.5794248980297969 0.5018759279265995 0.6421739176507983
vn 0.4865449486748869 0.4210709515572888 0.7654889069565877
vn 0.6686040836052228 0.40767202904638 0.6219100386065721
vn 0.4865449486748869 0.4210709515572888 0.7654889069565877
vn 0.566548018645921 0.3451850291728784 0.7482450388765034
vn 0.749087928668181 0.45705797547235716 0.4795469551365375
vn 0.6546350087330867 0.5674660176223416 0.4994350049654826
vn 0.5794248980297969 0.5018759279265995 0.6421739176507983
vn 0.749087928668181 0.45705797547235716 0.4795469551365375
vn 0.5794248980297969 0.5018759279265995 0.6421739176507983
vn 0.6686040836052228 0.40767202904638 0.6219100386065721
vn 0.8069692573530928 0.4926391702368077 0.32574110215842866
vn 0.7099750072601918 0.6158319738262515 0.34159401206571754
vn 0.6546350087330867 0.5674660176223416 0.4994350049654826
vn 0.8069692573530928 0.4926391702368077 0.32574110215842866
vn 0.6546350087330867 0.5674660176223416 0.4994350049654826
vn 0.749087928668181 0.45705797547235716 0.4795469551365375
vn 0.8417950117349676 0.5140769982919695 0.16463899308864857
vn 0.743835196341595 0.6454721844525506 0.1734210476888937
vn 0.7099750072601918 0.6158319738262515 0.34159401206571754
vn 0.8417950117349676 0.5140769982919695 0.16463899308864857
vn 0.7099750072601918 0.6158319738262515 0.34159401206571754
vn 0.8069692573530928 0.4926391702368077 0.32574110215842866
vn 0.8526837170682522 0.5207948020481037 0.041270483476031704
vn 0.7545092271741751 0.6548422404022467 0.043559916138519485
vn 0.743835196341595 0.6454721844525506 0.1734210476888937
vn 0.8526837170682522 0.5207948020481037 0.041270483476031704
vn 0.743835196341595 0.6454721844525506 0.1734210476888937
vn 0.8417950117349676 0.5140769982919695 0.16463899308864857
vn 0.9212381790336327 0.38699708732506244 0.03941410778787649
vn 0.8526837170682522 0.5207948020481037 0.041270483476031704
vn 0.8417950117349676 0.5140769982919695 0.16463899308864857
vn 0.9212381790336327 0.38699708732506244 0.03941410778787649
vn 0.8417950117349676 0.5140769982919695 0.16463899308864857
vn 0.9104658975125578 0.38242895422414586 0.15747998106959088
vn 0.9104658975125578 0.38242895422414586 0.15747998106959088
vn 0.8417950117349676 0.5140769982919695 0.16463899308864857
vn 0.8069692573530928 0.4926391702368077 0.32574110215842866
vn 0.9104658975125578 0.38242895422414586 0.15747998106959088
vn 0.8069692573530928 0.4926391702368077 0.32574110215842866
vn 0.875782939455182 0.36775397591312625 0.3126679647154927
vn 0.875782939455182 0.36775397591312625 0.3126679647154927
vn 0.8069692573530928 0.4926391702368077 0.32574110215842866
vn 0.749087928668181 0.45705797547235716 0.4795469551365375
vn 0.875782939455182 0.36775397591312625 0.3126679647154927
vn 0.749087928668181 0.45705797547235716 0.4795469551365375
vn 0.8173600144267966 0.3430620261915396 0.46285100518588285
vn 0.8173600144267966 0.3430620261915396 0.46285100518588285
vn 0.749087928668181 0.45705797547235716 0.4795469551365375
vn 0.6686040836052228 0.40767202904638 0.6219100386065721
vn 0.8173600144267966 0.3430620261915396 0.46285100518588285
vn 0.6686040836052228 0.40767202904638 0.6219100386065721
vn 0.7345881346862377 0.30813603149884944 0.6045100979060101
vn 0.7345881346862377 0.30813603149884944 0.6045100979060101
vn 0.6686040836052228 0.40767202904638 0.6219100386065721
vn 0.566548018645921 0.3451850291728784 0.7482450388765034
vn 0.7345881346862377 0.30813603149884944 0.6045100979060101
vn 0.566548018645921 0.3451850291728784 0.7482450388765034
vn 0.6272760037925595 0.2629429997823716 0.733066022900724
vn 0.6272760037925595 0.2629429997823716 0.733066022900724
vn 0.566548018645921 0.3451850291728784 0.7482450388765034
vn 0.4448638023389862 0.2708468694358771 0.8536616254027615
vn 0.6272760037925595 0.2629429997823716 0.733066022900724
vn 0.4448638023389862 0.2708468694358771 0.8536616254027615
vn 0.49631293516688696 0.20790296819214513 0.8428818577967647
vn 0.49631293516688696 0.20790296819214513 0.8428818577967647
vn 0.4448638023389862 0.2708468694358771 0.8536616254027615
vn 0.30669600379304635 0.18661000204358066 0.9333350247337074
vn 0.49631293516688696 0.20790296819214513 0.8428818577967647
vn 0.30669600379304635 0.18661000204358066 0.9333350247337074
vn 0.3443960103206256 0.14418100456145871 0.9276870301987001
vn 0.3443960103206256 0.14418100456145871 0.9276870301987001
vn 0.30669600379304635 0.18661000204358066 0.9333350247337074
vn 0.15652297066004847 0.09519767958063208 0.9830757658788141
vn 0.3443960103206256 0.14418100456145871 0.9276870301987001
vn 0.15652297066004847 0.09519767958063208 0.9830757658788141
vn 0.1765369507669538 0.07387687888964527 0.981517657395643
vn 0.1765369507669538 0.07387687888964527 0.981517657395643
vn 0.15652297066004847 0.09519767958063208 0.9830757658788141
vn 0.063203989966264 0.04584979434725695 0.996946865189243
vn 0.19119004767159178 0.050438709810378575 0.9802562431446172
vn 0.1765369507669538 0.07387687888964527 0.981517657395643
vn 0.063203989966264 0.04584979434725695 0.996946865189243
vn 0.37167297597890486 0.0980915991692248 0.923166960576151
vn 0.3443960103206256 0.14418100456145871 0.9276870301987001
vn 0.1765369507669538 0.07387687888964527 0.981517657395643
vn 0.37167297597890486 0.0980915991692248 0.923166960576151
vn 0.1765369507669538 0.07387687888964527 0.981517657395643
vn 0.19119004767159178 0.050438709810378575 0.9802562431446172
vn 0.5328928137776942 0.1407209435677921 0.8343997034188604
vn 0.49631293516688696 0.20790296819214513 0.8428818577967647
vn 0.3443960103206256 0.14418100456145871 0.9276870301987001
vn 0.5328928137776942 0.1407209435677921 0.8343997034188604
vn 0.3443960103206256 0.14418100456145871 0.9276870301987001
vn 0.37167297597890486 0.0980915991692248 0.923166960576151
vn 0.6695807774986785 0.17693093604865553 0.7213577657953171
vn 0.6272760037925595 0.2629429997823716 0.733066022900724
vn 0.49631293516688696 0.20790296819214513 0.8428818577967647
vn 0.6695807774986785 0.17693093604865553 0.7213577657953171
vn 0.49631293516688696 0.20790296819214513 0.8428818577967647
vn 0.5328928137776942 0.1407209435677921 0.8343997034188604
vn 0.7796214113219676 0.2061381073115855 0.5913522940873236
vn 0.7345881346862377 0.30813603149884944 0.6045100979060101
vn 0.6272760037925595 0.2629429997823716 0.733066022900724
vn 0.7796214113219676 0.2061381073115855 0.5913522940873236
vn 0.6272760037925595 0.2629429997823716 0.733066022900724
vn 0.6695807774986785 0.17693093604865553 0.7213577657953171
vn 0.8631099728751198 0.22833699605574587 0.4504479891793815
vn 0.8173600144267966 0.3430620261915396 0.46285100518588285
vn 0.7345881346862377 0.30813603149884944 0.6045100979060101
vn 0.8631099728751198 0.22833699605574587 0.4504479891793815
vn 0.7345881346862377 0.30813603149884944 0.6045100979060101
vn 0.7796214113219676 0.2061381073115855 0.5913522940873236
vn 0.9212434867903904 0.2438171272524926 0.3030901623356089
vn 0.875782939455182 0.36775397591312625 0.3126679647154927
vn 0.8173600144267966 0.3430620261915396 0.46285100518588285
vn 0.9212434867903904 0.2438171272524926 0.3030901623356089
vn 0.8173600144267966 0.3430620261915396 0.46285100518588285
vn 0.8631099728751198 0.22833699605574587 0.4504479891793815
vn 0.9554254626294783 0.25292886569063117 0.15227992073710206
vn 0.9104658975125578 0.38242895422414586 0.15747998106959088
vn 0.875782939455182 0.36775397591312625 0.3126679647154927
vn 0.9554254626294783 0.25292886569063117 0.15227992073710206
vn 0.875782939455182 0.36775397591312625 0.3126679647154927
vn 0.9212434867903904 0.2438171272524926 0.3030901623356089
vn 0.9659927816002284 0.2557509593340005 0.038070890401878464
vn 0.9212381790336327 0.38699708732506244 0.03941410778787649
vn 0.9104658975125578 0.38242895422414586 0.15747998106959088
vn 0.9659927816002284 0.2557509593340005 0.038070890401878464
vn 0.9104658975125578 0.38242895422414586 0.15747998106959088
vn 0.9554254626294783 0.25292886569063117 0.15227992073710206
vn 0.9911882616833642 0.12711103768077664 0.03726411143213553
vn 0.9659927816002284 0.2557509593340005 0.038070890401878464
vn 0.9554254626294783 0.25292886569063117 0.15227992073710206
vn 0.9911882616833642 0.12711103768077664 0.03726411143213553
vn 0.9554254626294783 0.25292886569063117 0.15227992073710206
vn 0.9807842615696394 0.12576602786482316 0.14914804220103453
vn 0.9807842615696394 0.12576602786482316 0.14914804220103453
vn 0.9554254626294783 0.25292886569063117 0.15227992073710206
vn 0.9212434867903904 0.2438171272524926 0.3030901623356089
vn 0.9807842615696394 0.12576602786482316 0.14914804220103453
vn 0.9212434867903904 0.2438171272524926 0.3030901623356089
vn 0.9470368917544739 0.1214099858280595 0.29728898566421025
vn 0.9470368917544739 0.1214099858280595 0.29728898566421025
vn 0.9212434867903904 0.2438171272524926 0.3030901623356089
vn 0.8631099728751198 0.22833699605574587 0.4504479891793815
vn 0.9470368917544739 0.1214099858280595 0.29728898566421025
vn 0.8631099728751198 0.22833699605574587 0.4504479891793815
vn 0.8893151304717238 0.11396601861197127 0.44286605798570416
vn 0.8893151304717238 0.11396601861197127 0.44286605798570416
vn 0.8631099728751198 0.22833699605574587 0.4504479891793815
vn 0.7796214113219676 0.2061381073115855 0.5913522940873236
vn 0.8893151304717238 0.11396601861197127 0.44286605798570416
vn 0.7796214113219676 0.2061381073115855 0.5913522940873236
vn 0.8057377342633956 0.10320196977689919 0.5832118457458298
vn 0.8057377342633956 0.10320196977689919 0.5832118457458298
vn 0.7796214113219676 0.2061381073115855 0.5913522940873236
vn 0.6695807774986785 0.17693093604865553 0.7213577657953171
vn 0.8057377342633956 0.10320196977689919 0.5832118457458298
vn 0.6695807774986785 0.17693093604865553 0.7213577657953171
vn 0.6944659268009212 0.08889679484901822 0.7140129105122044
vn 0.6944659268009212 0.08889679484901822 0.7140129105122044
vn 0.6695807774986785 0.17693093604865553 0.7213577657953171
vn 0.5328928137776942 0.1407209435677921 0.8343997034188604
vn 0.6944659268009212 0.08889679484901822 0.7140129105122044
vn 0.5328928137776942 0.1407209435677921 0.8343997034188604
vn 0.5547213019236176 0.07096413688114776 0.8290044441792098
vn 0.5547213019236176 0.07096413688114776 0.8290044441792098
vn 0.5328928137776942 0.1407209435677921 0.8343997034188604
vn 0.37167297597890486 0.0980915991692248 0.923166960576151
vn 0.5547213019236176 0.07096413688114776 0.8290044441792098
vn 0.37167297597890486 0.0980915991692248 0.923166960576151
vn 0.388156158635477 0.0496281219809885 0.9202564023259988
vn 0.388156158635477 0.0496281219809885 0.9202564023259988
vn 0.37167297597890486 0.0980915991692248 0.923166960576151
vn 0.19119004767159178 0.050438709810378575 0.9802562431446172
vn 0.388156158635477 0.0496281219809885 0.9202564023259988
vn 0.19119004767159178 0.050438709810378575 0.9802562431446172
vn 0.20012105976569433 0.025576707111253573 0.9794372841032757
vn 0.20012105976569433 0.025576707111253573 0.9794372841032757
vn 0.19119004767159178 0.050438709810378575 0.9802562431446172
vn 0.063203989966264 0.04584979434725695 0.996946865189243
vn 0.20312110183688073 0.00643825320999649 0.9791324562510302
vn 0.20012105976569433 0.025576707111253573 0.9794372841032757
vn 0.063203989966264 0.04584979434725695 0.996946865189243
vn 0.39364288832853 0.012475796490417326 0.91917878074415
vn 0.388156158635477 0.0496281219809885 0.9202564023259988
vn 0.20012105976569433 0.025576707111253573 0.9794372841032757
vn 0.39364288832853 0.012475796490417326 0.91917878074415
vn 0.20012105976569433 0.025576707111253573 0.9794372841032757
vn 0.20312110183688073 0.00643825320999649 0.9791324562510302
vn 0.5618901547796293 0.01780530536547256 0.8270202083761719
vn 0.5547213019236176 0.07096413688114776 0.8290044441792098
vn 0.388156158635477 0.0496281219809885 0.9202564023259988
vn 0.5618901547796293 0.01780530536547256 0.8270202083761719
vn 0.388156158635477 0.0496281219809885 0.9202564023259988
vn 0.39364288832853 0.012475796490417326 0.91917878074415
vn 0.7025023394308487 0.022257310459718606 0.7113333081089935
vn 0.6944659268009212 0.08889679484901822 0.7140129105122044
vn 0.5547213019236176 0.07096413688114776 0.8290044441792098
vn 0.7025023394308487 0.022257310459718606 0.7113333081089935
vn 0.5547213019236176 0.07096413688114776 0.8290044441792098
vn 0.5618901547796293 0.01780530536547256 0.8270202083761719
vn 0.8140200878065118 0.02578620401521405 0.5802640505235221
vn 0.8057377342633956 0.10320196977689919 0.5832118457458298
vn 0.6944659268009212 0.08889679484901822 0.7140129105122044
vn 0.8140200878065118 0.02578620401521405 0.5802640505235221
vn 0.6944659268009212 0.08889679484901822 0.7140129105122044
vn 0.7025023394308487 0.022257310459718606 0.7113333081089935
vn 0.8974800634824696 0.0284261012313282 0.44013803791570755
vn 0.8893151304717238 0.11396601861197127 0.44286605798570416
vn 0.8057377342633956 0.10320196977689919 0.5832118457458298
vn 0.8974800634824696 0.0284261012313282 0.44013803791570755
vn 0.8057377342633956 0.10320196977689919 0.5832118457458298
vn 0.8140200878065118 0.02578620401521405 0.5802640505235221
vn 0.9549529942883523 0.03024329925027981 0.29521199425187283
vn 0.9470368917544739 0.1214099858280595 0.29728898566421025
vn 0.8893151304717238 0.11396601861197127 0.44286605798570416
vn 0.9549529942883523 0.03024329925027981 0.29521199425187283
vn 0.8893151304717238 0.11396601861197127 0.44286605798570416
vn 0.8974800634824696 0.0284261012313282 0.44013803791570755
vn 0.9884871870807368 0.03130330721230096 0.14803102355514824
vn 0.9807842615696394 0.12576602786482316 0.14914804220103453
vn 0.9470368917544739 0.1214099858280595 0.29728898566421025
vn 0.9884871870807368 0.03130330721230096 0.14803102355514824
vn 0.9470368917544739 0.1214099858280595 0.29728898566421025
vn 0.9549529942883523 0.03024329925027981 0.29521199425187283
vn 0.997893698760748 0.04216718937017528 0.049295984767659756
vn 0.9911882616833642 0.12711103768077664 0.03726411143213553
vn 0.9807842615696394 0.12576602786482316 0.14914804220103453
vn 0.997893698760748 0.04216718937017528 0.049295984767659756
vn 0.9807842615696394 0.12576602786482316 0.14914804220103453
vn 0.9884871870807368 0.03130330721230096 0.14803102355514824
vn -0.05882409530139272 0.9778039336871591 0.20109498521318303
vn -0.05531221021854288 0.9190701522663677 0.3901930478799124
vn 0.05531221021854279 0.9190701522663677 0.3901930478799124
vn -0.05882409530139272 0.9778039336871591 0.20109498521318303
vn 0.05531221021854279 0.9190701522663677 0.3901930478799124
vn 0.058824095301392675 0.9778039336871591 0.20109498521318303
vn -0.05531221021854288 0.9190701522663677 0.3901930478799124
vn -0.049882017155178884 0.8283833391486333 0.5579362219694033
vn 0.049882017155178746 0.8283833391486333 0.5579362219694033
vn -0.05531221021854288 0.9190701522663677 0.3901930478799124
vn 0.049882017155178746 0.8283833391486333 0.5579362219694033
vn 0.05531221021854279 0.9190701522663677 0.3901930478799124
vn -0.049882017155178884 0.8283833391486333 0.5579362219694033
vn -0.04301560011189129 0.7139089846472076 0.6989160320002732
vn 0.04301560011189111 0.7139089846472076 0.6989160320002732
vn -0.049882017155178884 0.8283833391486333 0.5579362219694033
vn 0.04301560011189111 0.7139089846472076 0.6989160320002732
vn 0.049882017155178746 0.8283833391486333 0.5579362219694033
vn -0.04301560011189129 0.7139089846472076 0.6989160320002732
vn -0.035177003769014475 0.583465044846997 0.8113760656117031
vn 0.035177003769014274 0.583465044846997 0.8113760656117031
vn -0.04301560011189129 0.7139089846472076 0.6989160320002732
vn 0.035177003769014274 0.583465044846997 0.8113760656117031
vn 0.04301560011189111 0.7139089846472076 0.6989160320002732
vn -0.035177003769014475 0.583465044846997 0.8113760656117031
vn -0.02673879459445999 0.4432769099700357 0.8959858357982295
vn 0.02673879459445977 0.4432769099700357 0.8959858357982295
vn -0.035177003769014475 0.583465044846997 0.8113760656117031
vn 0.02673879459445977 0.4432769099700357 0.8959858357982295
vn 0.035177003769014274 0.583465044846997 0.8113760656117031
vn -0.02673879459445999 0.4432769099700357 0.8959858357982295
vn -0.01796290542928421 0.2976750882402682 0.9544982325126052
vn 0.017962905429283978 0.2976750882402682 0.9544982325126052
vn -0.02673879459445999 0.4432769099700357 0.8959858357982295
vn 0.017962905429283978 0.2976750882402682 0.9544982325126052
vn 0.02673879459445977 0.4432769099700357 0.8959858357982295
vn -0.01796290542928421 0.2976750882402682 0.9544982325126052
vn -0.009016133191317445 0.14937605582604696 0.9887393505308313
vn 0.009016133191317202 0.14937605582604696 0.9887393505308313
vn -0.01796290542928421 0.2976750882402682 0.9544982325126052
vn 0.009016133191317202 0.14937605582604696 0.9887393505308313
vn 0.017962905429283978 0.2976750882402682 0.9544982325126052
vn 0.9884871870807368 0.03130330721230102 -0.148031023555148
vn 0.997893698760748 0.042167189370175294 -0.049295984767659486
vn 0.997893698760748 -0.04216718937017528 -0.049295984767659506
vn 0.9884871870807368 0.03130330721230102 -0.148031023555148
vn 0.997893698760748 -0.04216718937017528 -0.049295984767659506
vn 0.9884871870807368 -0.03130330721230096 -0.148031023555148
vn 0.9549529942883525 0.030243299250279947 -0.29521199425187267
vn 0.9884871870807368 0.03130330721230102 -0.148031023555148
vn 0.9884871870807368 -0.03130330721230096 -0.148031023555148
vn 0.9549529942883525 0.030243299250279947 -0.29521199425187267
vn 0.9884871870807368 -0.03130330721230096 -0.148031023555148
vn 0.9549529942883525 -0.030243299250279815 -0.29521199425187267
vn 0.8974800634824697 0.0284261012313284 -0.4401380379157074
vn 0.9549529942883525 0.030243299250279947 -0.29521199425187267
vn 0.9549529942883525 -0.030243299250279815 -0.29521199425187267
vn 0.8974800634824697 0.0284261012313284 -0.4401380379157074
vn 0.9549529942883525 -0.030243299250279815 -0.29521199425187267
vn 0.8974800634824697 -0.028426101231328202 -0.4401380379157074
vn 0.814020087806512 0.025786204015214302 -0.5802640505235218
vn 0.8974800634824697 0.0284261012313284 -0.4401380379157074
vn 0.8974800634824697 -0.028426101231328202 -0.4401380379157074
vn 0.814020087806512 0.025786204015214302 -0.5802640505235218
vn 0.8974800634824697 -0.028426101231328202 -0.4401380379157074
vn 0.814020087806512 -0.025786204015214042 -0.5802640505235218
vn 0.2588189746170737 0.965925845175584 2.4617480556122946e-16
vn 0.5000001873976233 0.8660252955903434 2.5352860752139884e-16
vn 0.5000001873976233 0.8660252955903434 2.5352860752139884e-16
vn 0.2588189746170737 0.965925845175584 2.4617480556122946e-16
vn 0.5000001873976233 0.8660252955903434 2.5352860752139884e-16
vn 0.2588189746170737 0.965925845175584 2.4617480556122946e-16
vn 0.5000001873976233 0.8660252955903434 2.5352860752139884e-16
vn 0.7071067811865476 0.7071067811865476 2.4360485149192685e-16
vn 0.7071067811865476 0.7071067811865476 2.4360485149192685e-16
vn 0.5000001873976233 0.8660252955903434 2.5352860752139884e-16
vn 0.7071067811865476 0.7071067811865476 2.4360485149192685e-16
vn 0.5000001873976233 0.8660252955903434 2.5352860752139884e-16
vn 0.7071067811865476 0.7071067811865476 2.4360485149192685e-16
vn 0.8660252955903434 0.5000001873976233 2.170798546956823e-16
vn 0.8660252955903434 0.5000001873976233 2.170798546956823e-16
vn 0.7071067811865476 0.7071067811865476 2.4360485149192685e-16
vn 0.8660252955903434 0.5000001873976233 2.170798546956823e-16
vn 0.7071067811865476 0.7071067811865476 2.4360485149192685e-16
vn 0.8660252955903434 0.5000001873976233 2.170798546956823e-16
vn 0.9238797479109918 0.3826829123437868 1.9811531369056247e-16
vn 0.9238797479109918 0.3826829123437868 1.9811531369056247e-16
vn 0.8660252955903434 0.5000001873976233 2.170798546956823e-16
vn 0.9238797479109918 0.3826829123437868 1.9811531369056247e-16
vn 0.8660252955903434 0.5000001873976233 2.170798546956823e-16
vn 0.9914448878896858 0.13052599081182487 1.3600447466480127e-16
vn 0.9914448878896858 0.13052599081182487 1.3600447466480127e-16
vn 0.9914448878896858 0.13052599081182487 1.3600447466480127e-16
vn 0.9914448878896858 0.13052599081182487 1.3600447466480127e-16
vn 0.9914448878896858 0.13052599081182487 1.3600447466480127e-16
vn 0.9914448878896858 0.13052599081182487 1.3600447466480127e-16
vn 0.9803888679154176 0.12907097998243797 0.14892397320075493
vn 0.9803888679154176 0.12907097998243797 0.14892397320075493
vn 0.9803888679154176 0.12907097998243797 0.14892397320075493
vn 0.9803888679154176 0.12907097998243797 0.14892397320075493
vn 0.9803888679154176 0.12907097998243797 0.14892397320075493
vn 0.9803888679154176 0.12907097998243797 0.14892397320075493
vn -0.13052599081182487 0.9914448878896858 2.0416016475108341e-16
vn -0.13052599081182487 0.9914448878896858 2.0416016475108341e-16
vn -0.13052599081182487 0.9914448878896858 2.0416016475108341e-16
vn -0.13052599081182487 0.9914448878896858 2.0416016475108341e-16
vn -0.13052599081182487 0.9914448878896858 2.0416016475108341e-16
vn -0.13052599081182487 0.9914448878896858 2.0416016475108341e-16
vn 0.9914448878896858 0.13052599081182487 1.5039957291077093e-16
vn 0.9914448878896858 0.13052599081182487 1.5039957291077093e-16
vn 0.9914448878896858 0.13052599081182487 1.5039957291077093e-16
vn 0.9914448878896858 0.13052599081182487 1.5039957291077093e-16
vn 0.9914448878896858 0.13052599081182487 1.5039957291077093e-16
vn 0.9914448878896858 0.13052599081182487 1.5039957291077093e-16
vn -4.927130091322536e-15 1 2.2204460492503072e-16
vn 0.2588189746170737 0.965925845175584 2.4617480556122946e-16
vn 0.2588189746170737 0.965925845175584 2.4617480556122946e-16
vn -4.927130091322536e-15 1 2.2204460492503072e-16
vn 0.2588189746170737 0.965925845175584 2.4617480556122946e-16
vn -4.927130091322536e-15 1 2.2204460492503072e-16
vn -3.256518462617545e-15 0.624694923983827 0.7808689082994923
vn -3.256518462617545e-15 0.624694923983827 0.7808689082994923
vn 0.16168297631616957 0.6034089293777289 0.7808689256954511
vn -3.256518462617545e-15 0.624694923983827 0.7808689082994923
vn 0.16168297631616957 0.6034089293777289 0.7808689256954511
vn 0.16168297631616957 0.6034089293777289 0.7808689256954511
vn -0.2588189746170737 0.965925845175584 1.8278243979654958e-16
vn -4.927130091322536e-15 1 2.2204460492503072e-16
vn -4.927130091322536e-15 1 2.2204460492503072e-16
vn -0.2588189746170737 0.965925845175584 1.8278243979654958e-16
vn -4.927130091322536e-15 1 2.2204460492503072e-16
vn -0.2588189746170737 0.965925845175584 1.8278243979654958e-16
vn -0.5000001873976233 0.8660252955903434 1.3106388170748363e-16
vn -0.2588189746170737 0.965925845175584 1.8278243979654958e-16
vn -0.2588189746170737 0.965925845175584 1.8278243979654958e-16
vn -0.5000001873976233 0.8660252955903434 1.3106388170748363e-16
vn -0.2588189746170737 0.965925845175584 1.8278243979654958e-16
vn -0.5000001873976233 0.8660252955903434 1.3106388170748363e-16
vn -0.7071067811865476 0.7071067811865476 7.041364024482818e-17
vn -0.5000001873976233 0.8660252955903434 1.3106388170748363e-16
vn -0.5000001873976233 0.8660252955903434 1.3106388170748363e-16
vn -0.7071067811865476 0.7071067811865476 7.041364024482818e-17
vn -0.5000001873976233 0.8660252955903434 1.3106388170748363e-16
vn -0.7071067811865476 0.7071067811865476 7.041364024482818e-17
vn -0.8660252955903434 0.5000001873976233 4.9648334506114484e-18
vn -0.7071067811865476 0.7071067811865476 7.041364024482818e-17
vn -0.7071067811865476 0.7071067811865476 7.041364024482818e-17
vn -0.8660252955903434 0.5000001873976233 4.9648334506114484e-18
vn -0.7071067811865476 0.7071067811865476 7.041364024482818e-17
vn -0.8660252955903434 0.5000001873976233 4.9648334506114484e-18
vn -0.965925845175584 0.2588189746170737 -6.082244248484822e-17
vn -0.8660252955903434 0.5000001873976233 4.9648334506114484e-18
vn -0.8660252955903434 0.5000001873976233 4.9648334506114484e-18
vn -0.965925845175584 0.2588189746170737 -6.082244248484822e-17
vn -0.8660252955903434 0.5000001873976233 4.9648334506114484e-18
vn -0.965925845175584 0.2588189746170737 -6.082244248484822e-17
vn -0.9914448878896858 0.13052599081182487 -9.243438878625107e-17
vn -0.965925845175584 0.2588189746170737 -6.082244248484822e-17
vn -0.965925845175584 0.2588189746170737 -6.082244248484822e-17
vn -0.9914448878896858 0.13052599081182487 -9.243438878625107e-17
vn -0.965925845175584 0.2588189746170737 -6.082244248484822e-17
vn -0.9914448878896858 0.13052599081182487 -9.243438878625107e-17
vn -0.5410017531849347 -0.31234787978102263 0.7808686861740114
vn -0.6034089293777292 -0.16168297631616985 0.7808689256954509
vn -0.6034089293777292 -0.16168297631616985 0.7808689256954509
vn -0.5410017531849347 -0.31234787978102263 0.7808686861740114
vn -0.6034089293777292 -0.16168297631616985 0.7808689256954509
vn -0.5410017531849347 -0.31234787978102263 0.7808686861740114
vn -0.8660252955903434 -0.5000001873976233 -2.170798546956823e-16
vn -0.965925845175584 -0.2588189746170737 -1.757611564167479e-16
vn -0.965925845175584 -0.2588189746170737 -1.757611564167479e-16
vn -0.8660252955903434 -0.5000001873976233 -2.170798546956823e-16
vn -0.965925845175584 -0.2588189746170737 -1.757611564167479e-16
vn -0.8660252955903434 -0.5000001873976233 -2.170798546956823e-16
vn -0.7071067811865476 -0.7071067811865476 -2.4360485149192685e-16
vn -0.8660252955903434 -0.5000001873976233 -2.170798546956823e-16
vn -0.8660252955903434 -0.5000001873976233 -2.170798546956823e-16
vn -0.7071067811865476 -0.7071067811865476 -2.4360485149192685e-16
vn -0.8660252955903434 -0.5000001873976233 -2.170798546956823e-16
vn -0.7071067811865476 -0.7071067811865476 -2.4360485149192685e-16
vn -0.5000001873976233 -0.8660252955903434 -2.5352860752139884e-16
vn -0.7071067811865476 -0.7071067811865476 -2.4360485149192685e-16
vn -0.7071067811865476 -0.7071067811865476 -2.4360485149192685e-16
vn -0.5000001873976233 -0.8660252955903434 -2.5352860752139884e-16
vn -0.7071067811865476 -0.7071067811865476 -2.4360485149192685e-16
vn -0.5000001873976233 -0.8660252955903434 -2.5352860752139884e-16
vn -0.3123478797810226 -0.5410017531849348 0.7808686861740113
vn -0.3123478797810226 -0.5410017531849348 0.7808686861740113
vn -0.4417259719822175 -0.4417259719822176 0.7808689591427812
vn -0.3123478797810226 -0.5410017531849348 0.7808686861740113
vn -0.4417259719822175 -0.4417259719822176 0.7808689591427812
vn -0.4417259719822175 -0.4417259719822176 0.7808689591427812
vn -0.16168297631616976 -0.6034089293777293 0.7808689256954509
vn -0.3123478797810226 -0.5410017531849348 0.7808686861740113
vn -0.3123478797810226 -0.5410017531849348 0.7808686861740113
vn -0.16168297631616976 -0.6034089293777293 0.7808689256954509
vn -0.3123478797810226 -0.5410017531849348 0.7808686861740113
vn -0.16168297631616976 -0.6034089293777293 0.7808689256954509
vn -0.2588189746170737 -0.965925845175584 -2.4617480556122946e-16
vn -0.5000001873976233 -0.8660252955903434 -2.5352860752139884e-16
vn -0.5000001873976233 -0.8660252955903434 -2.5352860752139884e-16
vn -0.2588189746170737 -0.965925845175584 -2.4617480556122946e-16
vn -0.5000001873976233 -0.8660252955903434 -2.5352860752139884e-16
vn -0.2588189746170737 -0.965925845175584 -2.4617480556122946e-16
vn -4.927130091322536e-15 -1 -2.220446049250319e-16
vn -0.2588189746170737 -0.965925845175584 -2.4617480556122946e-16
vn -0.2588189746170737 -0.965925845175584 -2.4617480556122946e-16
vn -4.927130091322536e-15 -1 -2.220446049250319e-16
vn -0.2588189746170737 -0.965925845175584 -2.4617480556122946e-16
vn -4.927130091322536e-15 -1 -2.220446049250319e-16
vn -3.3122184951477614e-15 -0.6246949239838272 0.780868908299492
vn -3.3122184951477614e-15 -0.6246949239838272 0.780868908299492
vn -0.16168297631616976 -0.6034089293777293 0.7808689256954509
vn -3.3122184951477614e-15 -0.6246949239838272 0.780868908299492
vn -0.16168297631616976 -0.6034089293777293 0.7808689256954509
vn -0.16168297631616976 -0.6034089293777293 0.7808689256954509
vn 0.16168297631616957 -0.6034089293777293 0.7808689256954509
vn 0.16168297631616957 -0.6034089293777293 0.7808689256954509
vn -3.3122184951477614e-15 -0.6246949239838272 0.780868908299492
vn 0.16168297631616957 -0.6034089293777293 0.7808689256954509
vn -3.3122184951477614e-15 -0.6246949239838272 0.780868908299492
vn -3.3122184951477614e-15 -0.6246949239838272 0.780868908299492
vn 0.3123478797810224 -0.5410017531849349 0.7808686861740114
vn 0.3123478797810224 -0.5410017531849349 0.7808686861740114
vn 0.16168297631616957 -0.6034089293777293 0.7808689256954509
vn 0.3123478797810224 -0.5410017531849349 0.7808686861740114
vn 0.16168297631616957 -0.6034089293777293 0.7808689256954509
vn 0.16168297631616957 -0.6034089293777293 0.7808689256954509
vn 0.44172597198221736 -0.4417259719822176 0.7808689591427812
vn 0.44172597198221736 -0.4417259719822176 0.7808689591427812
vn 0.3123478797810224 -0.5410017531849349 0.7808686861740114
vn 0.44172597198221736 -0.4417259719822176 0.7808689591427812
vn 0.3123478797810224 -0.5410017531849349 0.7808686861740114
vn 0.3123478797810224 -0.5410017531849349 0.7808686861740114
vn 0.5410017531849346 -0.31234787978102263 0.7808686861740114
vn 0.5410017531849346 -0.31234787978102263 0.7808686861740114
vn 0.44172597198221736 -0.4417259719822176 0.7808689591427812
vn 0.5410017531849346 -0.31234787978102263 0.7808686861740114
vn 0.44172597198221736 -0.4417259719822176 0.7808689591427812
vn 0.44172597198221736 -0.4417259719822176 0.7808689591427812
vn 0.5410017531849346 -0.31234787978102263 0.7808686861740114
vn 0.5801642587854976 -0.240312096006584 0.7782413053422417
vn 0.5801642587854976 -0.240312096006584 0.7782413053422417
vn 0.5410017531849346 -0.31234787978102263 0.7808686861740114
vn 0.5801642587854976 -0.240312096006584 0.7782413053422417
vn 0.5410017531849346 -0.31234787978102263 0.7808686861740114
vn 0.9238797479109918 -0.3826829123437868 2.816996152468942e-17
vn 0.8660252955903434 -0.5000001873976233 -4.9648334506114484e-18
vn 0.8660252955903434 -0.5000001873976233 -4.9648334506114484e-18
vn 0.9238797479109918 -0.3826829123437868 2.816996152468942e-17
vn 0.8660252955903434 -0.5000001873976233 -4.9648334506114484e-18
vn 0.9238797479109918 -0.3826829123437868 2.816996152468942e-17
vn 0.8660252955903434 -0.5000001873976233 -4.9648334506114484e-18
vn 0.7071067811865476 -0.7071067811865476 -7.041364024482818e-17
vn 0.7071067811865476 -0.7071067811865476 -7.041364024482818e-17
vn 0.8660252955903434 -0.5000001873976233 -4.9648334506114484e-18
vn 0.7071067811865476 -0.7071067811865476 -7.041364024482818e-17
vn 0.8660252955903434 -0.5000001873976233 -4.9648334506114484e-18
vn 0.7071067811865476 -0.7071067811865476 -7.041364024482818e-17
vn 0.5000001873976233 -0.8660252955903434 -1.3106388170748363e-16
vn 0.5000001873976233 -0.8660252955903434 -1.3106388170748363e-16
vn 0.7071067811865476 -0.7071067811865476 -7.041364024482818e-17
vn 0.5000001873976233 -0.8660252955903434 -1.3106388170748363e-16
vn 0.7071067811865476 -0.7071067811865476 -7.041364024482818e-17
vn 0.5000001873976233 -0.8660252955903434 -1.3106388170748363e-16
vn 0.2588189746170737 -0.965925845175584 -1.8278243979654958e-16
vn 0.2588189746170737 -0.965925845175584 -1.8278243979654958e-16
vn 0.5000001873976233 -0.8660252955903434 -1.3106388170748363e-16
vn 0.2588189746170737 -0.965925845175584 -1.8278243979654958e-16
vn 0.5000001873976233 -0.8660252955903434 -1.3106388170748363e-16
vn 0.2588189746170737 -0.965925845175584 -1.8278243979654958e-16
vn -4.927130091322536e-15 -1 -2.220446049250319e-16
vn -4.927130091322536e-15 -1 -2.220446049250319e-16
vn 0.2588189746170737 -0.965925845175584 -1.8278243979654958e-16
vn -4.927130091322536e-15 -1 -2.220446049250319e-16
vn 0.2588189746170737 -0.965925845175584 -1.8278243979654958e-16
vn 0.9914448878896858 -0.13052599081182487 1.0130054795057706e-16
vn 0.9914448878896858 -0.13052599081182487 1.0130054795057706e-16
vn 0.9914448878896858 -0.13052599081182487 1.0130054795057706e-16
vn 0.9914448878896858 -0.13052599081182487 1.0130054795057706e-16
vn 0.9914448878896858 -0.13052599081182487 1.0130054795057706e-16
vn 0.9914448878896858 -0.13052599081182487 1.0130054795057706e-16
vn -0.13052599081182487 -0.9914448878896858 -2.3612981212173103e-16
vn -0.13052599081182487 -0.9914448878896858 -2.3612981212173103e-16
vn -0.13052599081182487 -0.9914448878896858 -2.3612981212173103e-16
vn -0.13052599081182487 -0.9914448878896858 -2.3612981212173103e-16
vn -0.13052599081182487 -0.9914448878896858 -2.3612981212173103e-16
vn -0.13052599081182487 -0.9914448878896858 -2.3612981212173103e-16
vn 1.2246467991473532e-16 2.220446049250313e-16 -1
vn 1.2246467991473532e-16 2.220446049250313e-16 -1
vn 1.2246467991473532e-16 2.220446049250313e-16 -1
vn 1.2246467991473532e-16 2.220446049250313e-16 -1
vn 1.2246467991473532e-16 2.220446049250313e-16 -1
vn 1.2246467991473532e-16 2.220446049250313e-16 -1
vn 0.9914448878896858 -0.13052599081182487 9.243438878625107e-17
vn 0.9914448878896858 -0.13052599081182487 9.243438878625107e-17
vn 0.9914448878896858 -0.13052599081182487 9.243438878625107e-17
vn 0.9914448878896858 -0.13052599081182487 9.243438878625107e-17
vn 0.9914448878896858 -0.13052599081182487 9.243438878625107e-17
vn 0.9914448878896858 -0.13052599081182487 9.243438878625107e-17
vn -1.2246467991473532e-16 -2.220446049250313e-16 1
vn -1.2246467991473532e-16 -2.220446049250313e-16 1
vn -1.2246467991473532e-16 -2.220446049250313e-16 1
vn -1.2246467991473532e-16 -2.220446049250313e-16 1
vn -1.2246467991473532e-16 -2.220446049250313e-16 1
vn -1.2246467991473532e-16 -2.220446049250313e-16 1
vn -0.13050100164239542 -0.9912499752693857 -0.01982359954129841
vn -0.13050100164239542 -0.9912499752693857 -0.01982359954129841
vn -0.13050100164239542 -0.9912499752693857 -0.01982359954129841
vn -0.13050100164239542 -0.9912499752693857 -0.01982359954129841
vn -0.13050100164239542 -0.9912499752693857 -0.01982359954129841
vn -0.13050100164239542 -0.9912499752693857 -0.01982359954129841
vn 0.9803888679154176 -0.12907097998243802 0.14892397320075484
vn 0.9803888679154176 -0.12907097998243802 0.14892397320075484
vn 0.9803888679154176 -0.12907097998243802 0.14892397320075484
vn 0.9803888679154176 -0.12907097998243802 0.14892397320075484
vn 0.9803888679154176 -0.12907097998243802 0.14892397320075484
vn 0.9803888679154176 -0.12907097998243802 0.14892397320075484
vn 0.13761096369196424 0.9902657513401508 0.020903693321882928
vn 0.13761096369196424 0.9902657513401508 0.020903693321882928
vn 0.13761096369196424 0.9902657513401508 0.020903693321882928
vn 0.1305010435998565 0.9912513072460875 0.01975660654745905
vn 0.1305010435998565 0.9912513072460875 0.01975660654745905
vn 0.1305010435998565 0.9912513072460875 0.01975660654745905
vn 0.13052599081182487 0.9914448878896858 2.3612981212173103e-16
vn 0.13052599081182487 0.9914448878896858 2.3612981212173103e-16
vn 0.13052599081182487 0.9914448878896858 2.3612981212173103e-16
vn 0.13052599081182487 0.9914448878896858 2.3612981212173103e-16
vn 0.13052599081182487 0.9914448878896858 2.3612981212173103e-16
vn 0.13052599081182487 0.9914448878896858 2.3612981212173103e-16
vn 0.9914448878896858 -0.13052599081182487 9.583053844958537e-17
vn 0.9914448878896858 -0.13052599081182487 9.583053844958537e-17
vn 0.9914448878896858 -0.13052599081182487 9.583053844958537e-17
vn 0.9914448878896858 -0.13052599081182487 9.583053844958537e-17
vn 0.9914448878896858 -0.13052599081182487 9.583053844958537e-17
vn 0.9914448878896858 -0.13052599081182487 9.583053844958537e-17
vn 0.9914448878896858 0.13052599081182487 1.5266367268632713e-16
vn 0.9914448878896858 0.13052599081182487 1.5266367268632713e-16
vn 0.9914448878896858 0.13052599081182487 1.5266367268632713e-16
vn 0.9914448878896858 0.13052599081182487 1.5266367268632713e-16
vn 0.9914448878896858 0.13052599081182487 1.5266367268632713e-16
vn 0.9914448878896858 0.13052599081182487 1.5266367268632713e-16
vn 0.9914448878896858 -0.13052599081182487 9.243438878625107e-17
vn 0.9914448878896858 -0.13052599081182487 9.243438878625107e-17
vn 0.9914448878896858 -0.13052599081182487 9.243438878625107e-17
vn 0.9914448878896858 -0.13052599081182487 9.243438878625107e-17
vn 0.9914448878896858 -0.13052599081182487 9.243438878625107e-17
vn 0.9914448878896858 -0.13052599081182487 9.243438878625107e-17
vn 0.7010570827600745 -0.09229600552206653 0.7071070739828622
vn 0.7010570827600745 -0.09229600552206653 0.7071070739828622
vn 0.7010570827600745 -0.09229600552206653 0.7071070739828622
vn 0.7010570827600745 -0.09229600552206653 0.7071070739828622
vn 0.7010570827600745 -0.09229600552206653 0.7071070739828622
vn 0.7010570827600745 -0.09229600552206653 0.7071070739828622
vn -1.2246467991473532e-16 -2.220446049250313e-16 1
vn -1.2246467991473532e-16 -2.220446049250313e-16 1
vn -1.2246467991473532e-16 -2.220446049250313e-16 1
vn -1.2246467991473532e-16 -2.220446049250313e-16 1
vn -1.2246467991473532e-16 -2.220446049250313e-16 1
vn -1.2246467991473532e-16 -2.220446049250313e-16 1
vn -1.2246467991473532e-16 -2.220446049250313e-16 1
vn -1.2246467991473532e-16 -2.220446049250313e-16 1
vn -1.2246467991473532e-16 -2.220446049250313e-16 1
vn -1.2246467991473532e-16 -2.220446049250313e-16 1
vn -1.2246467991473532e-16 -2.220446049250313e-16 1
vn -1.2246467991473532e-16 -2.220446049250313e-16 1
vn -1.2246467991473532e-16 -2.220446049250313e-16 1
vn -1.2246467991473532e-16 -2.220446049250313e-16 1
vn -1.2246467991473532e-16 -2.220446049250313e-16 1
vn -1.2246467991473532e-16 -2.220446049250313e-16 1
vn -1.2246467991473532e-16 -2.220446049250313e-16 1
vn -1.2246467991473532e-16 -2.220446049250313e-16 1
vn -1.2246467991473532e-16 -2.220446049250313e-16 1
vn -1.2246467991473532e-16 -2.220446049250313e-16 1
vn -1.2246467991473532e-16 -2.220446049250313e-16 1
vn -1.2246467991473532e-16 -2.220446049250313e-16 1
vn -1.2246467991473532e-16 -2.220446049250313e-16 1
vn -1.2246467991473532e-16 -2.220446049250313e-16 1
vn -1.2246467991473532e-16 -2.220446049250313e-16 1
vn -1.2246467991473532e-16 -2.220446049250313e-16 1
vn -1.2246467991473532e-16 -2.220446049250313e-16 1
vn -1.2246467991473532e-16 -2.220446049250313e-16 1
vn -1.2246467991473532e-16 -2.220446049250313e-16 1
vn -1.2246467991473532e-16 -2.220446049250313e-16 1
vn -1.2246467991473532e-16 -2.220446049250313e-16 1
vn -1.2246467991473532e-16 -2.220446049250313e-16 1
vn -1.2246467991473532e-16 -2.220446049250313e-16 1
vn -1.2246467991473532e-16 -2.220446049250313e-16 1
vn -1.2246467991473532e-16 -2.220446049250313e-16 1
vn -1.2246467991473532e-16 -2.220446049250313e-16 1
vn -1.2246467991473532e-16 -2.220446049250313e-16 1
vn -1.2246467991473532e-16 -2.220446049250313e-16 1
vn -1.2246467991473532e-16 -2.220446049250313e-16 1
vn -1.2246467991473532e-16 -2.220446049250313e-16 1
vn -1.2246467991473532e-16 -2.220446049250313e-16 1
vn -1.2246467991473532e-16 -2.220446049250313e-16 1
vn -1.2246467991473532e-16 -2.220446049250313e-16 1
vn -1.2246467991473532e-16 -2.220446049250313e-16 1
vn -1.2246467991473532e-16 -2.220446049250313e-16 1
vn -1.2246467991473532e-16 -2.220446049250313e-16 1
vn -1.2246467991473532e-16 -2.220446049250313e-16 1
vn -1.2246467991473532e-16 -2.220446049250313e-16 1
vn -1.2246467991473532e-16 -2.220446049250313e-16 1
vn -1.2246467991473532e-16 -2.220446049250313e-16 1
vn -1.2246467991473532e-16 -2.220446049250313e-16 1
vn -1.2246467991473532e-16 -2.220446049250313e-16 1
vn -1.2246467991473532e-16 -2.220446049250313e-16 1
vn -1.2246467991473532e-16 -2.220446049250313e-16 1
vn -1.2246467991473532e-16 -2.220446049250313e-16 1
vn -1.2246467991473532e-16 -2.220446049250313e-16 1
vn -1.2246467991473532e-16 -2.220446049250313e-16 1
vn -1.2246467991473532e-16 -2.220446049250313e-16 1
vn -1.2246467991473532e-16 -2.220446049250313e-16 1
vn -1.2246467991473532e-16 -2.220446049250313e-16 1
vn -1.2246467991473532e-16 -2.220446049250313e-16 1
vn -1.2246467991473532e-16 -2.220446049250313e-16 1
vn -1.2246467991473532e-16 -2.220446049250313e-16 1
vn -1.2246467991473532e-16 -2.220446049250313e-16 1
vn -1.2246467991473532e-16 -2.220446049250313e-16 1
vn -1.2246467991473532e-16 -2.220446049250313e-16 1
vn -1.2246467991473532e-16 -2.220446049250313e-16 1
vn -1.2246467991473532e-16 -2.220446049250313e-16 1
vn -1.2246467991473532e-16 -2.220446049250313e-16 1
vn -1.2246467991473532e-16 -2.220446049250313e-16 1
vn -1.2246467991473532e-16 -2.220446049250313e-16 1
vn -1.2246467991473532e-16 -2.220446049250313e-16 1
vn -1.2246467991473532e-16 -2.220446049250313e-16 1
vn -1.2246467991473532e-16 -2.220446049250313e-16 1
vn -1.2246467991473532e-16 -2.220446049250313e-16 1
vn -1.2246467991473532e-16 -2.220446049250313e-16 1
vn -1.2246467991473532e-16 -2.220446049250313e-16 1
vn -1.2246467991473532e-16 -2.220446049250313e-16 1
vn -1.2246467991473532e-16 -2.220446049250313e-16 1
vn -1.2246467991473532e-16 -2.220446049250313e-16 1
vn -1.2246467991473532e-16 -2.220446049250313e-16 1
vn -1.2246467991473532e-16 -2.220446049250313e-16 1
vn -1.2246467991473532e-16 -2.220446049250313e-16 1
vn -1.2246467991473532e-16 -2.220446049250313e-16 1
vn -1.2246467991473532e-16 -2.220446049250313e-16 1
vn -1.2246467991473532e-16 -2.220446049250313e-16 1
vn -1.2246467991473532e-16 -2.220446049250313e-16 1
vn -1.2246467991473532e-16 -2.220446049250313e-16 1
vn -1.2246467991473532e-16 -2.220446049250313e-16 1
vn -1.2246467991473532e-16 -2.220446049250313e-16 1
vn -2.5407181807812022e-33 1 2.220446049250313e-16
vn -2.5407181807812022e-33 1 2.220446049250313e-16
vn -2.5407181807812022e-33 1 2.220446049250313e-16
vn -2.5407181807812022e-33 1 2.220446049250313e-16
vn -2.5407181807812022e-33 1 2.220446049250313e-16
vn -2.5407181807812022e-33 1 2.220446049250313e-16
vn -0.13052599081182487 0.9914448878896858 2.0416016475108341e-16
vn -0.2588189746170737 0.965925845175584 1.8278243979654958e-16
vn -0.2588189746170737 0.965925845175584 1.8278243979654958e-16
vn -0.13052599081182487 0.9914448878896858 2.0416016475108341e-16
vn -0.2588189746170737 0.965925845175584 1.8278243979654958e-16
vn -0.13052599081182487 0.9914448878896858 2.0416016475108341e-16
vn -0.2588189746170737 0.965925845175584 1.8278243979654958e-16
vn -0.5000001873976233 0.8660252955903434 1.3106388170748363e-16
vn -0.5000001873976233 0.8660252955903434 1.3106388170748363e-16
vn -0.2588189746170737 0.965925845175584 1.8278243979654958e-16
vn -0.5000001873976233 0.8660252955903434 1.3106388170748363e-16
vn -0.2588189746170737 0.965925845175584 1.8278243979654958e-16
vn -0.5000001873976233 0.8660252955903434 1.3106388170748363e-16
vn -0.6087613210240593 0.7933534231507685 1.0160808708575072e-16
vn -0.6087613210240593 0.7933534231507685 1.0160808708575072e-16
vn -0.5000001873976233 0.8660252955903434 1.3106388170748363e-16
vn -0.6087613210240593 0.7933534231507685 1.0160808708575072e-16
vn -0.5000001873976233 0.8660252955903434 1.3106388170748363e-16
vn -0.6087613210240593 0.7933534231507685 1.0160808708575072e-16
vn -0.7071067811865476 0.7071067811865476 7.041364024482818e-17
vn -0.7071067811865476 0.7071067811865476 7.041364024482818e-17
vn -0.6087613210240593 0.7933534231507685 1.0160808708575072e-16
vn -0.7071067811865476 0.7071067811865476 7.041364024482818e-17
vn -0.6087613210240593 0.7933534231507685 1.0160808708575072e-16
vn -0.7071067811865476 0.7071067811865476 7.041364024482818e-17
vn -0.8660252955903434 0.5000001873976233 4.9648334506114484e-18
vn -0.8660252955903434 0.5000001873976233 4.9648334506114484e-18
vn -0.7071067811865476 0.7071067811865476 7.041364024482818e-17
vn -0.8660252955903434 0.5000001873976233 4.9648334506114484e-18
vn -0.7071067811865476 0.7071067811865476 7.041364024482818e-17
vn -0.8660252955903434 0.5000001873976233 4.9648334506114484e-18
vn -0.965925845175584 0.2588189746170737 -6.082244248484822e-17
vn -0.965925845175584 0.2588189746170737 -6.082244248484822e-17
vn -0.8660252955903434 0.5000001873976233 4.9648334506114484e-18
vn -0.965925845175584 0.2588189746170737 -6.082244248484822e-17
vn -0.8660252955903434 0.5000001873976233 4.9648334506114484e-18
vn -0.965925845175584 0.2588189746170737 -6.082244248484822e-17
vn -1 2.719262146893782e-32 -1.2246467991473532e-16
vn -1 2.719262146893782e-32 -1.2246467991473532e-16
vn -0.965925845175584 0.2588189746170737 -6.082244248484822e-17
vn -1 2.719262146893782e-32 -1.2246467991473532e-16
vn -0.965925845175584 0.2588189746170737 -6.082244248484822e-17
vn -1 2.719262146893782e-32 -1.2246467991473532e-16
vn -0.965925845175584 -0.2588189746170737 -1.757611564167479e-16
vn -0.965925845175584 -0.2588189746170737 -1.757611564167479e-16
vn -1 2.719262146893782e-32 -1.2246467991473532e-16
vn -0.965925845175584 -0.2588189746170737 -1.757611564167479e-16
vn -1 2.719262146893782e-32 -1.2246467991473532e-16
vn -0.965925845175584 -0.2588189746170737 -1.757611564167479e-16
vn -0.8660252955903434 -0.5000001873976233 -2.170798546956823e-16
vn -0.8660252955903434 -0.5000001873976233 -2.170798546956823e-16
vn -0.965925845175584 -0.2588189746170737 -1.757611564167479e-16
vn -0.8660252955903434 -0.5000001873976233 -2.170798546956823e-16
vn -0.965925845175584 -0.2588189746170737 -1.757611564167479e-16
vn -0.8660252955903434 -0.5000001873976233 -2.170798546956823e-16
vn -0.7071067811865476 -0.7071067811865476 -2.4360485149192685e-16
vn -0.7071067811865476 -0.7071067811865476 -2.4360485149192685e-16
vn -0.8660252955903434 -0.5000001873976233 -2.170798546956823e-16
vn -0.7071067811865476 -0.7071067811865476 -2.4360485149192685e-16
vn -0.8660252955903434 -0.5000001873976233 -2.170798546956823e-16
vn -0.7071067811865476 -0.7071067811865476 -2.4360485149192685e-16
vn -0.6087613210240593 -0.7933534231507685 -2.5071160773311643e-16
vn -0.6087613210240593 -0.7933534231507685 -2.5071160773311643e-16
vn -0.7071067811865476 -0.7071067811865476 -2.4360485149192685e-16
vn -0.6087613210240593 -0.7933534231507685 -2.5071160773311643e-16
vn -0.7071067811865476 -0.7071067811865476 -2.4360485149192685e-16
vn -0.6087613210240593 -0.7933534231507685 -2.5071160773311643e-16
vn -0.5000001873976233 -0.8660252955903434 -2.5352860752139884e-16
vn -0.5000001873976233 -0.8660252955903434 -2.5352860752139884e-16
vn -0.6087613210240593 -0.7933534231507685 -2.5071160773311643e-16
vn -0.5000001873976233 -0.8660252955903434 -2.5352860752139884e-16
vn -0.6087613210240593 -0.7933534231507685 -2.5071160773311643e-16
vn -0.5000001873976233 -0.8660252955903434 -2.5352860752139884e-16
vn -0.2588189746170737 -0.965925845175584 -2.4617480556122946e-16
vn -0.2588189746170737 -0.965925845175584 -2.4617480556122946e-16
vn -0.5000001873976233 -0.8660252955903434 -2.5352860752139884e-16
vn -0.2588189746170737 -0.965925845175584 -2.4617480556122946e-16
vn -0.5000001873976233 -0.8660252955903434 -2.5352860752139884e-16
vn -0.2588189746170737 -0.965925845175584 -2.4617480556122946e-16
vn -0.13052599081182487 -0.9914448878896858 -2.3612981212173103e-16
vn -0.13052599081182487 -0.9914448878896858 -2.3612981212173103e-16
vn -0.2588189746170737 -0.965925845175584 -2.4617480556122946e-16
vn -0.13052599081182487 -0.9914448878896858 -2.3612981212173103e-16
vn -0.2588189746170737 -0.965925845175584 -2.4617480556122946e-16
vn -0.13052599081182487 -0.9914448878896858 -2.493003109744232e-16
vn -0.13052599081182487 -0.9914448878896858 -2.493003109744232e-16
vn -0.13052599081182487 -0.9914448878896858 -2.493003109744232e-16
vn 0.9803888679154176 -0.12907097998243802 0.14892397320075484
vn 0.9803888679154176 -0.12907097998243802 0.14892397320075484
vn 0.9803888679154176 -0.12907097998243802 0.14892397320075484
vn 0.9803888679154176 -0.12907097998243802 0.14892397320075484
vn 0.9803888679154176 -0.12907097998243802 0.14892397320075484
vn 0.9803888679154176 -0.12907097998243802 0.14892397320075484
vn 2.5407181807812022e-33 -1 -2.220446049250313e-16
vn 2.5407181807812022e-33 -1 -2.220446049250313e-16
vn 2.5407181807812022e-33 -1 -2.220446049250313e-16
vn 2.5407181807812022e-33 -1 -2.220446049250313e-16
vn 2.5407181807812022e-33 -1 -2.220446049250313e-16
vn 2.5407181807812022e-33 -1 -2.220446049250313e-16
vn 2.5407181807812022e-33 -1 -2.220446049250313e-16
vn 2.5407181807812022e-33 -1 -2.220446049250313e-16
vn 2.5407181807812022e-33 -1 -2.220446049250313e-16
vn 2.5407181807812022e-33 -1 -2.220446049250313e-16
vn 2.5407181807812022e-33 -1 -2.220446049250313e-16
vn 2.5407181807812022e-33 -1 -2.220446049250313e-16
vn 2.5407181807812022e-33 -1 -2.220446049250313e-16
vn 2.5407181807812022e-33 -1 -2.220446049250313e-16
vn 2.5407181807812022e-33 -1 -2.220446049250313e-16
vn 2.5407181807812022e-33 -1 -2.220446049250313e-16
vn 2.5407181807812022e-33 -1 -2.220446049250313e-16
vn 2.5407181807812022e-33 -1 -2.220446049250313e-16
vn 2.5407181807812022e-33 -1 -2.220446049250313e-16
vn 2.5407181807812022e-33 -1 -2.220446049250313e-16
vn 2.5407181807812022e-33 -1 -2.220446049250313e-16
vn -0.9150021103203245 -0.40344905268119396 -1.9791042163897713e-14
vn -0.9150021103203245 -0.40344905268119396 -1.9791042163897713e-14
vn -0.9150021103203245 -0.40344905268119396 -1.9791042163897713e-14
f 1/1/1 2/2/2 3/3/3
f 4/4/4 5/5/5 6/6/6
f 7/7/7 8/8/8 9/9/9
f 10/10/10 11/11/11 12/12/12
f 13/13/13 14/14/14 15/15/15
f 16/16/16 17/17/17 18/18/18
f 19/19/19 20/20/20 21/21/21
f 22/22/22 23/23/23 24/24/24
f 25/25/25 26/26/26 27/27/27
f 28/28/28 29/29/29 30/30/30
f 31/31/31 32/32/32 33/33/33
f 34/34/34 35/35/35 36/36/36
f 37/37/37 38/38/38 39/39/39
f 40/40/40 41/41/41 42/42/42
f 43/43/43 44/44/44 45/45/45
f 46/46/46 47/47/47 48/48/48
f 49/49/49 50/50/50 51/51/51
f 52/52/52 53/53/53 54/54/54
f 55/55/55 56/56/56 57/57/57
f 58/58/58 59/59/59 60/60/60
f 61/61/61 62/62/62 63/63/63
f 64/64/64 65/65/65 66/66/66
f 67/67/67 68/68/68 69/69/69
f 70/70/70 71/71/71 72/72/72
f 73/73/73 74/74/74 75/75/75
f 76/76/76 77/77/77 78/78/78
f 79/79/79 80/80/80 81/81/81
f 82/82/82 83/83/83 84/84/84
f 85/85/85 86/86/86 87/87/87
f 88/88/88 89/89/89 90/90/90
f 91/91/91 92/92/92 93/93/93
f 94/94/94 95/95/95 96/96/96
f 97/97/97 98/98/98 99/99/99
f 100/100/100 101/101/101 102/102/102
f 103/103/103 104/104/104 105/105/105
f 106/106/106 107/107/107 108/108/108
f 109/109/109 110/110/110 111/111/111
f 112/112/112 113/113/113 114/114/114
f 115/115/115 116/116/116 117/117/117
f 118/118/118 119/119/119 120/120/120
f 121/121/121 122/122/122 123/123/123
f 124/124/124 125/125/125 126/126/126
f 127/127/127 128/128/128 129/129/129
f 130/130/130 131/131/131 132/132/132
f 133/133/133 134/134/134 135/135/135
f 136/136/136 137/137/137 138/138/138
f 139/139/139 140/140/140 141/141/141
f 142/142/142 143/143/143 144/144/144
f 145/145/145 146/146/146 147/147/147
f 148/148/148 149/149/149 150/150/150
f 151/151/151 152/152/152 153/153/153
f 154/154/154 155/155/155 156/156/156
f 157/157/157 158/158/158 159/159/159
f 160/160/160 161/161/161 162/162/162
f 163/163/163 164/164/164 165/165/165
f 166/166/166 167/167/167 168/168/168
f 169/169/169 170/170/170 171/171/171
f 172/172/172 173/173/173 174/174/174
f 175/175/175 176/176/176 177/177/177
f 178/178/178 179/179/179 180/180/180
f 181/181/181 182/182/182 183/183/183
f 184/184/184 185/185/185 186/186/186
f 187/187/187 188/188/188 189/189/189
f 190/190/190 191/191/191 192/192/192
f 193/193/193 194/194/194 195/195/195
f 196/196/196 197/197/197 198/198/198
f 199/199/199 200/200/200 201/201/201
f 202/202/202 203/203/203 204/204/204
f 205/205/205 206/206/206 207/207/207
f 208/208/208 209/209/209 210/210/210
f 211/211/211 212/212/212 213/213/213
f 214/214/214 215/215/215 216/216/216
f 217/217/217 218/218/218 219/219/219
f 220/220/220 221/221/221 222/222/222
f 223/223/223 224/224/224 225/225/225
f 226/226/226 227/227/227 228/228/228
f 229/229/229 230/230/230 231/231/231
f 232/232/232 233/233/233 234/234/234
f 235/235/235 236/236/236 237/237/237
f 238/238/238 239/239/239 240/240/240
f 241/241/241 242/242/242 243/243/243
f 244/244/244 245/245/245 246/246/246
f 247/247/247 248/248/248 249/249/249
f 250/250/250 251/251/251 252/252/252
f 253/253/253 254/254/254 255/255/255
f 256/256/256 257/257/257 258/258/258
f 259/259/259 260/260/260 261/261/261
f 262/262/262 263/263/263 264/264/264
f 265/265/265 266/266/266 267/267/267
f 268/268/268 269/269/269 270/270/270
f 271/271/271 272/272/272 273/273/273
f 274/274/274 275/275/275 276/276/276
f 277/277/277 278/278/278 279/279/279
f 280/280/280 281/281/281 282/282/282
f 283/283/283 284/284/284 285/285/285
f 286/286/286 287/287/287 288/288/288
f 289/289/289 290/290/290 291/291/291
f 292/292/292 293/293/293 294/294/294
f 295/295/295 296/296/296 297/297/297
f 298/298/298 299/299/299 300/300/300
f 301/301/301 302/302/302 303/303/303
f 304/304/304 305/305/305 306/306/306
f 307/307/307 308/308/308 309/309/309
f 310/310/310 311/311/311 312/312/312
f 313/313/313 314/314/314 315/315/315
f 316/316/316 317/317/317 318/318/318
f 319/319/319 320/320/320 321/321/321
f 322/322/322 323/323/323 324/324/324
f 325/325/325 326/326/326 327/327/327
f 328/328/328 329/329/329 330/330/330
f 331/331/331 332/332/332 333/333/333
f 334/334/334 335/335/335 336/336/336
f 337/337/337 338/338/338 339/339/339
f 340/340/340 341/341/341 342/342/342
f 343/343/343 344/344/344 345/345/345
f 346/346/346 347/347/347 348/348/348
f 349/349/349 350/350/350 351/351/351
f 352/352/352 353/353/353 354/354/354
f 355/355/355 356/356/356 357/357/357
f 358/358/358 359/359/359 360/360/360
f 361/361/361 362/362/362 363/363/363
f 364/364/364 365/365/365 366/366/366
f 367/367/367 368/368/368 369/369/369
f 370/370/370 371/371/371 372/372/372
f 373/373/373 374/374/374 375/375/375
f 376/376/376 377/377/377 378/378/378
f 379/379/379 380/380/380 381/381/381
f 382/382/382 383/383/383 384/384/384
f 385/385/385 386/386/386 387/387/387
f 388/388/388 389/389/389 390/390/390
f 391/391/391 392/392/392 393/393/393
f 394/394/394 395/395/395 396/396/396
f 397/397/397 398/398/398 399/399/399
f 400/400/400 401/401/401 402/402/402
f 403/403/403 404/404/404 405/405/405
f 406/406/406 407/407/407 408/408/408
f 409/409/409 410/410/410 411/411/411
f 412/412/412 413/413/413 414/414/414
f 415/415/415 416/416/416 417/417/417
f 418/418/418 419/419/419 420/420/420
f 421/421/421 422/422/422 423/423/423
f 424/424/424 425/425/425 426/426/426
f 427/427/427 428/428/428 429/429/429
f 430/430/430 431/431/431 432/432/432
f 433/433/433 434/434/434 435/435/435
f 436/436/436 437/437/437 438/438/438
f 439/439/439 440/440/440 441/441/441
f 442/442/442 443/443/443 444/444/444
f 445/445/445 446/446/446 447/447/447
f 448/448/448 449/449/449 450/450/450
f 451/451/451 452/452/452 453/453/453
f 454/454/454 455/455/455 456/456/456
f 457/457/457 458/458/458 459/459/459
f 460/460/460 461/461/461 462/462/462
f 463/463/463 464/464/464 465/465/465
f 466/466/466 467/467/467 468/468/468
f 469/469/469 470/470/470 471/471/471
f 472/472/472 473/473/473 474/474/474
f 475/475/475 476/476/476 477/477/477
f 478/478/478 479/479/479 480/480/480
f 481/481/481 482/482/482 483/483/483
f 484/484/484 485/485/485 486/486/486
f 487/487/487 488/488/488 489/489/489
f 490/490/490 491/491/491 492/492/492
f 493/493/493 494/494/494 495/495/495
f 496/496/496 497/497/497 498/498/498
f 499/499/499 500/500/500 501/501/501
f 502/502/502 503/503/503 504/504/504
f 505/505/505 506/506/506 507/507/507
f 508/508/508 509/509/509 510/510/510
f 511/511/511 512/512/512 513/513/513
f 514/514/514 515/515/515 516/516/516
f 517/517/517 518/518/518 519/519/519
f 520/520/520 521/521/521 522/522/522
f 523/523/523 524/524/524 525/525/525
f 526/526/526 527/527/527 528/528/528
f 529/529/529 530/530/530 531/531/531
f 532/532/532 533/533/533 534/534/534
f 535/535/535 536/536/536 537/537/537
f 538/538/538 539/539/539 540/540/540
f 541/541/541 542/542/542 543/543/543
f 544/544/544 545/545/545 546/546/546
f 547/547/547 548/548/548 549/549/549
f 550/550/550 551/551/551 552/552/552
f 553/553/553 554/554/554 555/555/555
f 556/556/556 557/557/557 558/558/558
f 559/559/559 560/560/560 561/561/561
f 562/562/562 563/563/563 564/564/564
f 565/565/565 566/566/566 567/567/567
f 568/568/568 569/569/569 570/570/570
f 571/571/571 572/572/572 573/573/573
f 574/574/574 575/575/575 576/576/576
f 577/577/577 578/578/578 579/579/579
f 580/580/580 581/581/581 582/582/582
f 583/583/583 584/584/584 585/585/585
f 586/586/586 587/587/587 588/588/588
f 589/589/589 590/590/590 591/591/591
f 592/592/592 593/593/593 594/594/594
f 595/595/595 596/596/596 597/597/597
f 598/598/598 599/599/599 600/600/600
f 601/601/601 602/602/602 603/603/603
f 604/604/604 605/605/605 606/606/606
f 607/607/607 608/608/608 609/609/609
f 610/610/610 611/611/611 612/612/612
f 613/613/613 614/614/614 615/615/615
f 616/616/616 617/617/617 618/618/618
f 619/619/619 620/620/620 621/621/621
f 622/622/622 623/623/623 624/624/624
f 625/625/625 626/626/626 627/627/627
f 628/628/628 629/629/629 630/630/630
f 631/631/631 632/632/632 633/633/633
f 634/634/634 635/635/635 636/636/636
f 637/637/637 638/638/638 639/639/639
f 640/640/640 641/641/641 642/642/642
f 643/643/643 644/644/644 645/645/645
f 646/646/646 647/647/647 648/648/648
f 649/649/649 650/650/650 651/651/651
f 652/652/652 653/653/653 654/654/654
f 655/655/655 656/656/656 657/657/657
f 658/658/658 659/659/659 660/660/660
f 661/661/661 662/662/662 663/663/663
f 664/664/664 665/665/665 666/666/666
f 667/667/667 668/668/668 669/669/669
f 670/670/670 671/671/671 672/672/672
f 673/673/673 674/674/674 675/675/675
f 676/676/676 677/677/677 678/678/678
f 679/679/679 680/680/680 681/681/681
f 682/682/682 683/683/683 684/684/684
f 685/685/685 686/686/686 687/687/687
f 688/688/688 689/689/689 690/690/690
f 691/691/691 692/692/692 693/693/693
f 694/694/694 695/695/695 696/696/696
f 697/697/697 698/698/698 699/699/699
f 700/700/700 701/701/701 702/702/702
f 703/703/703 704/704/704 705/705/705
f 706/706/706 707/707/707 708/708/708
f 709/709/709 710/710/710 711/711/711
f 712/712/712 713/713/713 714/714/714
f 715/715/715 716/716/716 717/717/717
f 718/718/718 719/719/719 720/720/720
f 721/721/721 722/722/722 723/723/723
f 724/724/724 725/725/725 726/726/726
f 727/727/727 728/728/728 729/729/729
f 730/730/730 731/731/731 732/732/732
f 733/733/733 734/734/734 735/735/735
f 736/736/736 737/737/737 738/738/738
f 739/739/739 740/740/740 741/741/741
f 742/742/742 743/743/743 744/744/744
f 745/745/745 746/746/746 747/747/747
f 748/748/748 749/749/749 750/750/750
f 751/751/751 752/752/752 753/753/753
f 754/754/754 755/755/755 756/756/756
f 757/757/757 758/758/758 759/759/759
f 760/760/760 761/761/761 762/762/762
f 763/763/763 764/764/764 765/765/765
f 766/766/766 767/767/767 768/768/768
f 769/769/769 770/770/770 771/771/771
f 772/772/772 773/773/773 774/774/774
f 775/775/775 776/776/776 777/777/777
f 778/778/778 779/779/779 780/780/780
f 781/781/781 782/782/782 783/783/783
f 784/784/784 785/785/785 786/786/786
f 787/787/787 788/788/788 789/789/789
f 790/790/790 791/791/791 792/792/792
f 793/793/793 794/794/794 795/795/795
f 796/796/796 797/797/797 798/798/798
f 799/799/799 800/800/800 801/801/801
f 802/802/802 803/803/803 804/804/804
f 805/805/805 806/806/806 807/807/807
f 808/808/808 809/809/809 810/810/810
f 811/811/811 812/812/812 813/813/813
f 814/814/814 815/815/815 816/816/816
f 817/817/817 818/818/818 819/819/819
f 820/820/820 821/821/821 822/822/822
f 823/823/823 824/824/824 825/825/825
f 826/826/826 827/827/827 828/828/828
f 829/829/829 830/830/830 831/831/831
f 832/832/832 833/833/833 834/834/834
f 835/835/835 836/836/836 837/837/837
f 838/838/838 839/839/839 840/840/840
f 841/841/841 842/842/842 843/843/843
f 844/844/844 845/845/845 846/846/846
f 847/847/847 848/848/848 849/849/849
f 850/850/850 851/851/851 852/852/852
f 853/853/853 854/854/854 855/855/855
f 856/856/856 857/857/857 858/858/858
f 859/859/859 860/860/860 861/861/861
f 862/862/862 863/863/863 864/864/864
f 865/865/865 866/866/866 867/867/867
f 868/868/868 869/869/869 870/870/870
f 871/871/871 872/872/872 873/873/873
f 874/874/874 875/875/875 876/876/876
f 877/877/877 878/878/878 879/879/879
f 880/880/880 881/881/881 882/882/882
f 883/883/883 884/884/884 885/885/885
f 886/886/886 887/887/887 888/888/888
f 889/889/889 890/890/890 891/891/891
f 892/892/892 893/893/893 894/894/894
f 895/895/895 896/896/896 897/897/897
f 898/898/898 899/899/899 900/900/900
f 901/901/901 902/902/902 903/903/903
f 904/904/904 905/905/905 906/906/906
f 907/907/907 908/908/908 909/909/909
f 910/910/910 911/911/911 912/912/912
f 913/913/913 914/914/914 915/915/915
f 916/916/916 917/917/917 918/918/918
f 919/919/919 920/920/920 921/921/921
f 922/922/922 923/923/923 924/924/924
f 925/925/925 926/926/926 927/927/927
f 928/928/928 929/929/929 930/930/930
f 931/931/931 932/932/932 933/933/933
f 934/934/934 935/935/935 936/936/936
f 937/937/937 938/938/938 939/939/939
f 940/940/940 941/941/941 942/942/942
f 943/943/943 944/944/944 945/945/945
f 946/946/946 947/947/947 948/948/948
f 949/949/949 950/950/950 951/951/951
f 952/952/952 953/953/953 954/954/954
f 955/955/955 956/956/956 957/957/957
f 958/958/958 959/959/959 960/960/960
f 961/961/961 962/962/962 963/963/963
f 964/964/964 965/965/965 966/966/966
f 967/967/967 968/968/968 969/969/969
f 970/970/970 971/971/971 972/972/972
f 973/973/973 974/974/974 975/975/975
f 976/976/976 977/977/977 978/978/978
f 979/979/979 980/980/980 981/981/981
f 982/982/982 983/983/983 984/984/984
f 985/985/985 986/986/986 987/987/987
f 988/988/988 989/989/989 990/990/990
f 991/991/991 992/992/992 993/993/993
f 994/994/994 995/995/995 996/996/996
f 997/997/997 998/998/998 999/999/999
f 1000/1000/1000 1001/1001/1001 1002/1002/1002
f 1003/1003/1003 1004/1004/1004 1005/1005/1005
f 1006/1006/1006 1007/1007/1007 1008/1008/1008
f 1009/1009/1009 1010/1010/1010 1011/1011/1011
f 1012/1012/1012 1013/1013/1013 1014/1014/1014
f 1015/1015/1015 1016/1016/1016 1017/1017/1017
f 1018/1018/1018 1019/1019/1019 1020/1020/1020
f 1021/1021/1021 1022/1022/1022 1023/1023/1023
f 1024/1024/1024 1025/1025/1025 1026/1026/1026
f 1027/1027/1027 1028/1028/1028 1029/1029/1029
f 1030/1030/1030 1031/1031/1031 1032/1032/1032
f 1033/1033/1033 1034/1034/1034 1035/1035/1035
f 1036/1036/1036 1037/1037/1037 1038/1038/1038
f 1039/1039/1039 1040/1040/1040 1041/1041/1041
f 1042/1042/1042 1043/1043/1043 1044/1044/1044
f 1045/1045/1045 1046/1046/1046 1047/1047/1047
f 1048/1048/1048 1049/1049/1049 1050/1050/1050
f 1051/1051/1051 1052/1052/1052 1053/1053/1053
f 1054/1054/1054 1055/1055/1055 1056/1056/1056
f 1057/1057/1057 1058/1058/1058 1059/1059/1059
f 1060/1060/1060 1061/1061/1061 1062/1062/1062
f 1063/1063/1063 1064/1064/1064 1065/1065/1065
f 1066/1066/1066 1067/1067/1067 1068/1068/1068
f 1069/1069/1069 1070/1070/1070 1071/1071/1071
f 1072/1072/1072 1073/1073/1073 1074/1074/1074
f 1075/1075/1075 1076/1076/1076 1077/1077/1077
f 1078/1078/1078 1079/1079/1079 1080/1080/1080
f 1081/1081/1081 1082/1082/1082 1083/1083/1083
f 1084/1084/1084 1085/1085/1085 1086/1086/1086
f 1087/1087/1087 1088/1088/1088 1089/1089/1089
f 1090/1090/1090 1091/1091/1091 1092/1092/1092
f 1093/1093/1093 1094/1094/1094 1095/1095/1095
f 1096/1096/1096 1097/1097/1097 1098/1098/1098
f 1099/1099/1099 1100/1100/1100 1101/1101/1101
f 1102/1102/1102 1103/1103/1103 1104/1104/1104
f 1105/1105/1105 1106/1106/1106 1107/1107/1107
f 1108/1108/1108 1109/1109/1109 1110/1110/1110
f 1111/1111/1111 1112/1112/1112 1113/1113/1113
f 1114/1114/1114 1115/1115/1115 1116/1116/1116
f 1117/1117/1117 1118/1118/1118 1119/1119/1119
f 1120/1120/1120 1121/1121/1121 1122/1122/1122
f 1123/1123/1123 1124/1124/1124 1125/1125/1125
f 1126/1126/1126 1127/1127/1127 1128/1128/1128
f 1129/1129/1129 1130/1130/1130 1131/1131/1131
f 1132/1132/1132 1133/1133/1133 1134/1134/1134
f 1135/1135/1135 1136/1136/1136 1137/1137/1137
f 1138/1138/1138 1139/1139/1139 1140/1140/1140
f 1141/1141/1141 1142/1142/1142 1143/1143/1143
f 1144/1144/1144 1145/1145/1145 1146/1146/1146
f 1147/1147/1147 1148/1148/1148 1149/1149/1149
f 1150/1150/1150 1151/1151/1151 1152/1152/1152
f 1153/1153/1153 1154/1154/1154 1155/1155/1155
f 1156/1156/1156 1157/1157/1157 1158/1158/1158
f 1159/1159/1159 1160/1160/1160 1161/1161/1161
f 1162/1162/1162 1163/1163/1163 1164/1164/1164
f 1165/1165/1165 1166/1166/1166 1167/1167/1167
f 1168/1168/1168 1169/1169/1169 1170/1170/1170
f 1171/1171/1171 1172/1172/1172 1173/1173/1173
f 1174/1174/1174 1175/1175/1175 1176/1176/1176
f 1177/1177/1177 1178/1178/1178 1179/1179/1179
f 1180/1180/1180 1181/1181/1181 1182/1182/1182
f 1183/1183/1183 1184/1184/1184 1185/1185/1185
f 1186/1186/1186 1187/1187/1187 1188/1188/1188
f 1189/1189/1189 1190/1190/1190 1191/1191/1191
f 1192/1192/1192 1193/1193/1193 1194/1194/1194
f 1195/1195/1195 1196/1196/1196 1197/1197/1197
f 1198/1198/1198 1199/1199/1199 1200/1200/1200
f 1201/1201/1201 1202/1202/1202 1203/1203/1203
f 1204/1204/1204 1205/1205/1205 1206/1206/1206
f 1207/1207/1207 1208/1208/1208 1209/1209/1209
f 1210/1210/1210 1211/1211/1211 1212/1212/1212
f 1213/1213/1213 1214/1214/1214 1215/1215/1215
f 1216/1216/1216 1217/1217/1217 1218/1218/1218
f 1219/1219/1219 1220/1220/1220 1221/1221/1221
f 1222/1222/1222 1223/1223/1223 1224/1224/1224
f 1225/1225/1225 1226/1226/1226 1227/1227/1227
f 1228/1228/1228 1229/1229/1229 1230/1230/1230
f 1231/1231/1231 1232/1232/1232 1233/1233/1233
f 1234/1234/1234 1235/1235/1235 1236/1236/1236
f 1237/1237/1237 1238/1238/1238 1239/1239/1239
f 1240/1240/1240 1241/1241/1241 1242/1242/1242
f 1243/1243/1243 1244/1244/1244 1245/1245/1245
f 1246/1246/1246 1247/1247/1247 1248/1248/1248
f 1249/1249/1249 1250/1250/1250 1251/1251/1251
f 1252/1252/1252 1253/1253/1253 1254/1254/1254
f 1255/1255/1255 1256/1256/1256 1257/1257/1257
f 1258/1258/1258 1259/1259/1259 1260/1260/1260
f 1261/1261/1261 1262/1262/1262 1263/1263/1263
f 1264/1264/1264 1265/1265/1265 1266/1266/1266
f 1267/1267/1267 1268/1268/1268 1269/1269/1269
f 1270/1270/1270 1271/1271/1271 1272/1272/1272
f 1273/1273/1273 1274/1274/1274 1275/1275/1275
f 1276/1276/1276 1277/1277/1277 1278/1278/1278
f 1279/1279/1279 1280/1280/1280 1281/1281/1281
f 1282/1282/1282 1283/1283/1283 1284/1284/1284
f 1285/1285/1285 1286/1286/1286 1287/1287/1287
f 1288/1288/1288 1289/1289/1289 1290/1290/1290
f 1291/1291/1291 1292/1292/1292 1293/1293/1293
f 1294/1294/1294 1295/1295/1295 1296/1296/1296
f 1297/1297/1297 1298/1298/1298 1299/1299/1299
f 1300/1300/1300 1301/1301/1301 1302/1302/1302
f 1303/1303/1303 1304/1304/1304 1305/1305/1305
f 1306/1306/1306 1307/1307/1307 1308/1308/1308
f 1309/1309/1309 1310/1310/1310 1311/1311/1311
f 1312/1312/1312 1313/1313/1313 1314/1314/1314
f 1315/1315/1315 1316/1316/1316 1317/1317/1317
f 1318/1318/1318 1319/1319/1319 1320/1320/1320
f 1321/1321/1321 1322/1322/1322 1323/1323/1323
f 1324/1324/1324 1325/1325/1325 1326/1326/1326
f 1327/1327/1327 1328/1328/1328 1329/1329/1329
f 1330/1330/1330 1331/1331/1331 1332/1332/1332
f 1333/1333/1333 1334/1334/1334 1335/1335/1335
f 1336/1336/1336 1337/1337/1337 1338/1338/1338
f 1339/1339/1339 1340/1340/1340 1341/1341/1341
f 1342/1342/1342 1343/1343/1343 1344/1344/1344
f 1345/1345/1345 1346/1346/1346 1347/1347/1347
f 1348/1348/1348 1349/1349/1349 1350/1350/1350
f 1351/1351/1351 1352/1352/1352 1353/1353/1353
f 1354/1354/1354 1355/1355/1355 1356/1356/1356
f 1357/1357/1357 1358/1358/1358 1359/1359/1359
f 1360/1360/1360 1361/1361/1361 1362/1362/1362
f 1363/1363/1363 1364/1364/1364 1365/1365/1365
f 1366/1366/1366 1367/1367/1367 1368/1368/1368
f 1369/1369/1369 1370/1370/1370 1371/1371/1371
f 1372/1372/1372 1373/1373/1373 1374/1374/1374
f 1375/1375/1375 1376/1376/1376 1377/1377/1377
f 1378/1378/1378 1379/1379/1379 1380/1380/1380
f 1381/1381/1381 1382/1382/1382 1383/1383/1383
f 1384/1384/1384 1385/1385/1385 1386/1386/1386
f 1387/1387/1387 1388/1388/1388 1389/1389/1389
f 1390/1390/1390 1391/1391/1391 1392/1392/1392
f 1393/1393/1393 1394/1394/1394 1395/1395/1395
f 1396/1396/1396 1397/1397/1397 1398/1398/1398
f 1399/1399/1399 1400/1400/1400 1401/1401/1401
f 1402/1402/1402 1403/1403/1403 1404/1404/1404
f 1405/1405/1405 1406/1406/1406 1407/1407/1407
f 1408/1408/1408 1409/1409/1409 1410/1410/1410
f 1411/1411/1411 1412/1412/1412 1413/1413/1413
f 1414/1414/1414 1415/1415/1415 1416/1416/1416
f 1417/1417/1417 1418/1418/1418 1419/1419/1419
f 1420/1420/1420 1421/1421/1421 1422/1422/1422
f 1423/1423/1423 1424/1424/1424 1425/1425/1425
f 1426/1426/1426 1427/1427/1427 1428/1428/1428
f 1429/1429/1429 1430/1430/1430 1431/1431/1431
f 1432/1432/1432 1433/1433/1433 1434/1434/1434
f 1435/1435/1435 1436/1436/1436 1437/1437/1437
f 1438/1438/1438 1439/1439/1439 1440/1440/1440
f 1441/1441/1441 1442/1442/1442 1443/1443/1443
f 1444/1444/1444 1445/1445/1445 1446/1446/1446
f 1447/1447/1447 1448/1448/1448 1449/1449/1449
f 1450/1450/1450 1451/1451/1451 1452/1452/1452
f 1453/1453/1453 1454/1454/1454 1455/1455/1455
f 1456/1456/1456 1457/1457/1457 1458/1458/1458
f 1459/1459/1459 1460/1460/1460 1461/1461/1461
f 1462/1462/1462 1463/1463/1463 1464/1464/1464
f 1465/1465/1465 1466/1466/1466 1467/1467/1467
f 1468/1468/1468 1469/1469/1469 1470/1470/1470
f 1471/1471/1471 1472/1472/1472 1473/1473/1473
f 1474/1474/1474 1475/1475/1475 1476/1476/1476
f 1477/1477/1477 1478/1478/1478 1479/1479/1479
f 1480/1480/1480 1481/1481/1481 1482/1482/1482
f 1483/1483/1483 1484/1484/1484 1485/1485/1485
f 1486/1486/1486 1487/1487/1487 1488/1488/1488
f 1489/1489/1489 1490/1490/1490 1491/1491/1491
f 1492/1492/1492 1493/1493/1493 1494/1494/1494
f 1495/1495/1495 1496/1496/1496 1497/1497/1497
f 1498/1498/1498 1499/1499/1499 1500/1500/1500
f 1501/1501/1501 1502/1502/1502 1503/1503/1503
f 1504/1504/1504 1505/1505/1505 1506/1506/1506
f 1507/1507/1507 1508/1508/1508 1509/1509/1509
f 1510/1510/1510 1511/1511/1511 1512/1512/1512
f 1513/1513/1513 1514/1514/1514 1515/1515/1515
f 1516/1516/1516 1517/1517/1517 1518/1518/1518
f 1519/1519/1519 1520/1520/1520 1521/1521/1521
f 1522/1522/1522 1523/1523/1523 1524/1524/1524
f 1525/1525/1525 1526/1526/1526 1527/1527/1527
f 1528/1528/1528 1529/1529/1529 1530/1530/1530
f 1531/1531/1531 1532/1532/1532 1533/1533/1533
f 1534/1534/1534 1535/1535/1535 1536/1536/1536
f 1537/1537/1537 1538/1538/1538 1539/1539/1539
f 1540/1540/1540 1541/1541/1541 1542/1542/1542
f 1543/1543/1543 1544/1544/1544 1545/1545/1545
f 1546/1546/1546 1547/1547/1547 1548/1548/1548
f 1549/1549/1549 1550/1550/1550 1551/1551/1551
f 1552/1552/1552 1553/1553/1553 1554/1554/1554
f 1555/1555/1555 1556/1556/1556 1557/1557/1557
f 1558/1558/1558 1559/1559/1559 1560/1560/1560
f 1561/1561/1561 1562/1562/1562 1563/1563/1563
f 1564/1564/1564 1565/1565/1565 1566/1566/1566
f 1567/1567/1567 1568/1568/1568 1569/1569/1569
f 1570/1570/1570 1571/1571/1571 1572/1572/1572
f 1573/1573/1573 1574/1574/1574 1575/1575/1575
f 1576/1576/1576 1577/1577/1577 1578/1578/1578
f 1579/1579/1579 1580/1580/1580 1581/1581/1581
f 1582/1582/1582 1583/1583/1583 1584/1584/1584
f 1585/1585/1585 1586/1586/1586 1587/1587/1587
f 1588/1588/1588 1589/1589/1589 1590/1590/1590
f 1591/1591/1591 1592/1592/1592 1593/1593/1593
f 1594/1594/1594 1595/1595/1595 1596/1596/1596
f 1597/1597/1597 1598/1598/1598 1599/1599/1599
f 1600/1600/1600 1601/1601/1601 1602/1602/1602
f 1603/1603/1603 1604/1604/1604 1605/1605/1605
f 1606/1606/1606 1607/1607/1607 1608/1608/1608
f 1609/1609/1609 1610/1610/1610 1611/1611/1611
f 1612/1612/1612 1613/1613/1613 1614/1614/1614
f 1615/1615/1615 1616/1616/1616 1617/1617/1617
f 1618/1618/1618 1619/1619/1619 1620/1620/1620
f 1621/1621/1621 1622/1622/1622 1623/1623/1623
f 1624/1624/1624 1625/1625/1625 1626/1626/1626
f 1627/1627/1627 1628/1628/1628 1629/1629/1629
f 1630/1630/1630 1631/1631/1631 1632/1632/1632
f 1633/1633/1633 1634/1634/1634 1635/1635/1635
f 1636/1636/1636 1637/1637/1637 1638/1638/1638
f 1639/1639/1639 1640/1640/1640 1641/1641/1641
f 1642/1642/1642 1643/1643/1643 1644/1644/1644
f 1645/1645/1645 1646/1646/1646 1647/1647/1647
f 1648/1648/1648 1649/1649/1649 1650/1650/1650
f 1651/1651/1651 1652/1652/1652 1653/1653/1653
f 1654/1654/1654 1655/1655/1655 1656/1656/1656
f 1657/1657/1657 1658/1658/1658 1659/1659/1659
f 1660/1660/1660 1661/1661/1661 1662/1662/1662
f 1663/1663/1663 1664/1664/1664 1665/1665/1665
f 1666/1666/1666 1667/1667/1667 1668/1668/1668
f 1669/1669/1669 1670/1670/1670 1671/1671/1671
f 1672/1672/1672 1673/1673/1673 1674/1674/1674
f 1675/1675/1675 1676/1676/1676 1677/1677/1677
f 1678/1678/1678 1679/1679/1679 1680/1680/1680
f 1681/1681/1681 1682/1682/1682 1683/1683/1683
f 1684/1684/1684 1685/1685/1685 1686/1686/1686
f 1687/1687/1687 1688/1688/1688 1689/1689/1689
f 1690/1690/1690 1691/1691/1691 1692/1692/1692
f 1693/1693/1693 1694/1694/1694 1695/1695/1695
f 1696/1696/1696 1697/1697/1697 1698/1698/1698
f 1699/1699/1699 1700/1700/1700 1701/1701/1701
f 1702/1702/1702 1703/1703/1703 1704/1704/1704
f 1705/1705/1705 1706/1706/1706 1707/1707/1707
f 1708/1708/1708 1709/1709/1709 1710/1710/1710
f 1711/1711/1711 1712/1712/1712 1713/1713/1713
f 1714/1714/1714 1715/1715/1715 1716/1716/1716
f 1717/1717/1717 1718/1718/1718 1719/1719/1719
f 1720/1720/1720 1721/1721/1721 1722/1722/1722
f 1723/1723/1723 1724/1724/1724 1725/1725/1725
f 1726/1726/1726 1727/1727/1727 1728/1728/1728
f 1729/1729/1729 1730/1730/1730 1731/1731/1731
f 1732/1732/1732 1733/1733/1733 1734/1734/1734
f 1735/1735/1735 1736/1736/1736 1737/1737/1737
f 1738/1738/1738 1739/1739/1739 1740/1740/1740
f 1741/1741/1741 1742/1742/1742 1743/1743/1743
f 1744/1744/1744 1745/1745/1745 1746/1746/1746
f 1747/1747/1747 1748/1748/1748 1749/1749/1749
f 1750/1750/1750 1751/1751/1751 1752/1752/1752
f 1753/1753/1753 1754/1754/1754 1755/1755/1755
f 1756/1756/1756 1757/1757/1757 1758/1758/1758
f 1759/1759/1759 1760/1760/1760 1761/1761/1761
f 1762/1762/1762 1763/1763/1763 1764/1764/1764
f 1765/1765/1765 1766/1766/1766 1767/1767/1767
f 1768/1768/1768 1769/1769/1769 1770/1770/1770
f 1771/1771/1771 1772/1772/1772 1773/1773/1773
f 1774/1774/1774 1775/1775/1775 1776/1776/1776
f 1777/1777/1777 1778/1778/1778 1779/1779/1779
f 1780/1780/1780 1781/1781/1781 1782/1782/1782
f 1783/1783/1783 1784/1784/1784 1785/1785/1785
f 1786/1786/1786 1787/1787/1787 1788/1788/1788
f 1789/1789/1789 1790/1790/1790 1791/1791/1791
f 1792/1792/1792 1793/1793/1793 1794/1794/1794
f 1795/1795/1795 1796/1796/1796 1797/1797/1797
f 1798/1798/1798 1799/1799/1799 1800/1800/1800
f 1801/1801/1801 1802/1802/1802 1803/1803/1803
f 1804/1804/1804 1805/1805/1805 1806/1806/1806
f 1807/1807/1807 1808/1808/1808 1809/1809/1809
f 1810/1810/1810 1811/1811/1811 1812/1812/1812
f 1813/1813/1813 1814/1814/1814 1815/1815/1815
f 1816/1816/1816 1817/1817/1817 1818/1818/1818
f 1819/1819/1819 1820/1820/1820 1821/1821/1821
f 1822/1822/1822 1823/1823/1823 1824/1824/1824
f 1825/1825/1825 1826/1826/1826 1827/1827/1827
f 1828/1828/1828 1829/1829/1829 1830/1830/1830
f 1831/1831/1831 1832/1832/1832 1833/1833/1833
f 1834/1834/1834 1835/1835/1835 1836/1836/1836
f 1837/1837/1837 1838/1838/1838 1839/1839/1839
f 1840/1840/1840 1841/1841/1841 1842/1842/1842
f 1843/1843/1843 1844/1844/1844 1845/1845/1845
f 1846/1846/1846 1847/1847/1847 1848/1848/1848
f 1849/1849/1849 1850/1850/1850 1851/1851/1851
f 1852/1852/1852 1853/1853/1853 1854/1854/1854
f 1855/1855/1855 1856/1856/1856 1857/1857/1857
f 1858/1858/1858 1859/1859/1859 1860/1860/1860
f 1861/1861/1861 1862/1862/1862 1863/1863/1863
f 1864/1864/1864 1865/1865/1865 1866/1866/1866
f 1867/1867/1867 1868/1868/1868 1869/1869/1869
f 1870/1870/1870 1871/1871/1871 1872/1872/1872
f 1873/1873/1873 1874/1874/1874 1875/1875/1875
f 1876/1876/1876 1877/1877/1877 1878/1878/1878
f 1879/1879/1879 1880/1880/1880 1881/1881/1881
f 1882/1882/1882 1883/1883/1883 1884/1884/1884
f 1885/1885/1885 1886/1886/1886 1887/1887/1887
f 1888/1888/1888 1889/1889/1889 1890/1890/1890
f 1891/1891/1891 1892/1892/1892 1893/1893/1893
f 1894/1894/1894 1895/1895/1895 1896/1896/1896
f 1897/1897/1897 1898/1898/1898 1899/1899/1899
f 1900/1900/1900 1901/1901/1901 1902/1902/1902
f 1903/1903/1903 1904/1904/1904 1905/1905/1905
f 1906/1906/1906 1907/1907/1907 1908/1908/1908
f 1909/1909/1909 1910/1910/1910 1911/1911/1911
f 1912/1912/1912 1913/1913/1913 1914/1914/1914
f 1915/1915/1915 1916/1916/1916 1917/1917/1917
f 1918/1918/1918 1919/1919/1919 1920/1920/1920
f 1921/1921/1921 1922/1922/1922 1923/1923/1923
f 1924/1924/1924 1925/1925/1925 1926/1926/1926
f 1927/1927/1927 1928/1928/1928 1929/1929/1929
f 1930/1930/1930 1931/1931/1931 1932/1932/1932
f 1933/1933/1933 1934/1934/1934 1935/1935/1935
f 1936/1936/1936 1937/1937/1937 1938/1938/1938
f 1939/1939/1939 1940/1940/1940 1941/1941/1941
f 1942/1942/1942 1943/1943/1943 1944/1944/1944
f 1945/1945/1945 1946/1946/1946 1947/1947/1947
f 1948/1948/1948 1949/1949/1949 1950/1950/1950
f 1951/1951/1951 1952/1952/1952 1953/1953/1953
f 1954/1954/1954 1955/1955/1955 1956/1956/1956
f 1957/1957/1957 1958/1958/1958 1959/1959/1959
f 1960/1960/1960 1961/1961/1961 1962/1962/1962
f 1963/1963/1963 1964/1964/1964 1965/1965/1965
f 1966/1966/1966 1967/1967/1967 1968/1968/1968
f 1969/1969/1969 1970/1970/1970 1971/1971/1971
f 1972/1972/1972 1973/1973/1973 1974/1974/1974
f 1975/1975/1975 1976/1976/1976 1977/1977/1977
f 1978/1978/1978 1979/1979/1979 1980/1980/1980
f 1981/1981/1981 1982/1982/1982 1983/1983/1983
f 1984/1984/1984 1985/1985/1985 1986/1986/1986
f 1987/1987/1987 1988/1988/1988 1989/1989/1989
f 1990/1990/1990 1991/1991/1991 1992/1992/1992
f 1993/1993/1993 1994/1994/1994 1995/1995/1995
f 1996/1996/1996 1997/1997/1997 1998/1998/1998
f 1999/1999/1999 2000/2000/2000 2001/2001/2001
f 2002/2002/2002 2003/2003/2003 2004/2004/2004
f 2005/2005/2005 2006/2006/2006 2007/2007/2007
f 2008/2008/2008 2009/2009/2009 2010/2010/2010
f 2011/2011/2011 2012/2012/2012 2013/2013/2013
f 2014/2014/2014 2015/2015/2015 2016/2016/2016
f 2017/2017/2017 2018/2018/2018 2019/2019/2019
f 2020/2020/2020 2021/2021/2021 2022/2022/2022
f 2023/2023/2023 2024/2024/2024 2025/2025/2025
f 2026/2026/2026 2027/2027/2027 2028/2028/2028
f 2029/2029/2029 2030/2030/2030 2031/2031/2031
f 2032/2032/2032 2033/2033/2033 2034/2034/2034
f 2035/2035/2035 2036/2036/2036 2037/2037/2037
f 2038/2038/2038 2039/2039/2039 2040/2040/2040
f 2041/2041/2041 2042/2042/2042 2043/2043/2043
f 2044/2044/2044 2045/2045/2045 2046/2046/2046
f 2047/2047/2047 2048/2048/2048 2049/2049/2049
f 2050/2050/2050 2051/2051/2051 2052/2052/2052
f 2053/2053/2053 2054/2054/2054 2055/2055/2055
f 2056/2056/2056 2057/2057/2057 2058/2058/2058
f 2059/2059/2059 2060/2060/2060 2061/2061/2061
f 2062/2062/2062 2063/2063/2063 2064/2064/2064
f 2065/2065/2065 2066/2066/2066 2067/2067/2067
f 2068/2068/2068 2069/2069/2069 2070/2070/2070
f 2071/2071/2071 2072/2072/2072 2073/2073/2073
f 2074/2074/2074 2075/2075/2075 2076/2076/2076
f 2077/2077/2077 2078/2078/2078 2079/2079/2079
f 2080/2080/2080 2081/2081/2081 2082/2082/2082
f 2083/2083/2083 2084/2084/2084 2085/2085/2085
f 2086/2086/2086 2087/2087/2087 2088/2088/2088
f 2089/2089/2089 2090/2090/2090 2091/2091/2091
f 2092/2092/2092 2093/2093/2093 2094/2094/2094
f 2095/2095/2095 2096/2096/2096 2097/2097/2097
f 2098/2098/2098 2099/2099/2099 2100/2100/2100
f 2101/2101/2101 2102/2102/2102 2103/2103/2103
f 2104/2104/2104 2105/2105/2105 2106/2106/2106
f 2107/2107/2107 2108/2108/2108 2109/2109/2109
f 2110/2110/2110 2111/2111/2111 2112/2112/2112
f 2113/2113/2113 2114/2114/2114 2115/2115/2115
f 2116/2116/2116 2117/2117/2117 2118/2118/2118
f 2119/2119/2119 2120/2120/2120 2121/2121/2121
f 2122/2122/2122 2123/2123/2123 2124/2124/2124
f 2125/2125/2125 2126/2126/2126 2127/2127/2127
f 2128/2128/2128 2129/2129/2129 2130/2130/2130
f 2131/2131/2131 2132/2132/2132 2133/2133/2133
f 2134/2134/2134 2135/2135/2135 2136/2136/2136
f 2137/2137/2137 2138/2138/2138 2139/2139/2139
f 2140/2140/2140 2141/2141/2141 2142/2142/2142
f 2143/2143/2143 2144/2144/2144 2145/2145/2145
f 2146/2146/2146 2147/2147/2147 2148/2148/2148
f 2149/2149/2149 2150/2150/2150 2151/2151/2151
f 2152/2152/2152 2153/2153/2153 2154/2154/2154
f 2155/2155/2155 2156/2156/2156 2157/2157/2157
f 2158/2158/2158 2159/2159/2159 2160/2160/2160
f 2161/2161/2161 2162/2162/2162 2163/2163/2163
f 2164/2164/2164 2165/2165/2165 2166/2166/2166
f 2167/2167/2167 2168/2168/2168 2169/2169/2169
f 2170/2170/2170 2171/2171/2171 2172/2172/2172
f 2173/2173/2173 2174/2174/2174 2175/2175/2175
f 2176/2176/2176 2177/2177/2177 2178/2178/2178
f 2179/2179/2179 2180/2180/2180 2181/2181/2181
f 2182/2182/2182 2183/2183/2183 2184/2184/2184
f 2185/2185/2185 2186/2186/2186 2187/2187/2187
f 2188/2188/2188 2189/2189/2189 2190/2190/2190
f 2191/2191/2191 2192/2192/2192 2193/2193/2193
f 2194/2194/2194 2195/2195/2195 2196/2196/2196
f 2197/2197/2197 2198/2198/2198 2199/2199/2199
f 2200/2200/2200 2201/2201/2201 2202/2202/2202
f 2203/2203/2203 2204/2204/2204 2205/2205/2205
f 2206/2206/2206 2207/2207/2207 2208/2208/2208
f 2209/2209/2209 2210/2210/2210 2211/2211/2211
f 2212/2212/2212 2213/2213/2213 2214/2214/2214
f 2215/2215/2215 2216/2216/2216 2217/2217/2217
f 2218/2218/2218 2219/2219/2219 2220/2220/2220
f 2221/2221/2221 2222/2222/2222 2223/2223/2223
f 2224/2224/2224 2225/2225/2225 2226/2226/2226
f 2227/2227/2227 2228/2228/2228 2229/2229/2229
f 2230/2230/2230 2231/2231/2231 2232/2232/2232
f 2233/2233/2233 2234/2234/2234 2235/2235/2235
f 2236/2236/2236 2237/2237/2237 2238/2238/2238
f 2239/2239/2239 2240/2240/2240 2241/2241/2241
f 2242/2242/2242 2243/2243/2243 2244/2244/2244
f 2245/2245/2245 2246/2246/2246 2247/2247/2247
f 2248/2248/2248 2249/2249/2249 2250/2250/2250
f 2251/2251/2251 2252/2252/2252 2253/2253/2253
f 2254/2254/2254 2255/2255/2255 2256/2256/2256
f 2257/2257/2257 2258/2258/2258 2259/2259/2259
f 2260/2260/2260 2261/2261/2261 2262/2262/2262
f 2263/2263/2263 2264/2264/2264 2265/2265/2265
f 2266/2266/2266 2267/2267/2267 2268/2268/2268
f 2269/2269/2269 2270/2270/2270 2271/2271/2271
f 2272/2272/2272 2273/2273/2273 2274/2274/2274
f 2275/2275/2275 2276/2276/2276 2277/2277/2277
f 2278/2278/2278 2279/2279/2279 2280/2280/2280
f 2281/2281/2281 2282/2282/2282 2283/2283/2283
f 2284/2284/2284 2285/2285/2285 2286/2286/2286
f 2287/2287/2287 2288/2288/2288 2289/2289/2289
f 2290/2290/2290 2291/2291/2291 2292/2292/2292
f 2293/2293/2293 2294/2294/2294 2295/2295/2295
f 2296/2296/2296 2297/2297/2297 2298/2298/2298
f 2299/2299/2299 2300/2300/2300 2301/2301/2301
f 2302/2302/2302 2303/2303/2303 2304/2304/2304
f 2305/2305/2305 2306/2306/2306 2307/2307/2307
f 2308/2308/2308 2309/2309/2309 2310/2310/2310
f 2311/2311/2311 2312/2312/2312 2313/2313/2313
f 2314/2314/2314 2315/2315/2315 2316/2316/2316
f 2317/2317/2317 2318/2318/2318 2319/2319/2319
f 2320/2320/2320 2321/2321/2321 2322/2322/2322
f 2323/2323/2323 2324/2324/2324 2325/2325/2325
f 2326/2326/2326 2327/2327/2327 2328/2328/2328
f 2329/2329/2329 2330/2330/2330 2331/2331/2331
f 2332/2332/2332 2333/2333/2333 2334/2334/2334
f 2335/2335/2335 2336/2336/2336 2337/2337/2337
f 2338/2338/2338 2339/2339/2339 2340/2340/2340
f 2341/2341/2341 2342/2342/2342 2343/2343/2343
f 2344/2344/2344 2345/2345/2345 2346/2346/2346
f 2347/2347/2347 2348/2348/2348 2349/2349/2349
f 2350/2350/2350 2351/2351/2351 2352/2352/2352
f 2353/2353/2353 2354/2354/2354 2355/2355/2355
f 2356/2356/2356 2357/2357/2357 2358/2358/2358
f 2359/2359/2359 2360/2360/2360 2361/2361/2361
f 2362/2362/2362 2363/2363/2363 2364/2364/2364
f 2365/2365/2365 2366/2366/2366 2367/2367/2367
f 2368/2368/2368 2369/2369/2369 2370/2370/2370
f 2371/2371/2371 2372/2372/2372 2373/2373/2373
f 2374/2374/2374 2375/2375/2375 2376/2376/2376
f 2377/2377/2377 2378/2378/2378 2379/2379/2379
f 2380/2380/2380 2381/2381/2381 2382/2382/2382
f 2383/2383/2383 2384/2384/2384 2385/2385/2385
f 2386/2386/2386 2387/2387/2387 2388/2388/2388
f 2389/2389/2389 2390/2390/2390 2391/2391/2391
f 2392/2392/2392 2393/2393/2393 2394/2394/2394
f 2395/2395/2395 2396/2396/2396 2397/2397/2397
f 2398/2398/2398 2399/2399/2399 2400/2400/2400
f 2401/2401/2401 2402/2402/2402 2403/2403/2403
f 2404/2404/2404 2405/2405/2405 2406/2406/2406
f 2407/2407/2407 2408/2408/2408 2409/2409/2409
f 2410/2410/2410 2411/2411/2411 2412/2412/2412
f 2413/2413/2413 2414/2414/2414 2415/2415/2415
f 2416/2416/2416 2417/2417/2417 2418/2418/2418
f 2419/2419/2419 2420/2420/2420 2421/2421/2421
f 2422/2422/2422 2423/2423/2423 2424/2424/2424
f 2425/2425/2425 2426/2426/2426 2427/2427/2427
f 2428/2428/2428 2429/2429/2429 2430/2430/2430
f 2431/2431/2431 2432/2432/2432 2433/2433/2433
f 2434/2434/2434 2435/2435/2435 2436/2436/2436
f 2437/2437/2437 2438/2438/2438 2439/2439/2439
f 2440/2440/2440 2441/2441/2441 2442/2442/2442
f 2443/2443/2443 2444/2444/2444 2445/2445/2445
f 2446/2446/2446 2447/2447/2447 2448/2448/2448
f 2449/2449/2449 2450/2450/2450 2451/2451/2451
f 2452/2452/2452 2453/2453/2453 2454/2454/2454
f 2455/2455/2455 2456/2456/2456 2457/2457/2457
f 2458/2458/2458 2459/2459/2459 2460/2460/2460
f 2461/2461/2461 2462/2462/2462 2463/2463/2463
f 2464/2464/2464 2465/2465/2465 2466/2466/2466
f 2467/2467/2467 2468/2468/2468 2469/2469/2469
f 2470/2470/2470 2471/2471/2471 2472/2472/2472
f 2473/2473/2473 2474/2474/2474 2475/2475/2475
f 2476/2476/2476 2477/2477/2477 2478/2478/2478
f 2479/2479/2479 2480/2480/2480 2481/2481/2481
f 2482/2482/2482 2483/2483/2483 2484/2484/2484
f 2485/2485/2485 2486/2486/2486 2487/2487/2487
f 2488/2488/2488 2489/2489/2489 2490/2490/2490
f 2491/2491/2491 2492/2492/2492 2493/2493/2493
f 2494/2494/2494 2495/2495/2495 2496/2496/2496
f 2497/2497/2497 2498/2498/2498 2499/2499/2499
f 2500/2500/2500 2501/2501/2501 2502/2502/2502
f 2503/2503/2503 2504/2504/2504 2505/2505/2505
f 2506/2506/2506 2507/2507/2507 2508/2508/2508
f 2509/2509/2509 2510/2510/2510 2511/2511/2511
f 2512/2512/2512 2513/2513/2513 2514/2514/2514
f 2515/2515/2515 2516/2516/2516 2517/2517/2517
f 2518/2518/2518 2519/2519/2519 2520/2520/2520
f 2521/2521/2521 2522/2522/2522 2523/2523/2523
f 2524/2524/2524 2525/2525/2525 2526/2526/2526
f 2527/2527/2527 2528/2528/2528 2529/2529/2529
f 2530/2530/2530 2531/2531/2531 2532/2532/2532
f 2533/2533/2533 2534/2534/2534 2535/2535/2535
f 2536/2536/2536 2537/2537/2537 2538/2538/2538
f 2539/2539/2539 2540/2540/2540 2541/2541/2541
f 2542/2542/2542 2543/2543/2543 2544/2544/2544
f 2545/2545/2545 2546/2546/2546 2547/2547/2547
f 2548/2548/2548 2549/2549/2549 2550/2550/2550
f 2551/2551/2551 2552/2552/2552 2553/2553/2553
f 2554/2554/2554 2555/2555/2555 2556/2556/2556
f 2557/2557/2557 2558/2558/2558 2559/2559/2559
f 2560/2560/2560 2561/2561/2561 2562/2562/2562
f 2563/2563/2563 2564/2564/2564 2565/2565/2565
f 2566/2566/2566 2567/2567/2567 2568/2568/2568
f 2569/2569/2569 2570/2570/2570 2571/2571/2571
f 2572/2572/2572 2573/2573/2573 2574/2574/2574
f 2575/2575/2575 2576/2576/2576 2577/2577/2577
f 2578/2578/2578 2579/2579/2579 2580/2580/2580
f 2581/2581/2581 2582/2582/2582 2583/2583/2583
f 2584/2584/2584 2585/2585/2585 2586/2586/2586
f 2587/2587/2587 2588/2588/2588 2589/2589/2589
f 2590/2590/2590 2591/2591/2591 2592/2592/2592
f 2593/2593/2593 2594/2594/2594 2595/2595/2595
f 2596/2596/2596 2597/2597/2597 2598/2598/2598
f 2599/2599/2599 2600/2600/2600 2601/2601/2601
f 2602/2602/2602 2603/2603/2603 2604/2604/2604
f 2605/2605/2605 2606/2606/2606 2607/2607/2607
f 2608/2608/2608 2609/2609/2609 2610/2610/2610
f 2611/2611/2611 2612/2612/2612 2613/2613/2613
f 2614/2614/2614 2615/2615/2615 2616/2616/2616
f 2617/2617/2617 2618/2618/2618 2619/2619/2619
f 2620/2620/2620 2621/2621/2621 2622/2622/2622
f 2623/2623/2623 2624/2624/2624 2625/2625/2625
f 2626/2626/2626 2627/2627/2627 2628/2628/2628
f 2629/2629/2629 2630/2630/2630 2631/2631/2631
f 2632/2632/2632 2633/2633/2633 2634/2634/2634
f 2635/2635/2635 2636/2636/2636 2637/2637/2637
f 2638/2638/2638 2639/2639/2639 2640/2640/2640
f 2641/2641/2641 2642/2642/2642 2643/2643/2643
f 2644/2644/2644 2645/2645/2645 2646/2646/2646
f 2647/2647/2647 2648/2648/2648 2649/2649/2649
f 2650/2650/2650 2651/2651/2651 2652/2652/2652
f 2653/2653/2653 2654/2654/2654 2655/2655/2655
f 2656/2656/2656 2657/2657/2657 2658/2658/2658
f 2659/2659/2659 2660/2660/2660 2661/2661/2661
f 2662/2662/2662 2663/2663/2663 2664/2664/2664
f 2665/2665/2665 2666/2666/2666 2667/2667/2667
f 2668/2668/2668 2669/2669/2669 2670/2670/2670
f 2671/2671/2671 2672/2672/2672 2673/2673/2673
f 2674/2674/2674 2675/2675/2675 2676/2676/2676
f 2677/2677/2677 2678/2678/2678 2679/2679/2679
f 2680/2680/2680 2681/2681/2681 2682/2682/2682
f 2683/2683/2683 2684/2684/2684 2685/2685/2685
f 2686/2686/2686 2687/2687/2687 2688/2688/2688
f 2689/2689/2689 2690/2690/2690 2691/2691/2691
f 2692/2692/2692 2693/2693/2693 2694/2694/2694
f 2695/2695/2695 2696/2696/2696 2697/2697/2697
f 2698/2698/2698 2699/2699/2699 2700/2700/2700
f 2701/2701/2701 2702/2702/2702 2703/2703/2703
f 2704/2704/2704 2705/2705/2705 2706/2706/2706
f 2707/2707/2707 2708/2708/2708 2709/2709/2709
f 2710/2710/2710 2711/2711/2711 2712/2712/2712
f 2713/2713/2713 2714/2714/2714 2715/2715/2715
f 2716/2716/2716 2717/2717/2717 2718/2718/2718
f 2719/2719/2719 2720/2720/2720 2721/2721/2721
f 2722/2722/2722 2723/2723/2723 2724/2724/2724
f 2725/2725/2725 2726/2726/2726 2727/2727/2727
f 2728/2728/2728 2729/2729/2729 2730/2730/2730
f 2731/2731/2731 2732/2732/2732 2733/2733/2733
f 2734/2734/2734 2735/2735/2735 2736/2736/2736
f 2737/2737/2737 2738/2738/2738 2739/2739/2739
f 2740/2740/2740 2741/2741/2741 2742/2742/2742
f 2743/2743/2743 2744/2744/2744 2745/2745/2745
f 2746/2746/2746 2747/2747/2747 2748/2748/2748
f 2749/2749/2749 2750/2750/2750 2751/2751/2751
f 2752/2752/2752 2753/2753/2753 2754/2754/2754
f 2755/2755/2755 2756/2756/2756 2757/2757/2757
f 2758/2758/2758 2759/2759/2759 2760/2760/2760
f 2761/2761/2761 2762/2762/2762 2763/2763/2763
f 2764/2764/2764 2765/2765/2765 2766/2766/2766
f 2767/2767/2767 2768/2768/2768 2769/2769/2769
f 2770/2770/2770 2771/2771/2771 2772/2772/2772
f 2773/2773/2773 2774/2774/2774 2775/2775/2775
f 2776/2776/2776 2777/2777/2777 2778/2778/2778
f 2779/2779/2779 2780/2780/2780 2781/2781/2781
f 2782/2782/2782 2783/2783/2783 2784/2784/2784
f 2785/2785/2785 2786/2786/2786 2787/2787/2787
f 2788/2788/2788 2789/2789/2789 2790/2790/2790
f 2791/2791/2791 2792/2792/2792 2793/2793/2793
f 2794/2794/2794 2795/2795/2795 2796/2796/2796
f 2797/2797/2797 2798/2798/2798 2799/2799/2799
f 2800/2800/2800 2801/2801/2801 2802/2802/2802
f 2803/2803/2803 2804/2804/2804 2805/2805/2805
f 2806/2806/2806 2807/2807/2807 2808/2808/2808
f 2809/2809/2809 2810/2810/2810 2811/2811/2811
f 2812/2812/2812 2813/2813/2813 2814/2814/2814
f 2815/2815/2815 2816/2816/2816 2817/2817/2817
f 2818/2818/2818 2819/2819/2819 2820/2820/2820
f 2821/2821/2821 2822/2822/2822 2823/2823/2823
f 2824/2824/2824 2825/2825/2825 2826/2826/2826
f 2827/2827/2827 2828/2828/2828 2829/2829/2829
f 2830/2830/2830 2831/2831/2831 2832/2832/2832
f 2833/2833/2833 2834/2834/2834 2835/2835/2835
f 2836/2836/2836 2837/2837/2837 2838/2838/2838
f 2839/2839/2839 2840/2840/2840 2841/2841/2841
f 2842/2842/2842 2843/2843/2843 2844/2844/2844
f 2845/2845/2845 2846/2846/2846 2847/2847/2847
f 2848/2848/2848 2849/2849/2849 2850/2850/2850
f 2851/2851/2851 2852/2852/2852 2853/2853/2853
f 2854/2854/2854 2855/2855/2855 2856/2856/2856
f 2857/2857/2857 2858/2858/2858 2859/2859/2859
f 2860/2860/2860 2861/2861/2861 2862/2862/2862
f 2863/2863/2863 2864/2864/2864 2865/2865/2865
f 2866/2866/2866 2867/2867/2867 2868/2868/2868
f 2869/2869/2869 2870/2870/2870 2871/2871/2871
f 2872/2872/2872 2873/2873/2873 2874/2874/2874
f 2875/2875/2875 2876/2876/2876 2877/2877/2877
f 2878/2878/2878 2879/2879/2879 2880/2880/2880
f 2881/2881/2881 2882/2882/2882 2883/2883/2883
f 2884/2884/2884 2885/2885/2885 2886/2886/2886
f 2887/2887/2887 2888/2888/2888 2889/2889/2889
f 2890/2890/2890 2891/2891/2891 2892/2892/2892
f 2893/2893/2893 2894/2894/2894 2895/2895/2895
f 2896/2896/2896 2897/2897/2897 2898/2898/2898
f 2899/2899/2899 2900/2900/2900 2901/2901/2901
f 2902/2902/2902 2903/2903/2903 2904/2904/2904
f 2905/2905/2905 2906/2906/2906 2907/2907/2907
f 2908/2908/2908 2909/2909/2909 2910/2910/2910
f 2911/2911/2911 2912/2912/2912 2913/2913/2913
f 2914/2914/2914 2915/2915/2915 2916/2916/2916
f 2917/2917/2917 2918/2918/2918 2919/2919/2919
f 2920/2920/2920 2921/2921/2921 2922/2922/2922
f 2923/2923/2923 2924/2924/2924 2925/2925/2925
f 2926/2926/2926 2927/2927/2927 2928/2928/2928
f 2929/2929/2929 2930/2930/2930 2931/2931/2931
f 2932/2932/2932 2933/2933/2933 2934/2934/2934
f 2935/2935/2935 2936/2936/2936 2937/2937/2937
f 2938/2938/2938 2939/2939/2939 2940/2940/2940
f 2941/2941/2941 2942/2942/2942 2943/2943/2943
f 2944/2944/2944 2945/2945/2945 2946/2946/2946
f 2947/2947/2947 2948/2948/2948 2949/2949/2949
f 2950/2950/2950 2951/2951/2951 2952/2952/2952
f 2953/2953/2953 2954/2954/2954 2955/2955/2955
f 2956/2956/2956 2957/2957/2957 2958/2958/2958
f 2959/2959/2959 2960/2960/2960 2961/2961/2961
f 2962/2962/2962 2963/2963/2963 2964/2964/2964
f 2965/2965/2965 2966/2966/2966 2967/2967/2967
f 2968/2968/2968 2969/2969/2969 2970/2970/2970
f 2971/2971/2971 2972/2972/2972 2973/2973/2973
f 2974/2974/2974 2975/2975/2975 2976/2976/2976
f 2977/2977/2977 2978/2978/2978 2979/2979/2979
f 2980/2980/2980 2981/2981/2981 2982/2982/2982
f 2983/2983/2983 2984/2984/2984 2985/2985/2985
f 2986/2986/2986 2987/2987/2987 2988/2988/2988
f 2989/2989/2989 2990/2990/2990 2991/2991/2991
f 2992/2992/2992 2993/2993/2993 2994/2994/2994
f 2995/2995/2995 2996/2996/2996 2997/2997/2997
f 2998/2998/2998 2999/2999/2999 3000/3000/3000
f 3001/3001/3001 3002/3002/3002 3003/3003/3003
f 3004/3004/3004 3005/3005/3005 3006/3006/3006
f 3007/3007/3007 3008/3008/3008 3009/3009/3009
f 3010/3010/3010 3011/3011/3011 3012/3012/3012
f 3013/3013/3013 3014/3014/3014 3015/3015/3015
f 3016/3016/3016 3017/3017/3017 3018/3018/3018
f 3019/3019/3019 3020/3020/3020 3021/3021/3021
f 3022/3022/3022 3023/3023/3023 3024/3024/3024
f 3025/3025/3025 3026/3026/3026 3027/3027/3027
f 3028/3028/3028 3029/3029/3029 3030/3030/3030
f 3031/3031/3031 3032/3032/3032 3033/3033/3033
f 3034/3034/3034 3035/3035/3035 3036/3036/3036
f 3037/3037/3037 3038/3038/3038 3039/3039/3039
f 3040/3040/3040 3041/3041/3041 3042/3042/3042
f 3043/3043/3043 3044/3044/3044 3045/3045/3045
f 3046/3046/3046 3047/3047/3047 3048/3048/3048
f 3049/3049/3049 3050/3050/3050 3051/3051/3051
f 3052/3052/3052 3053/3053/3053 3054/3054/3054
f 3055/3055/3055 3056/3056/3056 3057/3057/3057
f 3058/3058/3058 3059/3059/3059 3060/3060/3060
f 3061/3061/3061 3062/3062/3062 3063/3063/3063
f 3064/3064/3064 3065/3065/3065 3066/3066/3066
f 3067/3067/3067 3068/3068/3068 3069/3069/3069
f 3070/3070/3070 3071/3071/3071 3072/3072/3072
f 3073/3073/3073 3074/3074/3074 3075/3075/3075
f 3076/3076/3076 3077/3077/3077 3078/3078/3078
f 3079/3079/3079 3080/3080/3080 3081/3081/3081
f 3082/3082/3082 3083/3083/3083 3084/3084/3084
f 3085/3085/3085 3086/3086/3086 3087/3087/3087
f 3088/3088/3088 3089/3089/3089 3090/3090/3090
f 3091/3091/3091 3092/3092/3092 3093/3093/3093
f 3094/3094/3094 3095/3095/3095 3096/3096/3096
f 3097/3097/3097 3098/3098/3098 3099/3099/3099
f 3100/3100/3100 3101/3101/3101 3102/3102/3102
f 3103/3103/3103 3104/3104/3104 3105/3105/3105
f 3106/3106/3106 3107/3107/3107 3108/3108/3108
f 3109/3109/3109 3110/3110/3110 3111/3111/3111
f 3112/3112/3112 3113/3113/3113 3114/3114/3114
f 3115/3115/3115 3116/3116/3116 3117/3117/3117
f 3118/3118/3118 3119/3119/3119 3120/3120/3120
f 3121/3121/3121 3122/3122/3122 3123/3123/3123
f 3124/3124/3124 3125/3125/3125 3126/3126/3126
f 3127/3127/3127 3128/3128/3128 3129/3129/3129
f 3130/3130/3130 3131/3131/3131 3132/3132/3132
f 3133/3133/3133 3134/3134/3134 3135/3135/3135
f 3136/3136/3136 3137/3137/3137 3138/3138/3138
f 3139/3139/3139 3140/3140/3140 3141/3141/3141
f 3142/3142/3142 3143/3143/3143 3144/3144/3144
f 3145/3145/3145 3146/3146/3146 3147/3147/3147
f 3148/3148/3148 3149/3149/3149 3150/3150/3150
f 3151/3151/3151 3152/3152/3152 3153/3153/3153
f 3154/3154/3154 3155/3155/3155 3156/3156/3156
f 3157/3157/3157 3158/3158/3158 3159/3159/3159
f 3160/3160/3160 3161/3161/3161 3162/3162/3162
f 3163/3163/3163 3164/3164/3164 3165/3165/3165
f 3166/3166/3166 3167/3167/3167 3168/3168/3168
f 3169/3169/3169 3170/3170/3170 3171/3171/3171
f 3172/3172/3172 3173/3173/3173 3174/3174/3174
f 3175/3175/3175 3176/3176/3176 3177/3177/3177
f 3178/3178/3178 3179/3179/3179 3180/3180/3180
f 3181/3181/3181 3182/3182/3182 3183/3183/3183
f 3184/3184/3184 3185/3185/3185 3186/3186/3186
f 3187/3187/3187 3188/3188/3188 3189/3189/3189
f 3190/3190/3190 3191/3191/3191 3192/3192/3192
f 3193/3193/3193 3194/3194/3194 3195/3195/3195
f 3196/3196/3196 3197/3197/3197 3198/3198/3198
f 3199/3199/3199 3200/3200/3200 3201/3201/3201
f 3202/3202/3202 3203/3203/3203 3204/3204/3204
f 3205/3205/3205 3206/3206/3206 3207/3207/3207
f 3208/3208/3208 3209/3209/3209 3210/3210/3210
f 3211/3211/3211 3212/3212/3212 3213/3213/3213
f 3214/3214/3214 3215/3215/3215 3216/3216/3216
f 3217/3217/3217 3218/3218/3218 3219/3219/3219
f 3220/3220/3220 3221/3221/3221 3222/3222/3222
f 3223/3223/3223 3224/3224/3224 3225/3225/3225
f 3226/3226/3226 3227/3227/3227 3228/3228/3228
f 3229/3229/3229 3230/3230/3230 3231/3231/3231
f 3232/3232/3232 3233/3233/3233 3234/3234/3234
f 3235/3235/3235 3236/3236/3236 3237/3237/3237
f 3238/3238/3238 3239/3239/3239 3240/3240/3240
f 3241/3241/3241 3242/3242/3242 3243/3243/3243
f 3244/3244/3244 3245/3245/3245 3246/3246/3246
f 3247/3247/3247 3248/3248/3248 3249/3249/3249
f 3250/3250/3250 3251/3251/3251 3252/3252/3252
f 3253/3253/3253 3254/3254/3254 3255/3255/3255
f 3256/3256/3256 3257/3257/3257 3258/3258/3258
f 3259/3259/3259 3260/3260/3260 3261/3261/3261
f 3262/3262/3262 3263/3263/3263 3264/3264/3264
f 3265/3265/3265 3266/3266/3266 3267/3267/3267
f 3268/3268/3268 3269/3269/3269 3270/3270/3270
f 3271/3271/3271 3272/3272/3272 3273/3273/3273
f 3274/3274/3274 3275/3275/3275 3276/3276/3276
f 3277/3277/3277 3278/3278/3278 3279/3279/3279
f 3280/3280/3280 3281/3281/3281 3282/3282/3282
f 3283/3283/3283 3284/3284/3284 3285/3285/3285
f 3286/3286/3286 3287/3287/3287 3288/3288/3288
f 3289/3289/3289 3290/3290/3290 3291/3291/3291
f 3292/3292/3292 3293/3293/3293 3294/3294/3294
f 3295/3295/3295 3296/3296/3296 3297/3297/3297
f 3298/3298/3298 3299/3299/3299 3300/3300/3300
f 3301/3301/3301 3302/3302/3302 3303/3303/3303
f 3304/3304/3304 3305/3305/3305 3306/3306/3306
f 3307/3307/3307 3308/3308/3308 3309/3309/3309
f 3310/3310/3310 3311/3311/3311 3312/3312/3312
f 3313/3313/3313 3314/3314/3314 3315/3315/3315
f 3316/3316/3316 3317/3317/3317 3318/3318/3318
f 3319/3319/3319 3320/3320/3320 3321/3321/3321
f 3322/3322/3322 3323/3323/3323 3324/3324/3324
f 3325/3325/3325 3326/3326/3326 3327/3327/3327
f 3328/3328/3328 3329/3329/3329 3330/3330/3330
f 3331/3331/3331 3332/3332/3332 3333/3333/3333
f 3334/3334/3334 3335/3335/3335 3336/3336/3336
f 3337/3337/3337 3338/3338/3338 3339/3339/3339
f 3340/3340/3340 3341/3341/3341 3342/3342/3342
f 3343/3343/3343 3344/3344/3344 3345/3345/3345
f 3346/3346/3346 3347/3347/3347 3348/3348/3348
f 3349/3349/3349 3350/3350/3350 3351/3351/3351
f 3352/3352/3352 3353/3353/3353 3354/3354/3354
f 3355/3355/3355 3356/3356/3356 3357/3357/3357
f 3358/3358/3358 3359/3359/3359 3360/3360/3360
f 3361/3361/3361 3362/3362/3362 3363/3363/3363
f 3364/3364/3364 3365/3365/3365 3366/3366/3366
f 3367/3367/3367 3368/3368/3368 3369/3369/3369
f 3370/3370/3370 3371/3371/3371 3372/3372/3372
f 3373/3373/3373 3374/3374/3374 3375/3375/3375
f 3376/3376/3376 3377/3377/3377 3378/3378/3378
f 3379/3379/3379 3380/3380/3380 3381/3381/3381
f 3382/3382/3382 3383/3383/3383 3384/3384/3384
f 3385/3385/3385 3386/3386/3386 3387/3387/3387
f 3388/3388/3388 3389/3389/3389 3390/3390/3390
f 3391/3391/3391 3392/3392/3392 3393/3393/3393
f 3394/3394/3394 3395/3395/3395 3396/3396/3396
